{"type": "FeatureCollection", "features": [{"type": "Feature", "geometry": {"type": "MultiPolygon", "coordinates": [[[[-9316875.008, 5293033.700101105], [-9316875.190799996, 5293078.65629836], [-9316857.6496, 5293078.766302679], [-9316857.717499996, 5293033.728797882], [-9316875.008, 5293033.700101105]]], [[[-9316908.5473, 5293247.827720399], [-9316891.422199998, 5293247.982762741], [-9316891.318399997, 5293187.86060835], [-9316908.1926, 5293187.828623387], [-9316908.5473, 5293247.827720399]]], [[[-9316793.942499999, 5293230.497353461], [-9316840.652999999, 5293229.870308801], [-9316840.671599997, 5293248.411022409], [-9316793.9196, 5293248.996018327], [-9316793.942499999, 5293230.497353461]]], [[[-9317009.7829, 5293311.672787384], [-9316993.615799999, 5293311.835701434], [-9316977.575, 5293311.832811817], [-9316959.867399998, 5293311.858419722], [-9316943.16, 5293311.850149469], [-9316926.702499997, 5293311.843971688], [-9316908.993899997, 5293311.994430525], [-9316892.1198, 5293311.984864931], [-9316876.370299999, 5293312.025817632], [-9316859.079699997, 5293312.01276459], [-9316841.414099997, 5293311.996821929], [-9316841.481299996, 5293303.581090803], [-9316841.537799997, 5293286.501720357], [-9316841.599200001, 5293267.917462823], [-9317027.551799996, 5293267.316723525], [-9317027.4902, 5293311.688730038], [-9317009.7829, 5293311.672787384]]], [[[-9316841.172499998, 5293357.909389102], [-9316795.0065, 5293358.082366963], [-9316794.848399999, 5293341.373562989], [-9316841.178999996, 5293341.451881308], [-9316841.172499998, 5293357.909389102]]], [[[-9317044.5517, 5293424.236135884], [-9317028.217899997, 5293424.356104399], [-9317027.206399996, 5293378.724922821], [-9317044.373199996, 5293378.611630299], [-9317044.5517, 5293424.236135884]]], [[[-9317012.341299998, 5293424.646360468], [-9317012.524899999, 5293469.604464438], [-9316996.2339, 5293469.5996816475], [-9316996.297999995, 5293424.935221544], [-9317012.341299998, 5293424.646360468]]], [[[-9316910.234599996, 5293469.87260007], [-9316893.235299999, 5293469.861938412], [-9316893.5826, 5293426.324624398], [-9316910.041299999, 5293426.205851579], [-9316910.234599996, 5293469.87260007]]], [[[-9316845.314299997, 5293668.974829098], [-9316845.033400001, 5293651.97277578], [-9316845.051999997, 5293649.639666651], [-9316844.964499995, 5293644.930702151], [-9316844.9214, 5293634.680566196], [-9316853.2176, 5293634.080026006], [-9316853.324699996, 5293599.789948989], [-9316862.7416, 5293599.740028519], [-9316878.909299996, 5293599.577313728], [-9316879.135199996, 5293644.370118256], [-9316879.344599998, 5293685.996213141], [-9316863.0106, 5293686.115783108], [-9316845.592899999, 5293686.268334471], [-9316845.314299997, 5293668.974829098]]], [[[-9316946.5153, 5293685.406832796], [-9316945.891800001, 5293643.402498257], [-9316963.185399998, 5293643.123601289], [-9316963.099399999, 5293685.2890563635], [-9316946.5153, 5293685.406832796]]], [[[-9317029.726499997, 5293705.861170781], [-9317046.727499997, 5293705.7049326645], [-9317046.901699996, 5293751.872696039], [-9317030.0672, 5293752.030329138], [-9317029.726499997, 5293705.861170781]]], [[[-9317119.3528, 5293752.740873767], [-9317101.6437, 5293752.849981375], [-9317101.353000002, 5293705.59791754], [-9317119.020599999, 5293705.446761155], [-9317119.3528, 5293752.740873767]]], [[[-9317086.036499998, 5293907.726399717], [-9317070.158999996, 5293908.016655901], [-9317070.229399994, 5293862.51668538], [-9317085.7318, 5293862.223439971], [-9317102.607899996, 5293862.107855648], [-9317120.442500003, 5293861.958094221], [-9317136.609299997, 5293861.9615816865], [-9317136.915499996, 5293907.297641643], [-9317120.747299999, 5293907.460755048], [-9317102.4963, 5293907.565578072], [-9317086.036499998, 5293907.726399717]]], [[[-9316799.845699996, 5293894.653114428], [-9316799.571500001, 5293876.817455992], [-9316846.872699998, 5293875.695092312], [-9316846.855299998, 5293893.5284589715], [-9316846.837899994, 5293911.361925507], [-9316799.956600001, 5293912.070975601], [-9316799.845699996, 5293894.653114428]]], [[[-9317153.3202, 5293969.12200798], [-9317137.735199999, 5293969.289804556], [-9317137.069499996, 5293927.242116712], [-9317153.403999997, 5293927.121948871], [-9317153.3202, 5293969.12200798]]], [[[-9316702.452699997, 5293210.807174485], [-9316702.726200001, 5293230.645121972], [-9316703.042099997, 5293253.531604977], [-9316688.0451, 5293253.643203589], [-9316686.9554, 5293210.954544436], [-9316702.452699997, 5293210.807174485]]], [[[-9316653.907599997, 5293319.759003729], [-9316653.732499998, 5293276.680843313], [-9316670.4786, 5293276.564661191], [-9316670.561999999, 5293319.683873952], [-9316653.907599997, 5293319.759003729]]], [[[-9316754.4684, 5293565.958025104], [-9316754.659099998, 5293583.54048986], [-9316704.333299998, 5293583.940351767], [-9316704.2444, 5293566.275483373], [-9316704.160300002, 5293549.609422985], [-9316704.116299994, 5293540.86018976], [-9316704.068799999, 5293531.443855839], [-9316703.983599996, 5293514.529588594], [-9316703.8978, 5293497.475524345], [-9316753.721, 5293496.969245212], [-9316753.9123, 5293514.6322194785], [-9316754.087499997, 5293530.795786633], [-9316754.1876, 5293540.045320453], [-9316754.300699998, 5293550.476006306], [-9316754.4684, 5293565.958025104]]], [[[-9316639.097700002, 5293605.99573005], [-9316656.0113, 5293605.880145749], [-9316672.259200001, 5293605.76914496], [-9316689.0903, 5293605.654058867], [-9316689.684299996, 5293649.016308517], [-9316672.686599996, 5293649.1090749], [-9316657.0222, 5293649.194467779], [-9316639.774299996, 5293649.28842986], [-9316639.097700002, 5293605.99573005]]], [[[-9316756.266500002, 5293691.439736012], [-9316705.1922, 5293691.957772936], [-9316705.061499998, 5293673.263903797], [-9316704.951999996, 5293657.598244167], [-9316704.891400002, 5293648.933307025], [-9316704.827299997, 5293639.76737177], [-9316755.655199997, 5293639.694832658], [-9316755.776899997, 5293649.996583022], [-9316755.865899999, 5293657.526402535], [-9316756.047899999, 5293672.940865565], [-9316756.266500002, 5293691.439736012]]], [[[-9316756.300499996, 5293733.104891928], [-9316706.090899996, 5293733.923348447], [-9316705.695000002, 5293713.424171275], [-9316756.104800003, 5293713.023512198], [-9316756.300499996, 5293733.104891928]]], [[[-9316706.647299996, 5293779.998047518], [-9316706.5461, 5293757.503346223], [-9316756.533399997, 5293757.018390291], [-9316756.755899996, 5293779.849481814], [-9316757.008499999, 5293805.763486588], [-9316706.764899997, 5293806.150195867], [-9316706.647299996, 5293779.998047518]]], [[[-9316675.0187, 5293806.394417566], [-9316658.687499996, 5293806.519866414], [-9316658.218500001, 5293757.971761631], [-9316673.717600001, 5293757.821502021], [-9316675.0187, 5293806.394417566]]], [[[-9316642.2207, 5293915.654787378], [-9316641.950699996, 5293871.033954992], [-9316647.116700001, 5293870.997685428], [-9316669.864099996, 5293870.83706306], [-9316675.363400001, 5293870.798302458], [-9316675.8007, 5293915.321187091], [-9316642.2207, 5293915.654787378]]], [[[-9316676.477399997, 5293979.604212034], [-9316693.225299995, 5293979.451859924], [-9316694.145699997, 5294021.84620283], [-9316676.7308, 5294021.962584316], [-9316660.232200002, 5294022.072987286], [-9316659.8124, 5293979.755767012], [-9316659.0549, 5293936.8291396815], [-9316676.136299998, 5293936.672104422], [-9316676.477399997, 5293979.604212034]]], [[[-9316710.161899997, 5294079.211410254], [-9316709.8706, 5294061.467120703], [-9316709.558699999, 5294042.478107596], [-9316758.6381, 5294042.247636403], [-9316759.1552, 5294059.470102217], [-9316758.842299996, 5294078.495684089], [-9316758.947000002, 5294097.079056457], [-9316710.4723, 5294098.123998746], [-9316710.161899997, 5294079.211410254]]], [[[-9316761.290299999, 5294292.063090783], [-9316596.319299998, 5294294.73259142], [-9316595.8591, 5294237.221897601], [-9316612.1036, 5294236.998002734], [-9316628.769399999, 5294236.768129348], [-9316645.8519, 5294236.532576398], [-9316645.2555, 5294171.982399369], [-9316759.828600002, 5294171.072471494], [-9316761.290299999, 5294292.063090783]]], [[[-9316587.123799995, 5293388.090836979], [-9316587.558199996, 5293432.341982337], [-9316571.644200003, 5293432.463545124], [-9316570.459899995, 5293388.218776818], [-9316587.123799995, 5293388.090836979]]], [[[-9316486.8248, 5293433.110717499], [-9316469.827699995, 5293433.240351253], [-9316469.060499998, 5293388.996878269], [-9316486.307699997, 5293388.864653829], [-9316486.8248, 5293433.110717499]]], [[[-9316504.190699995, 5293479.5337530365], [-9316487.526800001, 5293479.665678557], [-9316486.8248, 5293433.110717499], [-9316503.821999999, 5293432.981083743], [-9316504.190699995, 5293479.5337530365]]], [[[-9316621.912599998, 5293498.30812984], [-9316638.409099998, 5293498.140731897], [-9316655.073499996, 5293497.971440761], [-9316655.581399998, 5293541.125236516], [-9316655.507399999, 5293584.328157026], [-9316638.926599998, 5293584.45978364], [-9316638.500900002, 5293541.218401449], [-9316621.836499998, 5293541.309374251], [-9316603.5887, 5293541.408816612], [-9316603.331199998, 5293498.496751451], [-9316621.912599998, 5293498.30812984]]], [[[-9316281.724800002, 5293502.027552738], [-9316299.6381, 5293501.824682376], [-9316316.383999998, 5293501.635064344], [-9316332.798899999, 5293501.449133055], [-9316349.9607, 5293501.254732234], [-9316366.7901, 5293501.063719211], [-9316399.0354, 5293500.698333353], [-9316420.445899997, 5293500.195541668], [-9316421.109399999, 5293542.688015951], [-9316421.797499998, 5293586.763597998], [-9316421.714499999, 5293607.846673199], [-9316422.174399998, 5293650.42414532], [-9316422.647999998, 5293694.252121537], [-9316400.068499997, 5293694.514278712], [-9316384.571099997, 5293694.653079534], [-9316367.573700001, 5293694.805531252], [-9316350.9095, 5293694.954894088], [-9316334.661899997, 5293695.100470529], [-9316317.748099998, 5293695.25202548], [-9316300.916099997, 5293695.402783293], [-9316284.1698, 5293695.552743973], [-9316283.568000002, 5293651.080484841], [-9316283.483799998, 5293608.807019342], [-9316291.981699998, 5293608.755703896], [-9316292.397199994, 5293587.2630018955], [-9316291.2153, 5293543.254478655], [-9316282.2984, 5293543.3626894625], [-9316281.724800002, 5293502.027552738]]], [[[-9316608.811099995, 5293937.290480608], [-9316625.392299999, 5293937.138228139], [-9316625.8998, 5293980.0639587045], [-9316609.068599997, 5293980.217008301], [-9316608.811099995, 5293937.290480608]]], [[[-9316508.406899996, 5293938.212066376], [-9316508.497199995, 5293981.130423493], [-9316491.6657, 5293981.283174177], [-9316491.159399997, 5293938.370197712], [-9316508.406899996, 5293938.212066376]]], [[[-9316527.270399997, 5294099.743375319], [-9316510.021199994, 5294099.965576261], [-9316493.607399996, 5294100.177015915], [-9316492.493399996, 5294043.494452678], [-9316509.741599998, 5294043.414041842], [-9316526.9052, 5294043.333730659], [-9316543.3212, 5294043.257006571], [-9316543.519099995, 5294099.5341277905], [-9316527.270399997, 5294099.743375319]]], [[[-9316288.931799997, 5294098.266785269], [-9316306.930700002, 5294098.091515559], [-9316307.6271, 5294154.552677342], [-9316289.794899998, 5294154.674738415], [-9316288.931799997, 5294098.266785269]]], [[[-9316255.352899998, 5294098.593908895], [-9316272.434400002, 5294098.427606946], [-9316272.796499996, 5294154.791119897], [-9316256.380500002, 5294154.903316432], [-9316255.352899998, 5294098.593908895]]], [[[-9316460.9291, 5294219.44392701], [-9316460.271999998, 5294173.448726405], [-9316494.102299996, 5294173.180789922], [-9316495.205099994, 5294238.608710647], [-9316479.454199998, 5294238.825730249], [-9316461.209599998, 5294239.07702659], [-9316460.9291, 5294219.44392701]]]]}, "properties": {"Group": 0, "Chld_Rt": 0.071372527517387, "Med_Income": 16962.14, "Bay_Ld_Est": 0.0}}, {"type": "Feature", "geometry": {"type": "MultiPolygon", "coordinates": [[[[-9318326.924499994, 5286528.095256367], [-9318329.037999999, 5286524.673680701], [-9318335.568699999, 5286514.183864495], [-9318388.218400002, 5286544.108278477], [-9318379.6848, 5286558.018076429], [-9318326.924499994, 5286528.095256367]]], [[[-9318467.195499998, 5286813.414085658], [-9318449.4875, 5286843.389722082], [-9318438.476299996, 5286826.44614785], [-9318428.290000001, 5286810.575509422], [-9318434.821000002, 5286800.0591863645], [-9318467.195499998, 5286813.414085658]]], [[[-9318423.8561, 5286847.05083585], [-9318388.830099994, 5286868.41488919], [-9318380.185999997, 5286855.105624979], [-9318415.629199997, 5286833.614629056], [-9318423.8561, 5286847.05083585]]], [[[-9318659.065599998, 5286891.468059259], [-9318664.6532, 5286881.829274946], [-9318678.349599998, 5286887.577272566], [-9318693.499299997, 5286893.856457053], [-9318707.714699998, 5286899.790185797], [-9318699.490799999, 5286914.067563679], [-9318659.065599998, 5286891.468059259]]], [[[-9318326.826200001, 5286906.51865219], [-9318355.682699999, 5286889.064217087], [-9318364.115400001, 5286902.814194366], [-9318334.845299998, 5286919.90135245], [-9318326.826200001, 5286906.51865219]]], [[[-9318457.997799996, 5286902.834122587], [-9318409.4816, 5286932.737620895], [-9318400.9428, 5286919.247108802], [-9318449.770999994, 5286889.3721081745], [-9318457.997799996, 5286902.834122587]]], [[[-9318633.550900001, 5286935.646544039], [-9318620.593499996, 5286928.472681637], [-9318613.318599997, 5286941.065526886], [-9318595.1835, 5286972.547939477], [-9318581.075499998, 5286966.146295635], [-9318600.258, 5286933.786941635], [-9318607.6363, 5286921.298918926], [-9318593.538900001, 5286913.4662294695], [-9318600.9213, 5286900.405868328], [-9318640.8407, 5286923.11457958], [-9318637.978100002, 5286928.1069987025], [-9318633.550900001, 5286935.646544039]]], [[[-9318753.5706, 5286962.242953938], [-9318750.303100001, 5286967.7874847315], [-9318746.086799996, 5286974.9385295315], [-9318743.3459, 5286979.654245419], [-9318704.059099995, 5286957.8700036025], [-9318710.914200002, 5286945.74238262], [-9318718.400700001, 5286932.656712303], [-9318722.197099999, 5286925.971191092], [-9318761.053499999, 5286949.651603096], [-9318757.890899999, 5286955.066799649], [-9318753.5706, 5286962.242953938]]], [[[-9318497.7633, 5287000.552478636], [-9318518.1133, 5286965.029418189], [-9318532.530299997, 5286971.850052975], [-9318513.0116, 5287007.38148348], [-9318499.7331, 5287001.428124942], [-9318497.7633, 5287000.552478636]]], [[[-9318586.146599999, 5287040.398570457], [-9318565.896500003, 5287090.367406317], [-9318550.748199996, 5287083.87977161], [-9318540.6828, 5287079.719753972], [-9318553.781399999, 5287025.6646355055], [-9318563.843299996, 5287030.29306595], [-9318572.415800001, 5287011.15220296], [-9318582.4298, 5286994.1037044125], [-9318595.499599997, 5287000.159593652], [-9318587.377599996, 5287014.697932765], [-9318578.2616, 5287036.957364131], [-9318586.146599999, 5287040.398570457]]], [[[-9318661.783500003, 5287030.679175358], [-9318667.177300002, 5287033.1911284225], [-9318647.449700002, 5287068.877901133], [-9318656.163100002, 5287072.897723642], [-9318662.490999997, 5287075.780840046], [-9318643.816399995, 5287123.888081756], [-9318625.036799999, 5287115.786359994], [-9318605.011899998, 5287107.2070582835], [-9318623.591899997, 5287057.850118013], [-9318628.881999996, 5287060.309360967], [-9318648.5058, 5287024.596083953], [-9318661.783500003, 5287030.679175358]]], [[[-9318409.587099995, 5287086.866913369], [-9318412.976399995, 5287093.007398371], [-9318379.078800002, 5287116.4621262355], [-9318362.5491, 5287127.815138538], [-9318358.5361, 5287121.566144188], [-9318352.6748, 5287111.920383269], [-9318331.367499998, 5287079.83264738], [-9318339.732399998, 5287074.71637374], [-9318348.828199998, 5287069.2672987], [-9318385.004399996, 5287047.312967957], [-9318395.908199998, 5287064.724659136], [-9318403.313399998, 5287076.697638168], [-9318409.587099995, 5287086.866913369]]], [[[-9318488.387999997, 5287212.098596155], [-9318487.621299997, 5287217.2454601815], [-9318430.760699997, 5287207.195554051], [-9318437.499199998, 5287182.784369166], [-9318490.857799996, 5287195.266714849], [-9318488.387999997, 5287212.098596155]]], [[[-9318319.491499996, 5287179.305996309], [-9318323.526099999, 5287182.640885904], [-9318333.449899998, 5287191.874531555], [-9318299.439699996, 5287230.395501559], [-9318272.297699997, 5287283.09799986], [-9318267.839999996, 5287280.67084093], [-9318261.620199999, 5287277.267597238], [-9318256.741099996, 5287275.513813253], [-9318250.616000002, 5287273.360368601], [-9318243.338799998, 5287272.161286925], [-9318234.5975, 5287271.888070876], [-9318200.0706, 5287211.909178334], [-9318203.939500002, 5287209.543797051], [-9318210.108199999, 5287205.816520531], [-9318215.545999998, 5287202.421945834], [-9318225.5842, 5287196.251269041], [-9318237.713299997, 5287188.846935224], [-9318209.6345, 5287143.593214221], [-9318214.549300002, 5287140.533135011], [-9318221.868700001, 5287136.033639801], [-9318229.5019, 5287131.32828602], [-9318239.581599995, 5287147.563116754], [-9318248.735, 5287162.385932998], [-9318259.504500002, 5287155.830342662], [-9318289.825499998, 5287137.501553159], [-9318298.778400002, 5287151.3080295995], [-9318305.7729, 5287162.523836357], [-9318308.557699997, 5287165.953385003], [-9318263.760200001, 5287199.423743618], [-9318281.2377, 5287214.620712968], [-9318319.491499996, 5287179.305996309]]], [[[-9318384.481, 5287230.038288018], [-9318388.190299997, 5287235.140213952], [-9318337.1877, 5287263.204344213], [-9318326.535499997, 5287253.93921145], [-9318314.228699997, 5287243.230577383], [-9318352.177, 5287207.002648791], [-9318364.406999998, 5287214.041498958], [-9318370.726699999, 5287218.017778753], [-9318374.662599998, 5287220.623195581], [-9318379.420399997, 5287224.692042004], [-9318384.481, 5287230.038288018]]], [[[-9318349.344999999, 5287308.053825201], [-9318401.851999996, 5287301.703694193], [-9318402.843699995, 5287322.373156498], [-9318349.933799997, 5287326.872652339], [-9318349.344999999, 5287308.053825201]]], [[[-9318260.740799999, 5286583.5715351645], [-9318231.257699996, 5286601.410780096], [-9318223.444299998, 5286588.420270505], [-9318252.823099997, 5286570.60643423], [-9318260.740799999, 5286583.5715351645]]], [[[-9318176.721399998, 5286713.103779427], [-9318130.4077, 5286740.75757628], [-9318121.355299998, 5286726.430579023], [-9318167.567099998, 5286698.463710111], [-9318176.721399998, 5286713.103779427]]], [[[-9318192.938799998, 5286839.606348663], [-9318193.981799997, 5286841.2573024165], [-9318202.201899998, 5286854.21871933], [-9318159.552, 5286880.319811536], [-9318150.397099996, 5286865.757560041], [-9318192.938799998, 5286839.606348663]]], [[[-9318177.859899998, 5286909.7304843], [-9318168.911199996, 5286895.403983401], [-9318211.778899997, 5286869.362974497], [-9318256.946699997, 5286841.907958951], [-9318265.792199997, 5286856.103331549], [-9318220.832599998, 5286883.56024058], [-9318177.859899998, 5286909.7304843]]], [[[-9318114.850600002, 5286859.091369555], [-9318124.622599995, 5286874.647042986], [-9318080.390399996, 5286902.186754183], [-9318090.162799997, 5286917.690415457], [-9318074.896999996, 5286927.022504646], [-9318036.7298, 5286867.018020272], [-9318052.0988, 5286857.764847284], [-9318061.254399998, 5286872.223172973], [-9318070.3073, 5286886.4724517595], [-9318114.850600002, 5286859.091369555]]], [[[-9318217.8829, 5286972.246525041], [-9318209.243999999, 5286958.260596835], [-9318251.902100002, 5286932.42584381], [-9318260.540499998, 5286946.489890392], [-9318217.8829, 5286972.246525041]]], [[[-9318074.896999996, 5286927.022504646], [-9318113.167900002, 5286987.158119536], [-9318099.681499995, 5286995.150434533], [-9318085.567600003, 5287003.554466748], [-9318082.872699998, 5287005.15629763], [-9318063.295899997, 5286975.336795124], [-9318053.829399996, 5286960.693833275], [-9318044.231899993, 5286945.678213739], [-9318046.7712, 5286944.1173354285], [-9318057.122100001, 5286937.845225206], [-9318061.409399997, 5286935.196863619], [-9318074.896999996, 5286927.022504646]]], [[[-9318165.698700001, 5287061.296007533], [-9318130.621, 5287005.555460026], [-9318146.303600002, 5286996.148440131], [-9318155.870499998, 5287011.312326258], [-9318164.717099996, 5287025.378067587], [-9318173.048700001, 5287038.685440375], [-9318181.175500002, 5287051.574918364], [-9318165.698700001, 5287061.296007533]]], [[[-9318090.937899996, 5287051.084883249], [-9318099.991499996, 5287065.282250948], [-9318064.5437, 5287087.163146487], [-9318055.698599996, 5287072.940967892], [-9318090.937899996, 5287051.084883249]]], [[[-9318148.7266, 5287271.795504242], [-9318162.098499998, 5287293.20769127], [-9318167.446899995, 5287301.809014904], [-9318177.655899998, 5287314.662226114], [-9318127.7864, 5287344.165176449], [-9318120.997299999, 5287333.341057532], [-9318114.003899997, 5287321.994918661], [-9318109.992599998, 5287315.5374740595], [-9318100.940899998, 5287301.053435999], [-9318098.879499994, 5287297.725022773], [-9318147.394300003, 5287269.001068047], [-9318148.7266, 5287271.795504242]]], [[[-9318165.945400001, 5287405.629525613], [-9318165.1771, 5287404.391982334], [-9318154.014299998, 5287386.413726931], [-9318204.312999997, 5287355.196250164], [-9318215.298500001, 5287375.6018635165], [-9318226.1813, 5287395.850841284], [-9318178.904999997, 5287426.518598719], [-9318165.945400001, 5287405.629525613]]], [[[-9318105.341299998, 5287632.440937629], [-9318084.829999998, 5287633.172802126], [-9318084.897899996, 5287582.16707925], [-9318069.490799997, 5287582.390375143], [-9318069.4594, 5287530.759405882], [-9318094.742499998, 5287532.196829477], [-9318120.4553, 5287531.842106901], [-9318120.7086, 5287581.679136398], [-9318104.572999999, 5287581.897151301], [-9318105.341299998, 5287632.440937629]]], [[[-9318246.673399998, 5287579.932326885], [-9318250.106299998, 5287579.883801626], [-9318250.795099996, 5287627.225917399], [-9318230.0754, 5287627.982692178], [-9318229.598300003, 5287580.173558173], [-9318246.673399998, 5287579.932326885]]], [[[-9317969.0096, 5286625.008882628], [-9317922.473699998, 5286654.507532725], [-9317915.1708, 5286642.899542951], [-9317962.118799997, 5286613.950613111], [-9317969.0096, 5286625.008882628]]], [[[-9317720.930699995, 5286952.116226482], [-9317677.219899997, 5286979.319750137], [-9317668.4774, 5286965.358532858], [-9317712.394600002, 5286938.390760391], [-9317720.930699995, 5286952.116226482]]], [[[-9317963.798999999, 5286974.386119079], [-9317920.271700002, 5287000.120135755], [-9317911.7716, 5286986.383907932], [-9317954.542599997, 5286959.510495181], [-9317963.798999999, 5286974.386119079]]], [[[-9317800.020100001, 5287176.4993044445], [-9317784.902499998, 5287152.055238553], [-9317829.026500002, 5287125.322017475], [-9317844.4534, 5287150.184874598], [-9317800.020100001, 5287176.4993044445]]], [[[-9317763.3054, 5287164.8220594125], [-9317764.2902, 5287166.395492774], [-9317778.585999997, 5287189.402334998], [-9317761.2294, 5287199.83755331], [-9317746.114299994, 5287175.080912692], [-9317763.3054, 5287164.8220594125]]], [[[-9318001.606699998, 5287249.958447707], [-9317993.071699997, 5287235.972616142], [-9318037.713199997, 5287209.632676954], [-9318042.378499996, 5287206.907391851], [-9318051.143499995, 5287220.958288776], [-9318001.606699998, 5287249.958447707]]], [[[-9317727.7515, 5287250.356813042], [-9317741.135699999, 5287242.207860579], [-9317752.551800001, 5287260.587368921], [-9317739.375399996, 5287268.789928435], [-9317709.3628, 5287287.431593037], [-9317697.533199998, 5287268.684607736], [-9317727.7515, 5287250.356813042]]], [[[-9317824.649699999, 5287265.1605990045], [-9317780.8358, 5287292.0785576645], [-9317772.504799996, 5287278.718571754], [-9317816.832099998, 5287252.715319162], [-9317824.649699999, 5287265.1605990045]]], [[[-9318020.3238, 5287280.336644492], [-9318064.970699996, 5287253.26763007], [-9318069.4919, 5287250.553903247], [-9318078.132400002, 5287264.550994418], [-9318073.714100001, 5287267.202943759], [-9318028.859299997, 5287294.244457501], [-9318020.3238, 5287280.336644492]]], [[[-9317817.9636, 5287365.81919376], [-9317827.014599996, 5287380.355743434], [-9317784.143099997, 5287406.448376713], [-9317774.885399995, 5287391.727988804], [-9317766.038899997, 5287377.687253429], [-9317756.884099996, 5287363.123999954], [-9317748.552199999, 5287349.89384574], [-9317739.809199996, 5287335.932126267], [-9317731.374499999, 5287322.519230444], [-9317774.561399998, 5287295.961075376], [-9317783.0981, 5287309.660937441], [-9317791.737, 5287323.62185951], [-9317800.170000002, 5287337.268812428], [-9317809.1181, 5287351.648426953], [-9317817.9636, 5287365.81919376]]], [[[-9317914.584999995, 5287362.091717521], [-9317957.145399999, 5287335.762138442], [-9317960.803299999, 5287333.533962818], [-9317970.985399997, 5287350.204028678], [-9317967.431099998, 5287352.259426565], [-9317924.559499994, 5287378.430576518], [-9317914.584999995, 5287362.091717521]]], [[[-9317993.510699995, 5287386.36211281], [-9318039.627899999, 5287357.638455051], [-9318052.585899996, 5287378.683665081], [-9318006.572799994, 5287407.408220077], [-9318005.605499998, 5287405.849433669], [-9317993.510699995, 5287386.36211281]]], [[[-9317956.034500001, 5287498.476661856], [-9317926.808699997, 5287509.2924123015], [-9317900.475799998, 5287522.966170654], [-9317869.006599998, 5287541.467743408], [-9317843.496399999, 5287500.810357778], [-9317825.494799996, 5287472.206266883], [-9317809.5503, 5287446.896313667], [-9317801.423899997, 5287433.980028268], [-9317844.396599997, 5287408.278486016], [-9317852.521600002, 5287421.376815557], [-9317855.805, 5287419.424147606], [-9317866.658699997, 5287437.825081316], [-9317870.874499999, 5287444.778839177], [-9317877.2482, 5287455.444031371], [-9317924.518699996, 5287425.6883885125], [-9317937.478599995, 5287446.473635823], [-9317944.267099997, 5287457.376073647], [-9317948.5605, 5287467.8694845615], [-9317953.648600003, 5287483.443399627], [-9317956.034500001, 5287498.476661856]]], [[[-9318064.7283, 5287439.35606786], [-9318068.786099998, 5287495.414588974], [-9318042.465999996, 5287493.474674989], [-9318040.471299998, 5287439.92990135], [-9318064.7283, 5287439.35606786]]], [[[-9318021.317699999, 5287635.43166775], [-9318000.181599999, 5287636.184855458], [-9317999.951299999, 5287583.354901754], [-9318021.396199996, 5287583.046512304], [-9318021.317699999, 5287635.43166775]]]]}, "properties": {"Group": 1, "Chld_Rt": 0.119322616300054, "Med_Income": 35671.55172413793, "Bay_Ld_Est": 9.537081339712918}}, {"type": "Feature", "geometry": {"type": "MultiPolygon", "coordinates": [[[[-9315457.663299995, 5284806.621154269], [-9315455.998599999, 5284791.725228455], [-9315454.319300001, 5284778.615267462], [-9315452.1077, 5284757.762107752], [-9315454.963699995, 5284721.171156896], [-9315474.376599997, 5284708.438337644], [-9315559.6737, 5284846.084557383], [-9315494.830299994, 5284886.690146173], [-9315486.271799998, 5284885.632158326], [-9315473.582699997, 5284864.599344219], [-9315468.619899997, 5284850.166548973], [-9315463.378700001, 5284835.836882316], [-9315459.933, 5284820.331153444], [-9315457.663299995, 5284806.621154269]]], [[[-9315725.706199998, 5284972.052968577], [-9315741.947299995, 5284998.456532939], [-9315733.184, 5285004.258129081], [-9315700.801099999, 5285024.398959356], [-9315684.073299997, 5284998.5072502], [-9315725.706199998, 5284972.052968577]]], [[[-9315710.631, 5285040.9720448805], [-9315742.822199998, 5285019.836598038], [-9315755.717, 5285012.764380033], [-9315769.8619, 5285035.3071560105], [-9315724.359699998, 5285063.5254829265], [-9315710.631, 5285040.9720448805]]], [[[-9315614.668599999, 5285098.949149257], [-9315628.948899996, 5285090.67605764], [-9315634.199099999, 5285087.5452381605], [-9315648.5229, 5285110.583430432], [-9315628.9987, 5285122.237241334], [-9315614.668599999, 5285098.949149257]]], [[[-9315739.185100002, 5285086.6343202405], [-9315853.604199998, 5285014.364016363], [-9315925.4876, 5285133.294003533], [-9315811.708099999, 5285204.550566545], [-9315739.185100002, 5285086.6343202405]]], [[[-9315505.592600001, 5285280.427187817], [-9315506.797699999, 5285281.978996781], [-9315477.015399996, 5285299.638471472], [-9315468.420299998, 5285285.781895314], [-9315452.712399997, 5285260.6959777], [-9315480.894499999, 5285242.327557845], [-9315498.236199996, 5285269.45392352], [-9315499.185399998, 5285270.76240916], [-9315507.3897, 5285265.891060232], [-9315512.559000002, 5285276.003525867], [-9315505.592600001, 5285280.427187817]]], [[[-9315453.288299995, 5285313.064299702], [-9315405.387099998, 5285342.008716694], [-9315394.160799999, 5285322.888603926], [-9315441.639299998, 5285293.705148607], [-9315453.288299995, 5285313.064299702]]], [[[-9315588.069799999, 5285534.508979415], [-9315558.940899996, 5285552.608273011], [-9315548.233999997, 5285535.995822748], [-9315535.241200002, 5285544.08288743], [-9315524.074599998, 5285551.03354627], [-9315515.320299994, 5285537.124356977], [-9315510.903399998, 5285539.89118888], [-9315506.4857, 5285532.4698259], [-9315564.425099997, 5285495.602847579], [-9315569.161800003, 5285503.39676813], [-9315577.792, 5285517.597506689], [-9315588.069799999, 5285534.508979415]]], [[[-9315504.134199996, 5285586.662586067], [-9315490.042699998, 5285595.418242342], [-9315471.0348, 5285564.865513934], [-9315484.9011, 5285556.179407299], [-9315504.134199996, 5285586.662586067]]], [[[-9315411.627599994, 5285677.689947611], [-9315436.406700002, 5285717.476812033], [-9315397.765999997, 5285741.790819335], [-9315372.908199998, 5285701.650328139], [-9315411.627599994, 5285677.689947611]]], [[[-9315331.1478, 5285892.730460355], [-9315389.455799997, 5285856.95992187], [-9315401.207599996, 5285875.340606275], [-9315393.5499, 5285880.036888182], [-9315342.809199998, 5285911.155186607], [-9315331.1478, 5285892.730460355]]], [[[-9315412.1768, 5285965.290668987], [-9315386.955699999, 5285980.905119917], [-9315370.268700002, 5285954.540495238], [-9315401.0235, 5285937.012936394], [-9315403.119099997, 5285935.818439445], [-9315412.3382, 5285951.963777554], [-9315406.496599998, 5285955.6563754], [-9315412.1768, 5285965.290668987]]], [[[-9315130.570700001, 5284781.689589773], [-9315259.211299997, 5284869.69309029], [-9315261.319899997, 5284871.135492988], [-9315293.953400003, 5284906.892851684], [-9315322.5667, 5284938.62232453], [-9315344.226899998, 5284973.647224248], [-9315339.0363, 5284989.21393522], [-9315264.344, 5285034.060248739], [-9315244.277099999, 5285018.450591973], [-9315200.400400002, 5284958.200580835], [-9315178.868599996, 5284926.683442431], [-9315058.966099998, 5284838.110390279], [-9315130.570700001, 5284781.689589773]]], [[[-9315338.128999999, 5285030.41607905], [-9315340.391800001, 5285027.693987036], [-9315343.395300003, 5285024.620162341], [-9315346.6524, 5285021.7063610805], [-9315349.822199995, 5285018.628052561], [-9315354.1382, 5285014.771348699], [-9315360.528399995, 5285010.612433746], [-9315428.595099999, 5285120.482065287], [-9315423.762999998, 5285123.685622778], [-9315411.176, 5285131.827587068], [-9315400.985399997, 5285138.41933686], [-9315402.9674, 5285140.007713909], [-9315005.537399998, 5285382.213564854], [-9314998.750399997, 5285371.287728826], [-9315003.9835, 5285367.980643722], [-9315156.432899999, 5285274.519173859], [-9315155.5137, 5285273.275056301], [-9315242.8273, 5285180.47829835], [-9315248.726199998, 5285169.330563518], [-9315253.4035, 5285156.618365562], [-9315256.543799998, 5285140.824471122], [-9315257.663600001, 5285130.634585478], [-9315230.893999996, 5285084.627750037], [-9315285.435100002, 5285050.678471751], [-9315312.3654, 5285071.957103184], [-9315323.959999999, 5285049.678474832], [-9315329.007100001, 5285041.8061395595], [-9315332.794399997, 5285036.796888358], [-9315335.055099998, 5285033.991596104], [-9315338.128999999, 5285030.41607905]]], [[[-9315230.715, 5285373.326483522], [-9315185.888099998, 5285402.0257849535], [-9315177.368199999, 5285387.833616769], [-9315222.713400003, 5285359.870861983], [-9315269.680699997, 5285330.201456653], [-9315281.329299994, 5285349.560907215], [-9315234.4369, 5285378.895419561], [-9315230.715, 5285373.326483522]]], [[[-9315102.502099998, 5285420.789482971], [-9315115.4325, 5285441.449449414], [-9315068.925700001, 5285469.607900925], [-9315027.761599997, 5285402.690789062], [-9315073.835299997, 5285373.87749831], [-9315087.712600002, 5285395.762749514], [-9315089.753299994, 5285394.12873657], [-9315097.138499998, 5285406.267702124], [-9315104.967300002, 5285419.4781076005], [-9315102.502099998, 5285420.789482971]]], [[[-9315198.068299996, 5285521.475933795], [-9315173.618599998, 5285536.002000493], [-9315161.652799996, 5285543.633307132], [-9315151.159799995, 5285550.22804824], [-9315126.286700001, 5285564.401983889], [-9315098.729299994, 5285518.65689002], [-9315145.053099995, 5285489.836721457], [-9315192.2752, 5285460.327336618], [-9315207.104200002, 5285483.604275384], [-9315221.177899998, 5285506.65054562], [-9315198.068299996, 5285521.475933795]]], [[[-9315278.103499996, 5285596.436772919], [-9315252.641599998, 5285612.3770455755], [-9315246.820300002, 5285616.022014025], [-9315233.0533, 5285594.685282947], [-9315264.650299996, 5285574.900760113], [-9315278.103499996, 5285596.436772919]]], [[[-9315381.430199997, 5285662.844230889], [-9315358.1447, 5285677.424802825], [-9315329.252899999, 5285631.175322079], [-9315314.7102, 5285607.895291786], [-9315337.995599998, 5285593.314919909], [-9315361.280900002, 5285578.734348925], [-9315375.823799994, 5285602.014279045], [-9315352.5385, 5285616.594750655], [-9315381.430199997, 5285662.844230889]]], [[[-9315095.852699997, 5285782.030354973], [-9315110.619099995, 5285773.015331808], [-9315114.132599996, 5285770.87045877], [-9315139.285599997, 5285812.44528493], [-9315121.607499998, 5285823.24786871], [-9315095.852699997, 5285782.030354973]]], [[[-9315293.035699995, 5285832.514186933], [-9315348.560999999, 5285798.208572714], [-9315350.0824, 5285797.268658759], [-9315362.893399997, 5285818.062150208], [-9315306.0632, 5285853.097336691], [-9315293.035699995, 5285832.514186933]]], [[[-9315291.6889, 5286052.71902192], [-9315318.4665, 5286095.540466489], [-9315282.280199997, 5286118.003548426], [-9315255.953399995, 5286076.149418565], [-9315291.6889, 5286052.71902192]]]]}, "properties": {"Group": 2, "Chld_Rt": 0.015187099976276, "Med_Income": 15511.25, "Bay_Ld_Est": 3.810847810011699}}, {"type": "Feature", "geometry": {"type": "MultiPolygon", "coordinates": [[[[-9319106.890599996, 5283465.856193987], [-9319123.123400003, 5283507.718310544], [-9319106.504700001, 5283513.5375364395], [-9319090.2863, 5283471.776455533], [-9319106.890599996, 5283465.856193987]]], [[[-9319233.069799997, 5283469.218275993], [-9319249.044599999, 5283510.463416414], [-9319232.2676, 5283516.415762517], [-9319216.771599997, 5283474.925605032], [-9319233.069799997, 5283469.218275993]]], [[[-9319059.437099999, 5283482.775710885], [-9319075.722099999, 5283524.316386545], [-9319090.819100002, 5283519.030039951], [-9319106.996999994, 5283560.860572076], [-9319092.0716, 5283566.155886508], [-9319075.559899997, 5283572.013972603], [-9319059.9719, 5283577.57542786], [-9319044.241700001, 5283535.339456506], [-9319037.419499999, 5283518.35935728], [-9319027.837299997, 5283494.04220313], [-9319044.248499999, 5283488.190992605], [-9319059.437099999, 5283482.775710885]]], [[[-9318982.263999995, 5283519.801260268], [-9318930.838399999, 5283519.400703986], [-9318931.135199998, 5283502.339098734], [-9318982.550399998, 5283503.650970386], [-9318982.263999995, 5283519.801260268]]], [[[-9319138.731099999, 5283502.253009024], [-9319154.043899996, 5283496.891035107], [-9319169.9254, 5283538.534440954], [-9319154.005499998, 5283544.18258363], [-9319138.666299999, 5283549.6248682765], [-9319123.123400003, 5283507.718310544], [-9319138.731099999, 5283502.253009024]]], [[[-9319237.855699997, 5283605.935611673], [-9319237.877899999, 5283609.129101688], [-9319221.187400002, 5283608.969875569], [-9319221.1248, 5283605.884994104], [-9319221.964499997, 5283545.275345035], [-9319233.272599997, 5283541.262906873], [-9319238.067699997, 5283544.586228787], [-9319238.5253, 5283570.38773394], [-9319237.855699997, 5283605.935611673]]], [[[-9319039.084, 5283613.3646359835], [-9319080.873699998, 5283594.202300964], [-9319080.646599997, 5283621.58969128], [-9319080.1101, 5283640.322474874], [-9319038.991899997, 5283640.439851823], [-9319038.866600001, 5283622.2943515405], [-9319039.084, 5283613.3646359835]]], [[[-9319304.156799996, 5283648.428459505], [-9319287.508500002, 5283648.293844672], [-9319287.6797, 5283612.91575384], [-9319287.656599997, 5283609.603591531], [-9319304.2629, 5283609.761821243], [-9319304.3279, 5283613.050169376], [-9319304.156799996, 5283648.428459505]]], [[[-9318979.032000002, 5283660.3317580335], [-9318978.561199997, 5283676.566844262], [-9318929.2794, 5283676.374537368], [-9318943.692999998, 5283665.711966901], [-9318976.480699996, 5283643.768853522], [-9318979.431299997, 5283644.092387448], [-9318979.032000002, 5283660.3317580335]]], [[[-9319079.241200002, 5283707.33714389], [-9319038.857199999, 5283705.368439355], [-9319038.725199996, 5283686.224038336], [-9319038.7072, 5283659.503941612], [-9319079.658999994, 5283659.387561077], [-9319079.513599994, 5283686.52505343], [-9319079.241200002, 5283707.33714389]]], [[[-9319302.762099996, 5283711.417039448], [-9319302.7387, 5283708.038516059], [-9319303.660000002, 5283672.821243964], [-9319320.6395, 5283672.703568091], [-9319336.702999998, 5283672.5089694485], [-9319336.1182, 5283708.223349898], [-9319336.1016, 5283711.472240497], [-9319319.210299997, 5283711.444341046], [-9319302.762099996, 5283711.417039448]]], [[[-9319154.6679, 5283673.186527428], [-9319153.7397, 5283707.488299112], [-9319153.643799994, 5283711.167837601], [-9319136.371100001, 5283711.138742461], [-9319136.425299997, 5283707.35826775], [-9319136.539299997, 5283692.542665125], [-9319136.6884, 5283673.144578619], [-9319154.6679, 5283673.186527428]]], [[[-9319253.420800002, 5283750.167080154], [-9319254.003600001, 5283714.11979837], [-9319253.984299999, 5283711.335732486], [-9319269.716499995, 5283711.361938036], [-9319269.7366, 5283714.260391652], [-9319269.0705, 5283750.308470567], [-9319253.420800002, 5283750.167080154]]], [[[-9319302.1184, 5283750.662195706], [-9319285.802299999, 5283750.442288277], [-9319286.2179, 5283714.312703117], [-9319286.1597, 5283711.389339277], [-9319302.762099996, 5283711.417039448], [-9319302.7848, 5283714.6975162085], [-9319302.1184, 5283750.662195706]]], [[[-9319078.639499996, 5283764.860822643], [-9319040.335699996, 5283762.794569584], [-9319040.2938, 5283744.6482704645], [-9319078.845900001, 5283746.54642932], [-9319078.639499996, 5283764.860822643]]], [[[-9319135.110599997, 5283812.166230994], [-9319118.171700003, 5283812.19831537], [-9319102.387399994, 5283812.228406923], [-9319102.4977, 5283808.564412123], [-9319102.471699996, 5283792.748812382], [-9319103.091399997, 5283774.015030162], [-9319118.8232, 5283773.989522102], [-9319136.137700003, 5283774.119653097], [-9319135.5233, 5283793.602435861], [-9319135.212399995, 5283808.837727084], [-9319135.110599997, 5283812.166230994]]], [[[-9318929.675299997, 5283782.367726471], [-9318954.038699996, 5283780.67253605], [-9318952.038599996, 5283852.353395321], [-9318922.6861, 5283852.827586326], [-9318923.513699997, 5283782.796381558], [-9318929.675299997, 5283782.367726471]]], [[[-9319027.266400002, 5283810.915139991], [-9319040.1713, 5283811.325660449], [-9319059.486799998, 5283811.941441149], [-9319059.417599995, 5283850.149936608], [-9319026.954299998, 5283850.12422926], [-9319027.250599999, 5283812.907359939], [-9319027.266400002, 5283810.915139991]]], [[[-9319168.9667, 5283851.140964933], [-9319152.151500002, 5283851.007545784], [-9319152.157799995, 5283815.79614863], [-9319152.350400003, 5283812.13344915], [-9319169.445799999, 5283812.100866585], [-9319169.471800001, 5283815.842979841], [-9319168.9667, 5283851.140964933]]], [[[-9319329.122100001, 5283851.621333674], [-9319317.633799998, 5283851.526774468], [-9319301.069499997, 5283851.558360631], [-9319284.671199996, 5283851.505550962], [-9319284.5088, 5283816.045549776], [-9319284.612800002, 5283812.215254332], [-9319301.423999999, 5283812.350566642], [-9319317.696199998, 5283812.481295491], [-9319334.683000002, 5283812.618002797], [-9319334.6233, 5283816.780301696], [-9319334.188699996, 5283846.668483832], [-9319329.122100001, 5283851.621333674]]], [[[-9318951.985900002, 5283878.619831012], [-9318978.951999996, 5283878.091734268], [-9318979.2686, 5283948.180038409], [-9318950.8946, 5283949.100022848], [-9318951.985900002, 5283878.619831012]]], [[[-9318747.549000002, 5283376.81184068], [-9318805.363099996, 5283371.915488994], [-9318803.405999996, 5283389.742035388], [-9318753.677400002, 5283408.316486316], [-9318749.6124, 5283386.286590097], [-9318747.549000002, 5283376.81184068]]], [[[-9318655.343399998, 5283499.562307085], [-9318655.2746, 5283501.643705125], [-9318655.452899998, 5283512.257948422], [-9318655.558299994, 5283518.539209053], [-9318679.903399998, 5283518.536718018], [-9318679.994799998, 5283525.5285177], [-9318680.251399998, 5283538.511922122], [-9318667.351399995, 5283538.767899513], [-9318653.2009, 5283538.699446236], [-9318639.135799998, 5283538.963494546], [-9318619.575199997, 5283538.93250623], [-9318617.9061, 5283526.291667115], [-9318616.902799996, 5283518.558340097], [-9318616.147500003, 5283512.735826026], [-9318614.693699999, 5283500.428385496], [-9318655.343399998, 5283499.562307085]]], [[[-9318755.898199996, 5283524.419215915], [-9318755.7173, 5283510.3529147], [-9318811.815099997, 5283509.88011878], [-9318812.077999996, 5283523.779322262], [-9318755.898199996, 5283524.419215915]]], [[[-9318756.9627, 5283593.833629737], [-9318742.728700003, 5283593.765873939], [-9318743.432399996, 5283539.239101192], [-9318756.000599999, 5283539.151815791], [-9318756.9627, 5283593.833629737]]], [[[-9318623.209599996, 5283570.954590861], [-9318639.4496, 5283570.621391782], [-9318653.836299999, 5283570.326155887], [-9318653.591399996, 5283595.049945864], [-9318639.689299997, 5283594.813398435], [-9318626.205599997, 5283594.90676194], [-9318623.209599996, 5283570.954590861]]], [[[-9318797.450900001, 5283650.708143125], [-9318797.5617, 5283614.861042632], [-9318813.0391, 5283614.170730658], [-9318813.542499997, 5283650.709737383], [-9318813.733900001, 5283666.27434003], [-9318765.654499998, 5283667.336910352], [-9318765.309699994, 5283651.397956925], [-9318781.707599996, 5283651.055590866], [-9318797.450900001, 5283650.708143125]]], [[[-9318693.665200002, 5283696.408731294], [-9318639.153699998, 5283697.702269223], [-9318635.976099996, 5283671.586693488], [-9318689.815899998, 5283669.465339158], [-9318693.665200002, 5283696.408731294]]], [[[-9318766.314099997, 5283695.106823555], [-9318765.994199997, 5283682.155701208], [-9318813.840999994, 5283681.673240066], [-9318813.8462, 5283694.409038459], [-9318766.314099997, 5283695.106823555]]], [[[-9318887.891699996, 5283713.206091478], [-9318887.757099995, 5283705.798589039], [-9318894.966899998, 5283700.693787393], [-9318911.860299999, 5283688.732995707], [-9318929.2794, 5283676.374537368], [-9318929.232499998, 5283688.719245263], [-9318929.2216, 5283691.557316464], [-9318929.276399998, 5283711.824072453], [-9318912.027099999, 5283712.7051967615], [-9318895.297700003, 5283712.904877091], [-9318887.891699996, 5283713.206091478]]], [[[-9318605.499199998, 5283710.069097585], [-9318623.995699998, 5283708.4618901685], [-9318626.025499996, 5283725.09603873], [-9318607.713999998, 5283725.2228815835], [-9318589.571299998, 5283725.6816282105], [-9318570.763999999, 5283726.311258942], [-9318552.7885, 5283726.851910382], [-9318547.174599996, 5283685.436676106], [-9318528.457999997, 5283687.147908574], [-9318526.1674, 5283668.850754229], [-9318571.339999996, 5283665.208581183], [-9318569.041599996, 5283645.829426863], [-9318566.913800001, 5283627.031876609], [-9318564.874, 5283608.899628752], [-9318611.708, 5283604.829498329], [-9318613.914999997, 5283623.043850206], [-9318616.458399998, 5283641.755410316], [-9318618.667899996, 5283660.302662893], [-9318620.7963, 5283679.183413754], [-9318601.247999996, 5283680.983525898], [-9318583.779500002, 5283682.602889466], [-9318585.796899997, 5283697.48903773], [-9318587.559599997, 5283711.627879547], [-9318605.499199998, 5283710.069097585]]], [[[-9318587.842300002, 5283764.484080454], [-9318585.643300002, 5283747.434727805], [-9318628.415800001, 5283745.723295972], [-9318630.176799996, 5283759.612537888], [-9318632.913199998, 5283782.151904301], [-9318590.569499996, 5283785.691646838], [-9318590.194599995, 5283782.776353749], [-9318587.842300002, 5283764.484080454]]], [[[-9318765.5861, 5283852.819714702], [-9318742.694799999, 5283852.728941849], [-9318742.216999998, 5283807.864833436], [-9318758.5165, 5283796.356808947], [-9318765.164799998, 5283802.078487712], [-9318765.0787, 5283791.723706912], [-9318802.856599998, 5283765.989454959], [-9318818.141700001, 5283797.515034636], [-9318799.495499998, 5283797.394768083], [-9318799.715299996, 5283852.99896866], [-9318765.5861, 5283852.819714702]]], [[[-9318594.5641, 5283821.624343578], [-9318592.611300003, 5283804.0739958], [-9318634.692200001, 5283798.621347421], [-9318636.730500001, 5283816.5042964285], [-9318594.5641, 5283821.624343578]]], [[[-9318792.123699998, 5283934.462874311], [-9318764.655899998, 5283934.653487349], [-9318764.687200002, 5283879.213790383], [-9318792.155899996, 5283879.189478009], [-9318792.123699998, 5283934.462874311]]], [[[-9318902.531199994, 5283951.009839985], [-9318902.706300002, 5283913.630254177], [-9318902.866199998, 5283879.502051502], [-9318915.767, 5283879.329074904], [-9318924.105, 5283879.165763481], [-9318924.510299997, 5283949.955539625], [-9318915.261600003, 5283950.255359083], [-9318902.531199994, 5283951.009839985]]], [[[-9318874.441699997, 5283981.5057350695], [-9318888.754300002, 5283980.823493818], [-9318914.631899998, 5283979.3949422], [-9318919.712199999, 5283979.362259973], [-9318920.400699995, 5284006.396929623], [-9318890.860700002, 5284008.950925285], [-9318874.225799998, 5284010.309529025], [-9318874.441699997, 5283981.5057350695]]], [[[-9318904.904399997, 5284051.505962252], [-9318890.003600001, 5284052.737224951], [-9318873.9447, 5284053.681422193], [-9318874.080399998, 5284025.294325551], [-9318887.976699997, 5284024.614973845], [-9318903.120499998, 5284023.760453447], [-9318933.3817, 5284021.19609508], [-9318935.529599998, 5284049.376038202], [-9318904.904399997, 5284051.505962252]]], [[[-9318476.440499997, 5284049.27848975], [-9318493.208699996, 5284042.58620782], [-9318517.034399996, 5284033.264800941], [-9318539.292799996, 5284026.0350560425], [-9318562.628500002, 5284018.131838302], [-9318587.464500003, 5284010.468057708], [-9318662.602099996, 5283994.380934044], [-9318683.649199998, 5283992.570259536], [-9318702.109599996, 5283989.861621224], [-9318736.548100002, 5283986.542682368], [-9318764.7506, 5283984.265788085], [-9318792.039799996, 5283982.328171084], [-9318819.4221, 5283981.8049567025], [-9318845.310900003, 5283981.958005129], [-9318845.452000001, 5283990.281408338], [-9318845.767199999, 5284011.672915536], [-9318845.918599999, 5284093.334120147], [-9318818.3094, 5284097.188728821], [-9318792.112299997, 5284100.617173311], [-9318764.579899997, 5284103.555484163], [-9318737.0931, 5284113.06969671], [-9318700.795199996, 5284124.392989744], [-9318703.841299996, 5284143.518066885], [-9318672.8277, 5284160.631892403], [-9318649.626199998, 5284175.943213944], [-9318626.2564, 5284191.006130858], [-9318601.2142, 5284204.998206989], [-9318496.486899996, 5284263.911599774], [-9318390.642199999, 5284088.7460547425], [-9318401.8406, 5284083.091532696], [-9318413.696899995, 5284076.266827814], [-9318432.698999997, 5284067.561400814], [-9318450.042500002, 5284059.783132521], [-9318461.826400002, 5284054.540526112], [-9318476.440499997, 5284049.27848975]]], [[[-9318607.046999995, 5283568.819087706], [-9318560.0432, 5283572.3909140155], [-9318557.246800002, 5283553.1818480445], [-9318555.380099999, 5283536.047305237], [-9318601.718200002, 5283520.493863939], [-9318604.832399998, 5283549.522736385], [-9318607.046999995, 5283568.819087706]]], [[[-9318484.014199996, 5283531.296926842], [-9318487.541999996, 5283559.990209061], [-9318432.328000002, 5283567.946532593], [-9318429.722499995, 5283552.232170916], [-9318484.014199996, 5283531.296926842]]], [[[-9318231.166599998, 5283546.775936525], [-9318234.940699998, 5283550.9119293885], [-9318238.801600002, 5283555.546724451], [-9318187.803900002, 5283583.533453802], [-9318184.152000003, 5283585.056763462], [-9318165.896799998, 5283569.11721319], [-9318146.808100002, 5283553.016743126], [-9318142.116899995, 5283548.637227977], [-9318191.406399997, 5283514.3365565445], [-9318202.125899997, 5283523.835320429], [-9318211.8363, 5283531.842560232], [-9318221.543499997, 5283539.350599319], [-9318231.166599998, 5283546.775936525]]], [[[-9318501.6389, 5283672.682942437], [-9318504.101299996, 5283691.72800128], [-9318484.4428, 5283693.340190729], [-9318466.749599997, 5283694.899670163], [-9318457.182299998, 5283695.6317317085], [-9318455.059399998, 5283677.499881469], [-9318501.6389, 5283672.682942437]]], [[[-9318454.907999996, 5283788.128464395], [-9318440.342199998, 5283752.102305424], [-9318514.089999996, 5283749.730653077], [-9318538.631800001, 5283748.941297979], [-9318562.341899997, 5283748.17874629], [-9318566.835699998, 5283784.107854923], [-9318549.276799995, 5283784.728916579], [-9318556.067900002, 5283851.941280598], [-9318481.566399997, 5283851.5408238415], [-9318454.907999996, 5283788.128464395]]], [[[-9318387.806900002, 5283895.058287042], [-9318402.5804, 5283912.936753535], [-9318317.628499996, 5283978.452239608], [-9318274.3858, 5283924.143066408], [-9318262.999200001, 5283926.635583489], [-9318263.191499999, 5283876.875318234], [-9318263.208499996, 5283872.443291232], [-9318295.838500002, 5283872.468101812], [-9318295.977199998, 5283878.295300619], [-9318315.9755, 5283877.835358248], [-9318314.067499999, 5283872.425754429], [-9318378.080899995, 5283872.816546016], [-9318387.806900002, 5283895.058287042]]], [[[-9318504.3832, 5283925.13588832], [-9318487.751499994, 5283879.301075814], [-9318528.6176, 5283878.685594009], [-9318525.918900002, 5283921.740525072], [-9318504.3832, 5283925.13588832]]], [[[-9318227.4306, 5283935.038300505], [-9318226.858899994, 5283877.021690698], [-9318245.586900001, 5283877.160889031], [-9318245.961200003, 5283930.415560635], [-9318227.4306, 5283935.038300505]]], [[[-9318463.288299998, 5284025.145462034], [-9318437.468299996, 5284034.980119162], [-9318421.481499998, 5284010.200621528], [-9318365.4414, 5284043.552027125], [-9318340.290599998, 5283993.529602168], [-9318388.150000002, 5283956.82219265], [-9318408.846299998, 5283940.363708018], [-9318447.511999998, 5283910.378872051], [-9318468.127799997, 5283894.337185875], [-9318486.891600002, 5283947.565951548], [-9318476.875899998, 5283955.709901271], [-9318439.139400002, 5283987.686161377], [-9318463.288299998, 5284025.145462034]]]]}, "properties": {"Group": 3, "Chld_Rt": 0.058089582937964, "Med_Income": 30151.880952380954, "Bay_Ld_Est": 7.257112535323447}}, {"type": "Feature", "geometry": {"type": "MultiPolygon", "coordinates": [[[[-9315094.162399996, 5289300.943587399], [-9314954.310599998, 5289303.166983634], [-9314949.216599995, 5289301.542830248], [-9314944.446400002, 5289298.749983941], [-9314940.592299996, 5289295.949465254], [-9314937.8187, 5289292.890377362], [-9314934.622099997, 5289289.001974864], [-9314932.841799999, 5289285.185114832], [-9314930.895, 5289281.369749434], [-9314929.606999997, 5289276.632403009], [-9314929.230799997, 5289271.388280913], [-9314930.482299997, 5289261.466497593], [-9314941.698400002, 5289202.292315903], [-9314965.1529, 5289091.187384553], [-9314968.2723, 5289080.035431193], [-9314971.977300001, 5289070.22594508], [-9314973.1973, 5289066.63457394], [-9314976.470599998, 5289059.52815692], [-9314981.306499997, 5289049.993680935], [-9314988.0372, 5289037.9449563045], [-9315000.207299996, 5289018.855378975], [-9315048.8209, 5288957.249662069], [-9315129.8925, 5288855.180421944], [-9315562.4049, 5288857.753259373], [-9315553.125299998, 5288905.955126727], [-9315469.544699999, 5289335.253180223], [-9315413.705400001, 5289327.724282567], [-9315413.810199998, 5289314.839963318], [-9315393.9316, 5289310.578503684], [-9315108.677599998, 5289313.52429943], [-9315094.382899996, 5289309.327008809], [-9315094.162399996, 5289300.943587399]]], [[[-9315286.611999996, 5289773.992293743], [-9315285.614799997, 5289822.035566103], [-9315310.4341, 5289828.245812967], [-9315295.900599996, 5289904.414853036], [-9315290.634099994, 5289933.236215705], [-9315271.969899997, 5289933.831074627], [-9315272.2576, 5289950.154421944], [-9314882.658699999, 5289959.75755745], [-9314882.067099998, 5289928.406698649], [-9314860.266899996, 5289929.106978123], [-9314859.855299996, 5289917.21069663], [-9314837.436599996, 5289917.840529644], [-9314836.987099998, 5289861.33989485], [-9315214.904, 5289850.418305686], [-9315213.035900002, 5289773.98721203], [-9315286.611999996, 5289773.992293743]]], [[[-9315327.9234, 5289932.047593937], [-9315315.803100001, 5289932.43390348], [-9315340.925399998, 5289799.926346111], [-9315341.2928, 5289752.109758642], [-9315335.601700002, 5289750.3788888315], [-9315330.223599998, 5289748.742977207], [-9315333.124000002, 5289731.103170974], [-9315391.841899997, 5289739.784223851], [-9315342.649000002, 5289989.951580779], [-9315328.8174, 5289990.1359172985], [-9315327.9234, 5289932.047593937]]]]}, "properties": {"Group": 4, "Chld_Rt": 0.0, "Med_Income": 44844.0, "Bay_Ld_Est": 9.537081339712918}}, {"type": "Feature", "geometry": {"type": "MultiPolygon", "coordinates": [[[[-9316137.7683, 5280182.357717394], [-9316137.814699996, 5280184.4587393105], [-9316138.720099999, 5280227.301612176], [-9316124.671300001, 5280227.985943918], [-9316110.117199998, 5280228.433330271], [-9316108.862399995, 5280184.933427193], [-9316108.7989, 5280182.839081183], [-9316137.7683, 5280182.357717394]]], [[[-9316187.2294, 5280289.928330535], [-9316171.837099997, 5280290.147141335], [-9316158.114599997, 5280290.5738024665], [-9316157.119799996, 5280250.8126124935], [-9316170.831699995, 5280249.970151091], [-9316185.808199996, 5280249.761802555], [-9316187.2294, 5280289.928330535]]], [[[-9316136.495099995, 5280547.563924075], [-9316135.126000002, 5280506.1463003], [-9316137.290799998, 5280506.175395368], [-9316149.524599997, 5280506.118998763], [-9316150.802299997, 5280547.206014907], [-9316136.495099995, 5280547.563924075]]], [[[-9316095.993499998, 5280508.956564789], [-9316097.3292, 5280549.043288654], [-9316077.696300002, 5280549.451117789], [-9316059.146799995, 5280549.915044605], [-9316040.929999996, 5280550.370701239], [-9316022.126799995, 5280550.674405915], [-9316003.660499996, 5280551.136439561], [-9316002.2338, 5280510.7190083675], [-9316020.872600002, 5280510.5025889035], [-9316039.671600001, 5280510.032384746], [-9316057.805000002, 5280509.57892021], [-9316076.2734, 5280509.200086505], [-9316095.993499998, 5280508.956564789]]], [[[-9316099.808999997, 5280614.905055333], [-9316079.685099995, 5280615.658039682], [-9316078.397499999, 5280574.154922069], [-9316098.277799997, 5280573.657715258], [-9316099.808999997, 5280614.905055333]]], [[[-9316306.715899998, 5280611.058428266], [-9316313.3726, 5280610.974929428], [-9316314.8049, 5280651.559062534], [-9316301.7431, 5280651.802883188], [-9316299.732799998, 5280611.399697474], [-9316306.715899998, 5280611.058428266]]], [[[-9316188.879799997, 5280761.672544114], [-9316175.736899996, 5280762.001457924], [-9316174.951999998, 5280720.651483291], [-9316187.6789, 5280720.333031765], [-9316202.568699999, 5280719.960375735], [-9316205.648499997, 5280719.9664538065], [-9316207.090899998, 5280760.9670882765], [-9316203.599099997, 5280761.137772721], [-9316188.879799997, 5280761.672544114]]], [[[-9316248.165500002, 5280785.826236369], [-9316261.393700002, 5280785.578330413], [-9316270.040600002, 5280785.195311723], [-9316271.327399999, 5280829.945824874], [-9316262.9279, 5280830.239366256], [-9316249.285699995, 5280830.580834804], [-9316248.165500002, 5280785.826236369]]], [[[-9316069.0806, 5280880.538969203], [-9316050.447299996, 5280881.004988596], [-9316031.901399998, 5280881.635315443], [-9316030.5388, 5280837.136293541], [-9316049.1741, 5280836.7534741135], [-9316067.807299998, 5280836.287255467], [-9316077.373499997, 5280836.048018229], [-9316076.582599994, 5280791.118649896], [-9316085.0695, 5280790.9896152355], [-9316105.929900002, 5280789.718599005], [-9316107.5714, 5280835.375941972], [-9316108.667999996, 5280879.215741182], [-9316087.7972, 5280880.070857372], [-9316069.0806, 5280880.538969203]]], [[[-9316322.1732, 5280872.7065155115], [-9316320.819699997, 5280828.623394028], [-9316336.1151, 5280827.824176287], [-9316336.558299996, 5280835.554498045], [-9316337.002099998, 5280853.273397662], [-9316337.056199998, 5280855.43619789], [-9316337.728599995, 5280872.317020147], [-9316322.1732, 5280872.7065155115]]], [[[-9316137.047899997, 5280948.926743357], [-9316135.738799999, 5280903.260628012], [-9316149.9571, 5280902.655211326], [-9316151.769399999, 5280948.474972551], [-9316137.047899997, 5280948.926743357]]], [[[-9316111.616, 5280947.149153804], [-9316089.6572, 5280947.78167277], [-9316071.196399996, 5280948.493206799], [-9316052.483999997, 5280949.127718589], [-9316043.124599999, 5280949.320224356], [-9316041.886899998, 5280906.482409318], [-9316069.877399996, 5280905.740684202], [-9316088.419299996, 5280904.943857791], [-9316110.7086, 5280904.219868703], [-9316111.616, 5280947.149153804]]], [[[-9316142.039899996, 5281101.882255174], [-9316140.699700002, 5281058.297229643], [-9316155.425799996, 5281058.011858743], [-9316165.495399999, 5281057.926466685], [-9316166.754599996, 5281101.596684978], [-9316157.0244, 5281101.760494256], [-9316156.603799997, 5281101.76766838], [-9316142.039899996, 5281101.882255174]]], [[[-9316074.637599995, 5281059.450470868], [-9316093.269200003, 5281058.901251445], [-9316094.453199996, 5281102.906461745], [-9316075.821599994, 5281103.4556811685], [-9316056.929899996, 5281103.595277774], [-9316055.758500002, 5281060.089167603], [-9316074.637599995, 5281059.450470868]]], [[[-9316230.939999996, 5281129.267002197], [-9316245.2534, 5281129.215089411], [-9316259.395, 5281128.83296738], [-9316259.9673, 5281171.768736561], [-9316245.743299998, 5281172.2354535395], [-9316231.434899997, 5281172.620166226], [-9316230.939999996, 5281129.267002197]]], [[[-9315896.3408, 5280729.700448811], [-9315877.208699998, 5280730.178624308], [-9315876.167099997, 5280688.502327566], [-9315894.885400001, 5280688.1178143], [-9315896.3408, 5280729.700448811]]], [[[-9315916.633200001, 5280768.981285867], [-9315897.667199997, 5280769.455376094], [-9315896.3408, 5280729.700448811], [-9315915.886799999, 5280729.128710737], [-9315916.633200001, 5280768.981285867]]], [[[-9316030.5388, 5280837.136293541], [-9316012.078299996, 5280837.847628215], [-9316010.880199999, 5280793.261422235], [-9316029.097299999, 5280792.805765514], [-9316030.5388, 5280837.136293541]]], [[[-9315859.7037, 5280842.405989207], [-9315858.1777, 5280797.99445314], [-9315878.385099998, 5280797.23957551], [-9315879.414200002, 5280841.74686623], [-9315859.7037, 5280842.405989207]]], [[[-9315835.4098, 5280842.846600204], [-9315816.021600002, 5280843.081353612], [-9315814.730899999, 5280798.081140516], [-9315833.942099996, 5280797.434572289], [-9315835.4098, 5280842.846600204]]], [[[-9315956.374099998, 5280883.690304511], [-9315938.3272, 5280884.308076639], [-9315936.721800001, 5280840.064632941], [-9315955.103399996, 5280839.521989897], [-9315956.374099998, 5280883.690304511]]], [[[-9315918.4276, 5280840.771782705], [-9315919.693799997, 5280884.773996392], [-9315901.3101, 5280885.233339853], [-9315899.958599994, 5280841.1503175795], [-9315918.4276, 5280840.771782705]]], [[[-9315863.333599998, 5280954.356263107], [-9315861.855399998, 5280911.857425459], [-9315882.316799996, 5280911.2627699515], [-9315883.381200003, 5280953.855269814], [-9315863.333599998, 5280954.356263107]]], [[[-9315980.964000002, 5281104.829128332], [-9315979.730599998, 5281062.156910962], [-9315999.1068, 5281061.422758451], [-9316019.239800002, 5281061.002474074], [-9316017.7714, 5281018.919134542], [-9316035.9889, 5281018.463577378], [-9316036.954399996, 5281060.392972031], [-9316038.377199998, 5281103.976004813], [-9316020.321599996, 5281104.261076802], [-9316000.2674, 5281104.512868815], [-9315980.964000002, 5281104.829128332]]], [[[-9315887.865899997, 5281106.657036642], [-9315867.6413, 5281106.746215048], [-9315866.2794, 5281065.575582659], [-9315886.325199997, 5281064.991389351], [-9315887.865899997, 5281106.657036642]]], [[[-9315842.814099995, 5281109.197973677], [-9315823.352800002, 5281109.850819423], [-9315822.174099999, 5281066.012008835], [-9315842.3031, 5281065.42562343], [-9315842.814099995, 5281109.197973677]]], [[[-9316059.980599998, 5281177.064938003], [-9316041.0985, 5281177.685599855], [-9316040.7207, 5281136.494538854], [-9316059.191799998, 5281136.213153579], [-9316059.980599998, 5281177.064938003]]], [[[-9315948.5855, 5281217.960964202], [-9315929.2834, 5281218.338104208], [-9315928.447399996, 5281179.817113439], [-9315947.753099995, 5281179.689672993], [-9315948.5855, 5281217.960964202]]], [[[-9315380.988699997, 5280414.19762584], [-9315399.6252, 5280413.89940143], [-9315400.972299997, 5280457.897415715], [-9315382.2503, 5280458.114731937], [-9315380.988699997, 5280414.19762584]]], [[[-9315788.1341, 5280666.816536698], [-9315771.677499996, 5280667.299893484], [-9315770.605099997, 5280624.375998248], [-9315785.243499998, 5280623.945451016], [-9315787.7387, 5280623.872015873], [-9315789.402599996, 5280623.837540212], [-9315790.640899999, 5280666.743001909], [-9315788.9775, 5280666.7917261785], [-9315788.1341, 5280666.816536698]]], [[[-9315736.320900002, 5280668.023982076], [-9315734.6571, 5280668.065532232], [-9315717.523299998, 5280668.569215697], [-9315715.859899994, 5280668.618238902], [-9315699.805699995, 5280669.0191928735], [-9315698.911599997, 5280626.558626585], [-9315714.708899997, 5280625.862835948], [-9315716.373, 5280625.835733702], [-9315724.194199996, 5280625.708791523], [-9315733.761799997, 5280625.553451757], [-9315735.4253, 5280625.504129632], [-9315742.619799998, 5280625.291097929], [-9315751.7272, 5280625.021470345], [-9315753.390199998, 5280624.96387805], [-9315754.621299999, 5280667.583072212], [-9315752.957399998, 5280667.608480576], [-9315736.320900002, 5280668.023982076]]], [[[-9315660.464499999, 5280670.167949904], [-9315659.646499999, 5280627.404276734], [-9315678.031799996, 5280627.02843222], [-9315679.695699997, 5280626.994155838], [-9315680.6737, 5280669.496969778], [-9315679.010099998, 5280669.538519933], [-9315677.464999996, 5280669.590930918], [-9315660.464499999, 5280670.167949904]]], [[[-9315389.744799998, 5280738.603440838], [-9315409.708800001, 5280738.105436839], [-9315411.031, 5280781.106856282], [-9315390.813199999, 5280781.444638111], [-9315389.744799998, 5280738.603440838]]], [[[-9315742.411999997, 5280845.253420392], [-9315724.446199998, 5280845.785202616], [-9315705.7341, 5280846.41901686], [-9315704.441699995, 5280801.335703337], [-9315723.070699995, 5280800.704081215], [-9315741.784899998, 5280800.153267646], [-9315759.9211, 5280799.783501162], [-9315778.2195, 5280799.243249506], [-9315778.842499996, 5280844.176703413], [-9315760.878999997, 5280844.791884856], [-9315742.411999997, 5280845.253420392]]], [[[-9315667.804100001, 5280847.449600228], [-9315648.1726, 5280847.939732649], [-9315629.0403, 5280848.417310334], [-9315627.994999995, 5280826.5515657645], [-9315627.498799996, 5280803.340274107], [-9315647.046899999, 5280802.8520348845], [-9315666.840499999, 5280802.191516964], [-9315685.893799998, 5280801.882132716], [-9315686.5185, 5280846.898985933], [-9315667.804100001, 5280847.449600228]]], [[[-9315289.045300001, 5280942.886426312], [-9315288.685000002, 5280921.752540858], [-9315335.7801, 5280921.077475341], [-9315336.725, 5280942.2803121265], [-9315289.045300001, 5280942.886426312]]], [[[-9315680.485599997, 5280915.306188224], [-9315681.192400001, 5280956.96047167], [-9315673.7884, 5280957.112224412], [-9315669.628800001, 5280957.197317552], [-9315650.7519, 5280957.918516714], [-9315631.7878, 5280958.475209144], [-9315631.457799995, 5280938.589023896], [-9315630.9096, 5280916.627224193], [-9315680.485599997, 5280915.306188224]]], [[[-9315687.791999998, 5281110.881004439], [-9315674.295399997, 5281111.317330985], [-9315673.035900002, 5281070.3199735945], [-9315692.661699995, 5281069.580141543], [-9315693.452499999, 5281110.69806416], [-9315687.791999998, 5281110.881004439]]], [[[-9315426.196199998, 5281223.56914084], [-9315420.905299997, 5281231.389340861], [-9315416.4918, 5281231.206699463], [-9315416.489000002, 5281214.56142312], [-9315345.9385, 5281216.047364739], [-9315345.151300002, 5281153.140412048], [-9315414.956299998, 5281151.915529101], [-9315424.955999995, 5281158.255367007], [-9315426.196199998, 5281223.56914084]]], [[[-9315642.853599997, 5281334.966939978], [-9315601.348199999, 5281336.512965068], [-9315600.651599998, 5281312.553960478], [-9315641.918499997, 5281311.760720893], [-9315642.853599997, 5281334.966939978]]], [[[-9315642.236799998, 5281360.11097183], [-9315661.696700001, 5281359.149538708], [-9315662.0742, 5281400.424703515], [-9315643.025, 5281401.047158994], [-9315642.227500001, 5281381.417342493], [-9315642.236799998, 5281360.11097183]]]]}, "properties": {"Group": 5, "Chld_Rt": 0.061202553795546, "Med_Income": 24449.274193548386, "Bay_Ld_Est": 10.45273854950852}}, {"type": "Feature", "geometry": {"type": "MultiPolygon", "coordinates": [[[[-9319567.824699998, 5288125.019013931], [-9319568.088499999, 5288140.751964265], [-9319529.755900001, 5288141.393155538], [-9319526.248899998, 5288141.451744566], [-9319525.931599999, 5288125.841253286], [-9319529.4084, 5288125.773098695], [-9319567.824699998, 5288125.019013931]]], [[[-9319594.939299995, 5288145.112961653], [-9319594.627200002, 5288127.1144688185], [-9319635.6419, 5288127.215505012], [-9319641.897800002, 5288127.230849768], [-9319642.142199995, 5288139.063344469], [-9319642.236800002, 5288143.640164734], [-9319636.005799998, 5288143.834365482], [-9319594.939299995, 5288145.112961653]]], [[[-9319643.249500003, 5288192.681084332], [-9319637.0811, 5288192.92689924], [-9319595.797099996, 5288194.571577324], [-9319595.512499996, 5288178.166546279], [-9319595.2396, 5288162.426222035], [-9319636.3946, 5288161.582858723], [-9319642.604699995, 5288161.455517236], [-9319642.843799999, 5288173.036218882], [-9319642.9332, 5288177.36134553], [-9319643.182599995, 5288189.436267812], [-9319643.249500003, 5288192.681084332]]], [[[-9319527.631899998, 5288209.52403876], [-9319527.2731, 5288191.865321612], [-9319530.877399998, 5288191.794775625], [-9319568.9319, 5288191.047466437], [-9319569.234799994, 5288209.1172036305], [-9319547.2105, 5288209.3326279735], [-9319531.271, 5288209.488566483], [-9319527.631899998, 5288209.52403876]]], [[[-9319619.5346, 5288227.191923148], [-9319619.667699996, 5288235.102639607], [-9319620.177299997, 5288265.390584498], [-9319597.03, 5288265.682134748], [-9319596.368699998, 5288227.5429592], [-9319619.5346, 5288227.191923148]]], [[[-9319621.1152, 5288335.276654637], [-9319621.3824, 5288341.749847613], [-9319597.420799999, 5288342.134064234], [-9319596.9262, 5288304.3259942625], [-9319619.8227, 5288303.953535325], [-9319621.1152, 5288335.276654637]]], [[[-9319787.655800002, 5288509.90670298], [-9319787.5642, 5288506.495584412], [-9319787.208699998, 5288493.256251554], [-9319791.103400001, 5288493.419962116], [-9319833.7387, 5288492.390668017], [-9319833.968599997, 5288508.819417661], [-9319791.520399999, 5288509.836156968], [-9319787.655800002, 5288509.90670298]]], [[[-9319799.779799996, 5288660.712947383], [-9319821.270599999, 5288660.354438125], [-9319837.545399997, 5288660.083015328], [-9319837.538900001, 5288664.16372359], [-9319838.931300001, 5288719.703664812], [-9319822.2767, 5288719.929950145], [-9319801.0431, 5288720.361695735], [-9319799.779799996, 5288660.712947383]]], [[[-9319790.542199994, 5288660.866992774], [-9319791.3816, 5288720.278096721], [-9319746.415699998, 5288721.07990999], [-9319745.444299998, 5288666.035982913], [-9319745.282699997, 5288661.621476424], [-9319790.542199994, 5288660.866992774]]], [[[-9319623.2094, 5288775.9379087975], [-9319623.4051, 5288769.606403521], [-9319642.552500002, 5288769.067144967], [-9319642.475899998, 5288739.410216488], [-9319647.314, 5288740.961631038], [-9319647.402599996, 5288775.256462146], [-9319644.244699996, 5288775.345441799], [-9319623.2094, 5288775.9379087975]]], [[[-9319494.309399998, 5288778.622244639], [-9319493.887999997, 5288758.553596004], [-9319514.451299999, 5288757.628426811], [-9319532.111999996, 5288756.894768138], [-9319535.714499997, 5288756.860491554], [-9319536.046599993, 5288777.844145958], [-9319532.4693, 5288777.964612246], [-9319494.309399998, 5288778.622244639]]], [[[-9319713.3582, 5288760.674261145], [-9319713.9957, 5288796.232444474], [-9319691.262399996, 5288796.593644083], [-9319690.870199995, 5288789.684219337], [-9319690.398299996, 5288754.041540396], [-9319713.3582, 5288760.674261145]]], [[[-9319494.5684, 5288799.191889914], [-9319532.819599995, 5288798.616860126], [-9319536.377799997, 5288798.773595843], [-9319536.631899996, 5288814.823612879], [-9319533.0949, 5288814.853903834], [-9319495.044399995, 5288815.928634621], [-9319494.5684, 5288799.191889914]]], [[[-9319697.113300001, 5288944.962496716], [-9319716.597799994, 5288944.462397108], [-9319717.4627, 5288987.098703927], [-9319698.146199998, 5288987.763909159], [-9319697.669899995, 5288980.7716814885], [-9319697.113300001, 5288944.962496716]]], [[[-9319609.370499998, 5289027.502947603], [-9319607.459999995, 5289018.357471456], [-9319606.413, 5289012.786028746], [-9319658.229699997, 5289005.920544657], [-9319661.858099995, 5289005.554064008], [-9319662.205999995, 5289021.553764743], [-9319658.5482, 5289022.334653528], [-9319610.1527, 5289031.327479268], [-9319609.370499998, 5289027.502947603]]], [[[-9319541.348699994, 5289059.401213916], [-9319500.962199999, 5289060.246072435], [-9319500.738799997, 5289043.839934397], [-9319500.427899998, 5289026.934992247], [-9319540.903299998, 5289026.755737577], [-9319541.044200001, 5289043.2457733685], [-9319541.348699994, 5289059.401213916]]], [[[-9319542.024899999, 5289158.01072486], [-9319502.5539, 5289158.847612137], [-9319502.160399996, 5289142.026367188], [-9319542.052, 5289141.685593945], [-9319542.024899999, 5289158.01072486]]], [[[-9319585.202299995, 5289220.525977121], [-9319565.135699997, 5289221.1972606], [-9319564.858099997, 5289178.97126896], [-9319584.346499996, 5289178.887968835], [-9319585.202299995, 5289220.525977121]]], [[[-9319416.479900002, 5288082.25190652], [-9319374.7167, 5288082.580722529], [-9319374.331699997, 5288062.678684769], [-9319416.1267, 5288062.352459429], [-9319416.479900002, 5288082.25190652]]], [[[-9319416.479900002, 5288082.25190652], [-9319456.910999998, 5288081.933353536], [-9319457.307199998, 5288103.339974007], [-9319416.856699994, 5288103.491827227], [-9319416.479900002, 5288082.25190652]]], [[[-9319407.176599998, 5288270.658317506], [-9319378.367499996, 5288271.263438723], [-9319377.130200002, 5288207.314494547], [-9319405.7003, 5288206.975116528], [-9319407.176599998, 5288270.658317506]]], [[[-9319301.543999998, 5288209.719435219], [-9319277.566399995, 5288210.15556486], [-9319278.944900002, 5288272.722186366], [-9319250.049099999, 5288272.976470782], [-9319248.333699996, 5288210.687051173], [-9319247.728399996, 5288188.7073922455], [-9319310.906699998, 5288187.908668168], [-9319311.204999994, 5288209.5435684435], [-9319325.4454, 5288209.284600898], [-9319327.434900003, 5288209.248431129], [-9319353.783299997, 5288208.7690571835], [-9319355.139499994, 5288272.051102657], [-9319329.2416, 5288272.279281082], [-9319327.3264, 5288272.296120445], [-9319303.0939, 5288272.509651604], [-9319301.543999998, 5288209.719435219]]], [[[-9319357.2618, 5288371.301545866], [-9319329.883299997, 5288371.930182451], [-9319327.8366, 5288310.590837281], [-9319355.9728, 5288309.978541883], [-9319357.2618, 5288371.301545866]]], [[[-9319314.7278, 5288414.164517698], [-9319358.145100001, 5288413.319958514], [-9319358.5879, 5288434.379334715], [-9319315.231899993, 5288435.119669165], [-9319314.7278, 5288414.164517698]]], [[[-9319490.010699997, 5288452.102921619], [-9319529.233499996, 5288451.01663274], [-9319532.965199998, 5288450.913304779], [-9319533.236, 5288467.241216955], [-9319529.5131, 5288467.293130034], [-9319490.280999996, 5288467.840060848], [-9319490.010699997, 5288452.102921619]]], [[[-9319465.975299995, 5288515.507238766], [-9319425.19, 5288516.029956767], [-9319424.860099996, 5288496.009438909], [-9319465.596499996, 5288495.440188456], [-9319465.975299995, 5288515.507238766]]], [[[-9319491.9896, 5288567.354867283], [-9319491.7064, 5288550.866631075], [-9319530.945499998, 5288550.62270929], [-9319534.618099997, 5288550.599891444], [-9319534.886499994, 5288566.797175182], [-9319531.2244, 5288566.844803698], [-9319491.9896, 5288567.354867283]]], [[[-9319467.1717, 5288578.876186374], [-9319426.236199997, 5288579.5276409], [-9319425.886499997, 5288558.302658583], [-9319466.767500002, 5288557.474241193], [-9319467.1717, 5288578.876186374]]], [[[-9319513.257299997, 5288616.54327195], [-9319492.834699998, 5288616.569278322], [-9319492.5501, 5288599.999136383], [-9319492.2898, 5288584.842405859], [-9319531.5249, 5288584.332840482], [-9319535.176599998, 5288584.285411235], [-9319535.4369, 5288599.987777281], [-9319535.710900001, 5288616.514575274], [-9319532.078199996, 5288616.519258416], [-9319513.257299997, 5288616.54327195]]], [[[-9319257.052199999, 5288741.584189673], [-9319256.8805, 5288721.430248683], [-9319256.360199999, 5288699.447193295], [-9319305.6579, 5288698.77720543], [-9319329.478, 5288698.907436563], [-9319361.037, 5288698.305204762], [-9319362.322699996, 5288761.175556366], [-9319329.761800002, 5288761.536457061], [-9319320.098199999, 5288761.20245952], [-9319320.4457, 5288782.4375089165], [-9319257.744799998, 5288783.804686806], [-9319257.150299996, 5288762.904631335], [-9319257.052199999, 5288741.584189673]]], [[[-9319476.129499996, 5289087.943661822], [-9319476.557199996, 5289108.762315606], [-9319476.819000002, 5289129.666063383], [-9319477.2487, 5289150.734717841], [-9319477.694199996, 5289173.635776178], [-9319434.140299998, 5289174.257438269], [-9319382.0953, 5289175.367940577], [-9319381.407999998, 5289153.385076779], [-9319394.149299996, 5289153.193167631], [-9319393.628000002, 5289131.125708755], [-9319381.137199996, 5289131.398825559], [-9319380.707799997, 5289110.3300717715], [-9319393.116499996, 5289110.224252713], [-9319392.772399995, 5289089.404702135], [-9319392.176199997, 5289068.337543286], [-9319380.5199, 5289068.770185794], [-9319379.844699996, 5289048.203425834], [-9319379.8248, 5289045.871520688], [-9319392.4827, 5289045.680209406], [-9319391.624299997, 5289003.626503279], [-9319413.027199997, 5289003.4439604385], [-9319433.511099994, 5289002.935989146], [-9319432.137299998, 5288949.309746305], [-9319452.5406, 5288949.135672975], [-9319453.4932, 5289002.182402086], [-9319474.061699996, 5289001.840233894], [-9319475.260700002, 5289044.723852283], [-9319475.7866, 5289067.290711864], [-9319476.129499996, 5289087.943661822]]], [[[-9319309.2013, 5288064.274139918], [-9319244.332399996, 5288065.395701458], [-9319243.733999997, 5288043.677005318], [-9319308.8967, 5288042.187468803], [-9319309.2013, 5288064.274139918]]], [[[-9319140.853299996, 5288046.628975951], [-9319206.006899994, 5288045.180391975], [-9319206.5538, 5288066.6699133245], [-9319207.070700001, 5288086.97878625], [-9319141.727699999, 5288088.135321878], [-9319141.303299997, 5288067.990458368], [-9319140.853299996, 5288046.628975951]]], [[[-9319143.473799998, 5288171.022270454], [-9319077.754799994, 5288172.475238785], [-9319077.450399997, 5288151.910485863], [-9319143.050199999, 5288150.911682248], [-9319143.473799998, 5288171.022270454]]], [[[-9319133.0887, 5288212.747930681], [-9319133.912899997, 5288273.508654602], [-9319109.103799999, 5288273.306183611], [-9319107.781399999, 5288213.340795993], [-9319133.0887, 5288212.747930681]]], [[[-9319148.276599998, 5288376.027529885], [-9319161.098099995, 5288375.774839706], [-9319187.000699997, 5288375.26447727], [-9319214.1221, 5288374.730001666], [-9319214.496899994, 5288395.627759134], [-9319148.691800002, 5288396.926084526], [-9319148.276599998, 5288376.027529885]]], [[[-9319150.775099998, 5288501.804872913], [-9319150.385499997, 5288482.195176147], [-9319149.952199994, 5288460.379123546], [-9319149.536999999, 5288439.473593012], [-9319149.124400001, 5288418.7059662845], [-9319214.888399996, 5288417.448194867], [-9319215.267799996, 5288438.59944036], [-9319215.636599995, 5288459.164098181], [-9319216.026600001, 5288480.899939556], [-9319216.3837, 5288500.80327907], [-9319150.775099998, 5288501.804872913]]], [[[-9319253.680999996, 5288498.399633211], [-9319316.7336, 5288497.519601698], [-9319317.212200003, 5288517.412977338], [-9319254.093000002, 5288518.220968231], [-9319253.680999996, 5288498.399633211]]], [[[-9318933.672799995, 5288506.043113489], [-9318996.404100003, 5288504.877510153], [-9318996.812500002, 5288525.433002021], [-9318934.155400002, 5288526.110761812], [-9318933.672799995, 5288506.043113489]]], [[[-9319217.141099995, 5288543.022273759], [-9319151.611899996, 5288543.935485846], [-9319151.2018, 5288523.288722281], [-9319216.768999996, 5288522.288523401], [-9319217.141099995, 5288543.022273759]]], [[[-9319217.885, 5288584.487384059], [-9319152.435599996, 5288585.39870299], [-9319152.026599998, 5288564.809531427], [-9319217.496599996, 5288562.843111268], [-9319217.885, 5288584.487384059]]], [[[-9318935.204699997, 5288569.74047821], [-9318997.663999999, 5288568.290797585], [-9318998.053400002, 5288587.895115032], [-9318935.6654, 5288588.896509662], [-9318935.204699997, 5288569.74047821]]], [[[-9319090.275099996, 5288765.823522693], [-9319112.7515, 5288764.633008807], [-9319133.323200002, 5288764.707939042], [-9319154.307699995, 5288764.362881324], [-9319173.877199998, 5288764.113080656], [-9319219.178699996, 5288763.561068023], [-9319219.355999995, 5288784.381211208], [-9319154.315299997, 5288784.851418363], [-9319090.5311, 5288786.143367091], [-9319090.275099996, 5288765.823522693]]]]}, "properties": {"Group": 6, "Chld_Rt": 0.033380068953821, "Med_Income": 38341.96721311475, "Bay_Ld_Est": 9.537081339712918}}, {"type": "Feature", "geometry": {"type": "MultiPolygon", "coordinates": [[[[-9320631.914400002, 5286597.535637924], [-9320630.2539, 5286600.280849982], [-9320623.2102, 5286611.925905862], [-9320619.457899997, 5286618.129461425], [-9320617.961999997, 5286620.602454013], [-9320594.786899999, 5286610.790096901], [-9320590.3053, 5286608.89263134], [-9320583.137799999, 5286605.857961873], [-9320599.431299996, 5286567.08093277], [-9320611.065299997, 5286572.0148612], [-9320639.943499995, 5286584.261549803], [-9320631.914400002, 5286597.535637924]]], [[[-9321398.084899994, 5286775.124594339], [-9321390.846899996, 5286792.529506273], [-9321349.765200002, 5286776.200718421], [-9321356.796900002, 5286759.211907989], [-9321398.084899994, 5286775.124594339]]], [[[-9321333.926499994, 5287092.1461999845], [-9321294.618799994, 5287075.368026798], [-9321302.042799998, 5287057.792625068], [-9321308.7568, 5287041.898568149], [-9321348.164600002, 5287058.949857255], [-9321359.468899999, 5287064.082173067], [-9321353.439599998, 5287079.065310957], [-9321346.086999997, 5287097.336706338], [-9321333.926499994, 5287092.1461999845]]], [[[-9320391.292400002, 5287169.548138675], [-9320383.820999999, 5287166.347864304], [-9320363.892199997, 5287157.8118065065], [-9320382.5367, 5287127.74060697], [-9320392.1709, 5287112.201869505], [-9320401.0343, 5287097.905856556], [-9320409.0818, 5287084.926202875], [-9320446.8822, 5287100.888414858], [-9320472.355599994, 5287111.644975165], [-9320487.493999999, 5287118.037353067], [-9320471.1819, 5287157.05353738], [-9320478.582599996, 5287160.190639249], [-9320486.987199998, 5287163.753009547], [-9320488.908699999, 5287164.567675562], [-9320490.421, 5287165.208667069], [-9320474.117900003, 5287205.023875177], [-9320462.245799998, 5287199.938888359], [-9320452.9316, 5287195.949455998], [-9320446.3577, 5287193.133696768], [-9320431.110300003, 5287186.602916907], [-9320414.758199995, 5287179.59914057], [-9320430.564599996, 5287139.836842681], [-9320426.3066, 5287138.032042622], [-9320408.513799999, 5287128.646843184], [-9320391.292400002, 5287169.548138675]]], [[[-9320550.214399997, 5287144.521670418], [-9320564.798900003, 5287150.679991447], [-9320548.352699999, 5287189.764032361], [-9320541.256599996, 5287186.756364275], [-9320533.665299997, 5287183.53855302], [-9320525.815299999, 5287180.211236143], [-9320518.2932, 5287177.022819037], [-9320514.433199996, 5287175.386711379], [-9320510.059799997, 5287173.532887826], [-9320506.1222, 5287171.86379895], [-9320522.313699998, 5287132.7403006805], [-9320534.551399998, 5287137.90779011], [-9320541.6323, 5287140.897721949], [-9320550.214399997, 5287144.521670418]]], [[[-9320418.498000002, 5287260.940796096], [-9320402.590199994, 5287300.644309406], [-9320382.255699998, 5287291.941750363], [-9320398.5332, 5287252.7112338655], [-9320418.498000002, 5287260.940796096]]], [[[-9320441.5626, 5287317.323043622], [-9320457.386899998, 5287276.970566956], [-9320476.230400002, 5287284.737694728], [-9320459.192899996, 5287324.867971854], [-9320441.5626, 5287317.323043622]]], [[[-9320770.258899998, 5287285.424620866], [-9320774.2187, 5287287.13635628], [-9320776.695399998, 5287288.207100163], [-9320778.437599998, 5287284.235304022], [-9320811.2305, 5287299.140026855], [-9320804.0676, 5287310.691824878], [-9320786.497899998, 5287339.026781428], [-9320769.142999995, 5287331.645762827], [-9320758.2853, 5287327.028092559], [-9320753.818200001, 5287325.12823456], [-9320739.3888, 5287318.991235922], [-9320756.244899997, 5287279.366338911], [-9320762.196999995, 5287281.9394721305], [-9320770.258899998, 5287285.424620866]]], [[[-9320391.882299997, 5287322.4521719385], [-9320375.116499996, 5287362.025854718], [-9320355.850400003, 5287353.632282495], [-9320372.359800002, 5287314.080720313], [-9320391.882299997, 5287322.4521719385]]], [[[-9320675.4215, 5287415.925945528], [-9320632.974, 5287397.919192591], [-9320643.503299998, 5287371.86651559], [-9320685.930399999, 5287390.057703956], [-9320675.4215, 5287415.925945528]]], [[[-9320377.736499997, 5287410.022405701], [-9320394.3985, 5287370.42630221], [-9320413.166699996, 5287378.602856081], [-9320396.922599997, 5287418.211913177], [-9320377.736499997, 5287410.022405701]]], [[[-9320532.291699996, 5287417.164485238], [-9320527.481700001, 5287428.404407455], [-9320509.263900002, 5287420.467888836], [-9320526.148500001, 5287380.025333339], [-9320544.7683, 5287388.009181263], [-9320532.291699996, 5287417.164485238]]], [[[-9321132.4545, 5287612.251043398], [-9321123.701599998, 5287608.743374881], [-9321114.768399997, 5287604.87630064], [-9321123.257200003, 5287584.000078384], [-9321131.755599998, 5287563.304705206], [-9321139.521599997, 5287566.614685503], [-9321150.038099997, 5287571.097043914], [-9321136.486799998, 5287602.518292086], [-9321132.4545, 5287612.251043398]]], [[[-9320181.075799998, 5287033.805416023], [-9320198.186100002, 5287041.090279236], [-9320214.547599997, 5287048.0563904755], [-9320197.3386, 5287087.476119315], [-9320181.354299998, 5287080.702315256], [-9320164.109099997, 5287073.393836873], [-9320146.452299995, 5287065.910886911], [-9320163.375899997, 5287026.269556841], [-9320181.075799998, 5287033.805416023]]], [[[-9320321.434700001, 5287047.802504856], [-9320345.242300002, 5287057.869747315], [-9320338.491799999, 5287069.076186995], [-9320329.625899998, 5287083.794478782], [-9320365.788300002, 5287106.305804154], [-9320356.681200001, 5287120.7817690885], [-9320339.684099996, 5287147.799365918], [-9320320.496400002, 5287139.668050582], [-9320334.564699998, 5287107.3298161635], [-9320337.565799996, 5287100.430962381], [-9320323.270499999, 5287094.34488141], [-9320320.574599996, 5287098.820562239], [-9320300.956699997, 5287131.387672145], [-9320283.197799997, 5287123.8617764935], [-9320265.772699999, 5287116.477470978], [-9320248.6887, 5287109.237545487], [-9320232.351200001, 5287102.3140803315], [-9320214.5621, 5287094.7752315095], [-9320231.667099997, 5287055.345040129], [-9320249.015399994, 5287062.731138852], [-9320265.855100002, 5287069.900717429], [-9320282.247799996, 5287076.8796825325], [-9320286.0508, 5287078.49895071], [-9320300.292900002, 5287084.562313421], [-9320304.782099994, 5287086.473629787], [-9320321.434700001, 5287047.802504856]]], [[[-9320090.324999994, 5287074.209299982], [-9320077.4915, 5287104.912721333], [-9320073.6449, 5287114.11527838], [-9320069.703900002, 5287123.543921245], [-9320057.459699998, 5287152.837222264], [-9320018.7856, 5287136.410781534], [-9320030.980799995, 5287107.629636368], [-9320039.137599995, 5287088.379565539], [-9320052.0368, 5287057.936506888], [-9320090.324999994, 5287074.209299982]]], [[[-9320094.279000001, 5287122.812455615], [-9320111.443399997, 5287083.184774647], [-9320130.230899997, 5287091.169517508], [-9320113.4883, 5287130.90929501], [-9320097.147900002, 5287169.694112954], [-9320077.573300002, 5287161.38005562], [-9320094.279000001, 5287122.812455615]]], [[[-9320115.815899998, 5287177.622957667], [-9320132.257900001, 5287138.820602645], [-9320152.467399994, 5287147.338824532], [-9320170.927299997, 5287155.119502732], [-9320154.619899996, 5287194.104101916], [-9320136.1518, 5287186.260151357], [-9320115.815899998, 5287177.622957667]]], [[[-9320343.515599998, 5287275.362159414], [-9320318.157100001, 5287264.509344408], [-9320334.014899999, 5287226.116511913], [-9320359.2549, 5287236.520642495], [-9320343.515599998, 5287275.362159414]]], [[[-9320165.926499998, 5287275.077285353], [-9320150.371499997, 5287311.758084903], [-9320131.5148, 5287303.676688774], [-9320146.823599996, 5287267.084769354], [-9320165.926499998, 5287275.077285353]]], [[[-9320296.298699997, 5287497.451154903], [-9320311.735, 5287460.374276453], [-9320331.211100003, 5287468.685844682], [-9320315.816299997, 5287505.801981988], [-9320296.298699997, 5287497.451154903]]], [[[-9320369.398, 5287484.9816600345], [-9320353.896499997, 5287522.095007859], [-9320333.914799998, 5287513.545496174], [-9320349.5107, 5287476.494922519], [-9320369.398, 5287484.9816600345]]], [[[-9319918.675199999, 5286922.656429657], [-9319924.2026, 5286924.958438664], [-9319907.462699996, 5286964.915727655], [-9319889.837199997, 5286957.339115649], [-9319872.175900001, 5286949.747258584], [-9319855.198400002, 5286942.449043984], [-9319871.649100002, 5286903.071467761], [-9319881.137699999, 5286907.023234871], [-9319888.867399996, 5286910.242440426], [-9319900.172000002, 5286914.950483716], [-9319905.974099997, 5286917.366980359], [-9319918.675199999, 5286922.656429657]]], [[[-9319976.311799997, 5286946.660077437], [-9319959.4296, 5286987.254372874], [-9319942.254899997, 5286979.871463092], [-9319959.279899996, 5286939.567023946], [-9319976.311799997, 5286946.660077437]]], [[[-9320030.980099998, 5287018.010402693], [-9319994.243200002, 5287002.218976616], [-9319977.059999999, 5286994.832778595], [-9319994.0829, 5286954.061022076], [-9320011.407900002, 5286961.276235675], [-9320004.1561, 5286978.573836618], [-9320044.4358, 5286995.987918265], [-9320030.980099998, 5287018.010402693]]], [[[-9319970.242899997, 5287057.341848556], [-9319982.430999996, 5287028.968735601], [-9320020.6535, 5287045.468311556], [-9320008.566399997, 5287073.689870709], [-9319970.242899997, 5287057.341848556]]], [[[-9319955.3124, 5287196.297203609], [-9319943.367799994, 5287223.382856909], [-9319901.659, 5287205.477840272], [-9319913.744799998, 5287177.185034824], [-9319918.128399998, 5287166.922694081], [-9319898.0947, 5287158.257003152], [-9319879.180599999, 5287150.075468609], [-9319897.085599998, 5287109.674970108], [-9319915.630299997, 5287117.613878217], [-9319935.548899997, 5287126.140868399], [-9319923.110699996, 5287155.259199616], [-9319965.330700003, 5287173.579719155], [-9319955.3124, 5287196.297203609]]], [[[-9319995.590399997, 5287188.8626785325], [-9320008.5944, 5287158.7053883225], [-9320048.578799998, 5287175.827723104], [-9320036.020800002, 5287206.000657376], [-9319995.590399997, 5287188.8626785325]]], [[[-9320026.801999997, 5287228.15048675], [-9320030.8017, 5287218.5405958695], [-9320050.9805, 5287226.9836888695], [-9320035.497399997, 5287262.525489024], [-9320015.976899998, 5287254.15931876], [-9320026.801999997, 5287228.15048675]]], [[[-9319932.689799998, 5287247.84555705], [-9319920.3623, 5287277.15490309], [-9319881.636199998, 5287260.059769007], [-9319894.471899997, 5287231.046656482], [-9319932.689799998, 5287247.84555705]]], [[[-9320008.7045, 5287328.302303714], [-9319988.492499998, 5287319.620270547], [-9319992.049199997, 5287311.274725656], [-9320005.917399999, 5287278.733916491], [-9320026.247200001, 5287287.337133218], [-9320044.9042, 5287295.232499216], [-9320027.071500001, 5287336.191990417], [-9320008.7045, 5287328.302303714]]]]}, "properties": {"Group": 7, "Chld_Rt": 0.161664571270223, "Med_Income": 25803.70909090909, "Bay_Ld_Est": 9.537081339712918}}, {"type": "Feature", "geometry": {"type": "MultiPolygon", "coordinates": [[[[-9314370.671599997, 5288023.839834583], [-9314387.323899994, 5288023.555458559], [-9314388.372300003, 5288065.432269773], [-9314388.492699997, 5288069.9286793275], [-9314371.926099999, 5288070.28250528], [-9314371.808699999, 5288066.048152136], [-9314370.671599997, 5288023.839834583]]], [[[-9314286.8348, 5288072.098865028], [-9314286.7348, 5288068.6666236855], [-9314285.5005, 5288025.626999394], [-9314300.651299994, 5288025.201830326], [-9314319.0522, 5288024.887661585], [-9314320.280899998, 5288067.594284896], [-9314320.345499996, 5288071.383540724], [-9314302.153099997, 5288071.771942198], [-9314286.8348, 5288072.098865028]]], [[[-9314325.377799997, 5288239.335498689], [-9314307.3944, 5288239.725793385], [-9314291.989200002, 5288239.905546172], [-9314276.171899999, 5288240.3419747595], [-9314275.077300001, 5288195.7166543035], [-9314275.017999995, 5288192.24276259], [-9314290.5048, 5288191.89352009], [-9314290.355899999, 5288188.126384259], [-9314289.127399998, 5288145.419258773], [-9314304.444799997, 5288144.991100439], [-9314305.842999995, 5288187.862036074], [-9314305.905699994, 5288191.546071131], [-9314324.015399998, 5288191.137542101], [-9314324.113599995, 5288194.546667018], [-9314325.377799997, 5288239.335498689]]], [[[-9314412.6944, 5288192.367613035], [-9314429.757700002, 5288191.742962186], [-9314430.854399998, 5288236.451582579], [-9314413.785400001, 5288236.743132823], [-9314412.6944, 5288192.367613035]]], [[[-9314393.243500002, 5288238.509971097], [-9314376.753, 5288238.541756662], [-9314373.004700001, 5288238.522426254], [-9314356.934799997, 5288238.796738557], [-9314341.532499997, 5288239.14309147], [-9314340.101600002, 5288194.356850476], [-9314355.581499998, 5288193.676201259], [-9314370.237300001, 5288193.509202565], [-9314375.231599996, 5288193.340509972], [-9314391.8814, 5288192.88963343], [-9314393.243500002, 5288238.509971097]]], [[[-9314224.2987, 5288241.227187434], [-9314222.8798, 5288197.107047968], [-9314222.7311, 5288193.422016501], [-9314222.591000002, 5288189.948921921], [-9314221.355699997, 5288146.825594989], [-9314238.503499996, 5288146.283048522], [-9314250.8279, 5288146.156205243], [-9314252.446499996, 5288189.245953071], [-9314252.578099998, 5288192.748840377], [-9314256.078299997, 5288192.669824884], [-9314256.0989, 5288196.3736885395], [-9314257.686, 5288240.574238462], [-9314241.617399998, 5288240.931651547], [-9314224.2987, 5288241.227187434]]], [[[-9314292.671, 5288265.214418795], [-9314308.239899995, 5288264.865475204], [-9314309.551899994, 5288307.571508577], [-9314309.682299996, 5288310.670450626], [-9314293.993599996, 5288311.094523716], [-9314293.896799995, 5288307.755446285], [-9314292.671, 5288265.214418795]]], [[[-9314380.503099998, 5288384.988067388], [-9314397.236499995, 5288384.535696142], [-9314398.3004, 5288427.33001559], [-9314398.593699995, 5288431.155143313], [-9314381.632, 5288431.59595619], [-9314381.565499997, 5288427.699186399], [-9314380.503099998, 5288384.988067388]]], [[[-9314285.002499998, 5288554.716669481], [-9314301.486999996, 5288554.253238004], [-9314301.118199997, 5288557.922726478], [-9314302.418899998, 5288600.466653163], [-9314285.7666, 5288600.848976659], [-9314284.633699995, 5288558.386157956], [-9314285.002499998, 5288554.716669481]]], [[[-9314369.471399996, 5288671.726595062], [-9314368.272199996, 5288624.183763694], [-9314386.920899997, 5288623.608933272], [-9314389.587699998, 5288623.740858298], [-9314390.348500002, 5288650.300535167], [-9314390.194999997, 5288671.301027224], [-9314388.288899994, 5288671.316172701], [-9314369.471399996, 5288671.726595062]]], [[[-9314336.963999996, 5288624.756003469], [-9314353.285499997, 5288624.544465058], [-9314354.734299997, 5288672.084207559], [-9314338.165200002, 5288672.4655346675], [-9314336.963999996, 5288624.756003469]]], [[[-9314321.095299998, 5288672.769938729], [-9314304.609499998, 5288673.150169795], [-9314303.243199999, 5288625.526031112], [-9314319.8132, 5288625.228203379], [-9314321.095299998, 5288672.769938729]]], [[[-9314238.490299998, 5288718.983059171], [-9314237.249500003, 5288674.605430438], [-9314235.802300002, 5288627.148987937], [-9314253.4549, 5288626.837310079], [-9314255.149899997, 5288674.123864212], [-9314256.310699994, 5288718.752289997], [-9314238.490299998, 5288718.983059171]]], [[[-9314339.490799997, 5288716.92526774], [-9314322.671799997, 5288717.309783386], [-9314321.095299998, 5288672.769938729], [-9314338.165200002, 5288672.4655346675], [-9314339.490799997, 5288716.92526774]]], [[[-9314271.385900002, 5288673.747020961], [-9314287.790699994, 5288673.534585784], [-9314288.867299998, 5288718.08090715], [-9314272.5457, 5288718.292246275], [-9314271.385900002, 5288673.747020961]]], [[[-9314080.989199998, 5288125.6480489625], [-9314062.919799998, 5288125.872640274], [-9314062.186000003, 5288082.82434531], [-9314062.152699998, 5288078.256692244], [-9314080.0954, 5288077.770243834], [-9314080.086, 5288082.435943846], [-9314080.989199998, 5288125.6480489625]]], [[[-9314174.6921, 5288194.504917342], [-9314191.803900002, 5288194.119305795], [-9314191.907199997, 5288197.718745463], [-9314193.1595, 5288241.8416749], [-9314175.923800003, 5288242.135616538], [-9314174.845399996, 5288198.426297809], [-9314174.6921, 5288194.504917342]]], [[[-9314082.202899998, 5288245.732565297], [-9314065.300499998, 5288246.0207277415], [-9314064.126399998, 5288201.563202909], [-9314063.941399997, 5288197.787497915], [-9314081.461800002, 5288197.353062157], [-9314081.275699997, 5288201.104355064], [-9314082.202899998, 5288245.732565297]]], [[[-9314226.234000001, 5288312.926128908], [-9314211.776799995, 5288313.316822191], [-9314195.006899996, 5288313.770090176], [-9314195.117999995, 5288317.603786713], [-9314196.471999995, 5288362.808026961], [-9314179.237499999, 5288363.185268695], [-9314178.0544, 5288318.227939418], [-9314177.939800002, 5288314.231229808], [-9314177.848999996, 5288311.068019152], [-9314176.601100001, 5288267.194788291], [-9314193.752000002, 5288266.818941556], [-9314210.406200001, 5288266.618164468], [-9314224.809499998, 5288266.289248768], [-9314242.378200002, 5288265.989527941], [-9314243.701199995, 5288309.361862285], [-9314243.828300001, 5288312.450541288], [-9314226.234000001, 5288312.926128908]]], [[[-9314051.407600002, 5288271.411505593], [-9314052.383899998, 5288314.040117929], [-9314052.5251, 5288317.517895985], [-9314035.751099998, 5288317.950438577], [-9314035.771199996, 5288321.569607554], [-9314036.798499998, 5288367.196326796], [-9314018.7329, 5288367.6706190845], [-9314017.702699998, 5288321.877598617], [-9314017.765999997, 5288318.414268528], [-9314017.832000002, 5288314.795498123], [-9314016.853000002, 5288272.0001859795], [-9314035.004600001, 5288271.690999235], [-9314051.407600002, 5288271.411505593]]], [[[-9314118.3048, 5288365.223828812], [-9314117.800499994, 5288330.749654306], [-9314136.867899999, 5288330.424524956], [-9314137.869299999, 5288364.723829079], [-9314118.3048, 5288365.223828812]]], [[[-9314197.147899998, 5288387.78439918], [-9314198.244999997, 5288432.577023877], [-9314198.4397, 5288436.353725982], [-9314181.325399999, 5288436.797926651], [-9314164.425599996, 5288437.236846333], [-9314164.3631, 5288433.571443502], [-9314163.092399998, 5288388.365207963], [-9314180.077099998, 5288387.9922508], [-9314197.147899998, 5288387.78439918]]], [[[-9314090.242599996, 5288435.8026102595], [-9314089.160399998, 5288390.75799274], [-9314104.645399999, 5288390.307913251], [-9314121.5493, 5288390.089300363], [-9314122.6305, 5288435.050617779], [-9314122.680100001, 5288438.881225804], [-9314105.944800003, 5288439.264246753], [-9314090.2921, 5288439.633317916], [-9314090.242599996, 5288435.8026102595]]], [[[-9314042.509, 5288557.354572042], [-9314042.553299999, 5288560.768679988], [-9314026.901499998, 5288561.220951636], [-9314010.6655, 5288561.597296664], [-9314010.618300002, 5288557.933288444], [-9314009.300599994, 5288513.973859552], [-9314025.618599996, 5288513.512919133], [-9314041.2693, 5288512.9776463285], [-9314042.509, 5288557.354572042]]], [[[-9314144.726299996, 5288604.423606778], [-9314126.8283, 5288605.0715738805], [-9314125.9406, 5288562.189265355], [-9314125.6368, 5288558.02874477], [-9314143.706799997, 5288557.794986397], [-9314143.594099997, 5288561.960887602], [-9314144.726299996, 5288604.423606778]]], [[[-9314044.140699996, 5288632.04376519], [-9314060.625399997, 5288631.580931536], [-9314061.899899999, 5288678.62316547], [-9314063.384299995, 5288722.5811053235], [-9314046.5674, 5288723.13162331], [-9314045.496200003, 5288678.918502162], [-9314029.9263, 5288679.286278072], [-9314028.6554, 5288632.493844756], [-9314044.140699996, 5288632.04376519]]], [[[-9314079.9567, 5288722.450176688], [-9314078.637599997, 5288678.406744635], [-9314096.124899998, 5288678.180558983], [-9314112.6952, 5288677.8830301585], [-9314114.0921, 5288721.508865643], [-9314097.193099996, 5288722.143979073], [-9314079.9567, 5288722.450176688]]], [[[-9314098.6284, 5288794.505063367], [-9314081.309799995, 5288794.895657153], [-9314080.1206, 5288748.018225683], [-9314097.605899995, 5288747.625539433], [-9314098.6284, 5288794.505063367]]], [[[-9313997.419599999, 5288153.058751336], [-9314015.154700002, 5288152.756539492], [-9314015.8738, 5288194.972633257], [-9314015.941999996, 5288198.977114516], [-9313998.250399996, 5288199.415535921], [-9313998.221999997, 5288195.273450126], [-9313997.419599999, 5288153.058751336]]], [[[-9313761.606199997, 5288205.295564005], [-9313778.176199997, 5288204.847278121], [-9313778.3228, 5288208.761982654], [-9313779.314799994, 5288252.389695557], [-9313762.498400003, 5288252.842465304], [-9313761.671499996, 5288209.128662372], [-9313761.606199997, 5288205.295564005]]], [[[-9313970.065799996, 5288273.213816192], [-9313987.134899996, 5288272.922963433], [-9313987.776499996, 5288315.474154592], [-9313987.839600002, 5288319.185690976], [-9313970.856299998, 5288319.623414934], [-9313970.796199996, 5288316.096513742], [-9313970.065799996, 5288273.213816192]]], [[[-9313847.221099997, 5288307.789224663], [-9313866.291499998, 5288307.631094026], [-9313866.4123, 5288319.623116004], [-9313866.569999998, 5288323.786226498], [-9313847.708399996, 5288324.231822099], [-9313847.679199995, 5288320.025268033], [-9313847.221099997, 5288307.789224663]]], [[[-9313941.866799997, 5288490.27488573], [-9313924.218699995, 5288490.919265689], [-9313923.229199998, 5288446.539452647], [-9313923.352699997, 5288443.20635334], [-9313940.667599995, 5288442.5662579825], [-9313940.712799996, 5288446.063765343], [-9313941.866799997, 5288490.27488573]]], [[[-9313976.248499999, 5288514.900622835], [-9313991.983399998, 5288514.447454417], [-9313993.2999, 5288558.3233839655], [-9313993.1807, 5288561.989783558], [-9313977.2812, 5288562.61174427], [-9313977.147299998, 5288558.698832212], [-9313976.248499999, 5288514.900622835]]], [[[-9313943.648000002, 5288563.712381566], [-9313926.081899995, 5288564.27246506], [-9313926.029299999, 5288560.191856757], [-9313924.8764, 5288516.063834788], [-9313942.276999999, 5288515.589243523], [-9313943.598499997, 5288559.881673545], [-9313943.648000002, 5288563.712381566]]], [[[-9313806.491899999, 5288564.899806411], [-9313789.4223, 5288565.203214032], [-9313789.299299998, 5288562.123003913], [-9313788.332, 5288519.408492679], [-9313805.400400002, 5288519.02168534], [-9313821.3853, 5288518.565726968], [-9313835.706900002, 5288518.297492716], [-9313836.422500001, 5288560.848891188], [-9313836.630899996, 5288564.094406137], [-9313821.982, 5288564.823281925], [-9313806.491899999, 5288564.899806411]]], [[[-9313736.711199999, 5288520.657196841], [-9313753.7819, 5288520.437188947], [-9313754.826899998, 5288562.734303017], [-9313755.0375, 5288566.146517797], [-9313737.803499999, 5288566.618518408], [-9313737.597100003, 5288563.539503989], [-9313736.711199999, 5288520.657196841]]], [[[-9313638.433399996, 5288565.8169045225], [-9313637.632099995, 5288523.016801305], [-9313655.366899999, 5288522.621823402], [-9313656.421200002, 5288565.668439041], [-9313656.4598, 5288568.666445129], [-9313638.561699998, 5288569.313415792], [-9313638.433399996, 5288565.8169045225]]], [[[-9313993.1807, 5288561.989783558], [-9314010.6655, 5288561.597296664], [-9314010.635999998, 5288565.7622014675], [-9314012.014300002, 5288607.971831973], [-9313994.613800002, 5288608.446722215], [-9313993.318899998, 5288566.235696701], [-9313993.1807, 5288561.989783558]]], [[[-9313946.241499998, 5288680.700586167], [-9313928.422300002, 5288681.013957952], [-9313927.495500002, 5288635.049942012], [-9313945.229399998, 5288634.571165745], [-9313946.241499998, 5288680.700586167]]], [[[-9313625.5848, 5288686.918798889], [-9313608.514900003, 5288687.221907617], [-9313607.604899997, 5288642.423793842], [-9313624.6736, 5288642.037285398], [-9313625.5848, 5288686.918798889]]], [[[-9314031.4961, 5288723.409821731], [-9314015.344299996, 5288723.868271204], [-9314013.855699996, 5288679.577230564], [-9314029.9263, 5288679.286278072], [-9314031.4961, 5288723.409821731]]], [[[-9313757.4879, 5288685.135519176], [-9313775.555899996, 5288684.7358580725], [-9313776.628, 5288729.115778894], [-9313758.641999999, 5288729.431043877], [-9313757.4879, 5288685.135519176]]], [[[-9313981.640799997, 5288796.933420822], [-9313980.703, 5288750.136001198], [-9313997.6897, 5288749.833291028], [-9313998.958499998, 5288796.45972621], [-9313981.640799997, 5288796.933420822]]], [[[-9314000.1938, 5288840.504756543], [-9313998.958499998, 5288796.45972621], [-9314016.861199997, 5288796.145059075], [-9314018.096599998, 5288840.190189032], [-9314000.1938, 5288840.504756543]]]]}, "properties": {"Group": 8, "Chld_Rt": 0.046730157970249, "Med_Income": 24330.636363636364, "Bay_Ld_Est": 9.537081339712918}}, {"type": "Feature", "geometry": {"type": "MultiPolygon", "coordinates": [[[[-9317143.917300003, 5290003.153663033], [-9317122.343799997, 5290003.052327772], [-9317122.620699998, 5289941.90292157], [-9317143.742199996, 5289940.389668233], [-9317143.917300003, 5290003.153663033]]], [[[-9317083.957399998, 5290043.101879797], [-9317083.801700002, 5290072.9232463315], [-9317063.229499996, 5290072.870934619], [-9317045.404399998, 5290072.825398506], [-9317045.572300002, 5290042.340420465], [-9317083.957399998, 5290043.101879797]]], [[[-9317119.511499995, 5290149.810017597], [-9317101.8537, 5290149.627474594], [-9317082.1155, 5290149.423608346], [-9317082.188099999, 5290142.214255858], [-9317082.395999998, 5290121.558499143], [-9317082.6242, 5290098.889887411], [-9317102.199799998, 5290098.973486512], [-9317120.021699995, 5290099.049313604], [-9317119.511499995, 5290149.810017597]]], [[[-9316981.974599997, 5290200.86257319], [-9316982.312699996, 5290151.426499656], [-9317000.710799998, 5290151.519763981], [-9317000.1324, 5290200.9745700965], [-9316981.974599997, 5290200.86257319]]], [[[-9317195.554599997, 5290150.595590221], [-9317213.8347, 5290150.784310974], [-9317213.692799998, 5290202.252271513], [-9317194.9523, 5290202.12453127], [-9317195.554599997, 5290150.595590221]]], [[[-9316981.357199995, 5290279.218165704], [-9316981.4177, 5290262.473032265], [-9316981.5455, 5290227.049025705], [-9316999.701400002, 5290227.10512381], [-9316999.802300002, 5290262.477715409], [-9317019.201599998, 5290262.482498202], [-9317019.045199994, 5290279.392637784], [-9316999.8502, 5290279.30365802], [-9316981.357199995, 5290279.218165704]]], [[[-9317119.4953, 5290280.019481741], [-9317118.937400002, 5290331.446893355], [-9317099.447399996, 5290331.276606225], [-9317100.297099998, 5290279.8398283245], [-9317119.4953, 5290280.019481741]]], [[[-9317018.568299998, 5290355.440839315], [-9317018.027800001, 5290405.084872212], [-9316998.683199994, 5290405.038638617], [-9316998.7066, 5290458.180883673], [-9316978.3016, 5290458.131959748], [-9316978.406399997, 5290404.990212895], [-9316959.951199995, 5290404.946171387], [-9316959.930300001, 5290355.019954083], [-9316978.504499996, 5290355.153274258], [-9316998.661099998, 5290355.297953558], [-9317018.568299998, 5290355.440839315]]], [[[-9317097.028799996, 5290356.126372093], [-9317116.519599997, 5290356.2531159455], [-9317116.173999997, 5290407.147449113], [-9317097.0936, 5290407.023096655], [-9317097.028799996, 5290356.126372093]]], [[[-9317210.583700001, 5290407.761837969], [-9317192.552199999, 5290407.644460406], [-9317173.933699999, 5290407.52339611], [-9317174.0749, 5290356.627369016], [-9317192.815799996, 5290356.74903116], [-9317210.7237, 5290356.865312658], [-9317210.583700001, 5290407.761837969]]], [[[-9317097.839900002, 5290535.293166269], [-9317078.6049, 5290535.173895504], [-9317078.9152, 5290483.91138234], [-9317097.9046, 5290484.010824449], [-9317097.839900002, 5290535.293166269]]], [[[-9317153.577199997, 5290589.567841284], [-9317134.837399997, 5290589.404230089], [-9317135.076900002, 5290535.523337915], [-9317153.8173, 5290535.639220864], [-9317173.098999994, 5290535.758391984], [-9317172.9015, 5290589.736434554], [-9317153.577199997, 5290589.567841284]]], [[[-9316997.484600002, 5290588.372642574], [-9316978.493400002, 5290588.242809817], [-9316978.4301, 5290554.7560226265], [-9316997.500899998, 5290555.008513952], [-9317017.206799997, 5290555.269375156], [-9317017.058799997, 5290588.506361353], [-9316997.484600002, 5290588.372642574]]], [[[-9317173.800099995, 5290744.861280202], [-9317173.977699995, 5290814.239810759], [-9317166.002399994, 5290906.0374683365], [-9316961.9715, 5290907.954071323], [-9316959.1821, 5290744.236129916], [-9317173.800099995, 5290744.861280202]]], [[[-9316845.933899997, 5289933.971070732], [-9316822.354999999, 5289935.591637819], [-9316822.001599995, 5289887.078452641], [-9316845.8825, 5289887.284411306], [-9316845.933899997, 5289933.971070732]]], [[[-9316966.012, 5289953.004762727], [-9316965.220299996, 5290002.886026325], [-9316964.9241, 5290021.547459185], [-9316945.819699997, 5290021.416630068], [-9316946.623399997, 5289954.325409342], [-9316966.012, 5289953.004762727]]], [[[-9316869.480499998, 5290020.893811826], [-9316888.762600001, 5290021.025936272], [-9316888.229899997, 5290072.621034048], [-9316830.924899999, 5290072.462404987], [-9316775.035600001, 5290072.30716374], [-9316775.428300003, 5290029.66025928], [-9316775.622400003, 5290008.587007056], [-9316831.551399997, 5290009.223416452], [-9316831.438500002, 5290020.633050357], [-9316851.404499995, 5290020.769857961], [-9316851.4467, 5290017.438348876], [-9316869.511999998, 5290017.562003814], [-9316869.480499998, 5290020.893811826]]], [[[-9316736.953999998, 5290007.014168099], [-9316736.905399995, 5290044.245563428], [-9316689.842299996, 5290044.1172253415], [-9316690.028500002, 5290007.271840666], [-9316736.953999998, 5290007.014168099]]], [[[-9316888.643299999, 5290097.370057546], [-9316907.384, 5290097.492118237], [-9316925.207899997, 5290097.608200434], [-9316924.8417, 5290151.134948981], [-9316907.0173, 5290151.04447461], [-9316906.6793, 5290200.398842196], [-9316887.9386, 5290200.283258198], [-9316888.643299999, 5290097.370057546]]], [[[-9316685.029599996, 5290158.248147597], [-9316668.703499999, 5290158.225827921], [-9316668.7271, 5290112.702074907], [-9316685.525099998, 5290112.622760373], [-9316685.029599996, 5290158.248147597]]], [[[-9316850.790799998, 5290200.054182668], [-9316830.883999996, 5290199.931225203], [-9316831.181600003, 5290150.659161408], [-9316851.2481, 5290150.761194183], [-9316850.790799998, 5290200.054182668]]], [[[-9316961.615999999, 5290279.126595277], [-9316942.666899998, 5290279.03881123], [-9316942.981399996, 5290226.929754971], [-9316961.973, 5290226.98864303], [-9316961.615999999, 5290279.126595277]]], [[[-9316808.047700003, 5290226.511161535], [-9316808.540699994, 5290287.946452259], [-9316774.557499995, 5290287.713391058], [-9316774.703799998, 5290266.389835481], [-9316774.845999999, 5290245.649281984], [-9316774.977999998, 5290226.408132338], [-9316808.047700003, 5290226.511161535]]], [[[-9316867.561599998, 5290329.667397761], [-9316848.1544, 5290329.53457579], [-9316848.627900003, 5290278.601983378], [-9316867.703399997, 5290278.690664213], [-9316867.561599998, 5290329.667397761]]], [[[-9316885.946100002, 5290278.775459028], [-9316904.601299997, 5290278.862047395], [-9316904.2935, 5290329.918992276], [-9316885.885899995, 5290329.792945921], [-9316885.946100002, 5290278.775459028]]], [[[-9316687.688499995, 5290345.433754685], [-9316687.543099996, 5290371.333242924], [-9316687.393399997, 5290398.021791869], [-9316663.989799999, 5290397.916769843], [-9316664.3196, 5290345.358425794], [-9316687.688499995, 5290345.433754685]]], [[[-9316847.735500002, 5290354.213357003], [-9316866.725899996, 5290354.350064992], [-9316866.827600002, 5290404.722974659], [-9316847.674400002, 5290404.6769403415], [-9316847.735500002, 5290354.213357003]]], [[[-9316902.541599996, 5290354.60753835], [-9316920.866199998, 5290354.73916463], [-9316920.764699997, 5290404.852309191], [-9316902.400700001, 5290404.808267699], [-9316902.541599996, 5290354.60753835]]], [[[-9316921.290399998, 5290536.211959666], [-9316940.824399995, 5290536.276427656], [-9316940.594299996, 5290587.9835428735], [-9316920.936699994, 5290587.848927322], [-9316921.290399998, 5290536.211959666]]], [[[-9316660.386699999, 5290540.094487069], [-9316681.625700003, 5290539.8576394385], [-9316681.727699999, 5290562.120917642], [-9316681.732299995, 5290563.09770236], [-9316681.8413, 5290586.867260146], [-9316660.394699998, 5290586.845339044], [-9316660.386699999, 5290540.094487069]]], [[[-9316865.4728, 5290665.301791977], [-9316865.949299999, 5290613.620779732], [-9316902.432099994, 5290613.933055926], [-9316902.242399996, 5290665.667675251], [-9316883.709799996, 5290665.483338636], [-9316865.4728, 5290665.301791977]]], [[[-9316772.793499997, 5290676.051705832], [-9316772.965699995, 5290655.641955291], [-9316773.142699994, 5290634.652292041], [-9316773.326899998, 5290612.827634097], [-9316829.800799998, 5290613.31139316], [-9316846.792099996, 5290613.456869612], [-9316846.111799998, 5290665.109284755], [-9316845.4036, 5290718.883765287], [-9316829.0775, 5290718.8052478405], [-9316772.435199996, 5290718.532529277], [-9316772.6157, 5290697.124968908], [-9316772.793499997, 5290676.051705832]]], [[[-9316976.848099997, 5290719.514595122], [-9316957.6897, 5290719.422825372], [-9316958.010599997, 5290666.222279378], [-9316977.294099994, 5290666.41398947], [-9316976.848099997, 5290719.514595122]]], [[[-9316602.797599997, 5290113.012955991], [-9316602.700499998, 5290069.471171059], [-9316620.358000001, 5290069.486017621], [-9316636.512899997, 5290069.499568839], [-9316636.448899996, 5290112.854426562], [-9316636.382099997, 5290158.181487515], [-9316619.477699999, 5290158.158271075], [-9316619.9267, 5290112.932246476], [-9316602.797599997, 5290113.012955991]]], [[[-9316536.004199997, 5290158.043284925], [-9316519.101, 5290158.0197695615], [-9316519.294699999, 5290113.406041212], [-9316536.160000002, 5290113.326627037], [-9316536.004199997, 5290158.043284925]]], [[[-9316519.007099995, 5290182.981030818], [-9316536.180699999, 5290183.039619961], [-9316536.070800003, 5290223.711338325], [-9316536.059599996, 5290227.881529458], [-9316519.0193, 5290227.905144463], [-9316519.018200003, 5290223.8003180865], [-9316519.007099995, 5290182.981030818]]], [[[-9316635.854099996, 5290227.741832243], [-9316653.0118, 5290227.717619392], [-9316653.016799994, 5290232.072246741], [-9316653.0608, 5290270.935774412], [-9316635.986, 5290270.91494936], [-9316635.867399998, 5290232.060588693], [-9316635.854099996, 5290227.741832243]]], [[[-9316536.059599996, 5290227.881529458], [-9316552.541000001, 5290227.858512301], [-9316568.701699995, 5290227.835893704], [-9316568.675199999, 5290232.014155811], [-9316568.428599996, 5290270.832645585], [-9316552.348599996, 5290270.813016233], [-9316550.935099998, 5290270.811123045], [-9316535.943699999, 5290270.7928886665], [-9316535.959399994, 5290264.930587395], [-9316536.048399998, 5290231.991238283], [-9316536.059599996, 5290227.881529458]]], [[[-9316501.031699998, 5290251.21475149], [-9316501.188800002, 5290231.96692579], [-9316501.221799996, 5290227.929855529], [-9316519.0193, 5290227.905144463], [-9316519.020399997, 5290231.979380966], [-9316519.027500002, 5290258.281617414], [-9316519.0308, 5290270.772063613], [-9316500.872299997, 5290270.749743959], [-9316501.031699998, 5290251.21475149]]], [[[-9316574.522299998, 5290345.068967552], [-9316555.3193, 5290345.007090248], [-9316555.748099998, 5290296.168162065], [-9316574.913200002, 5290296.195065235], [-9316574.522299998, 5290345.068967552]]], [[[-9316593.652599998, 5290296.221071647], [-9316612.733199997, 5290296.247576244], [-9316612.619299997, 5290345.192024676], [-9316593.465599999, 5290345.130147377], [-9316593.652599998, 5290296.221071647]]], [[[-9316645.3204, 5290397.833071073], [-9316630.6756, 5290397.767407386], [-9316631.254299998, 5290345.25190915], [-9316645.572799997, 5290345.298242392], [-9316645.3204, 5290397.833071073]]], [[[-9316246.717599997, 5290346.689036938], [-9316264.160700003, 5290346.59906076], [-9316264.288899995, 5290396.860869977], [-9316246.474099997, 5290396.828685803], [-9316246.717599997, 5290346.689036938]]], [[[-9316379.053799998, 5290439.891804442], [-9316328.7273, 5290439.683553919], [-9316328.5951, 5290422.057389169], [-9316378.997399997, 5290422.057887377], [-9316379.053799998, 5290439.891804442]]], [[[-9316600.001, 5290421.961135576], [-9316619.405700002, 5290421.925862525], [-9316619.668, 5290469.442554046], [-9316600.6436, 5290469.603175995], [-9316600.001, 5290421.961135576]]], [[[-9316454.181499999, 5290478.336445897], [-9316454.3396, 5290497.331684289], [-9316454.5067, 5290517.422280922], [-9316438.015899999, 5290517.597251228], [-9316437.676500002, 5290497.515622321], [-9316437.355000002, 5290478.494178239], [-9316404.951499997, 5290478.7978852205], [-9316404.994599996, 5290458.9625704605], [-9316454.020000001, 5290458.929290226], [-9316454.119199995, 5290470.838729362], [-9316454.181499999, 5290478.336445897]]], [[[-9316602.3344, 5290586.785554188], [-9316584.0936, 5290586.76672197], [-9316583.924199995, 5290540.946819663], [-9316602.2482, 5290540.742654409], [-9316602.3344, 5290586.785554188]]], [[[-9316641.049, 5290703.649488999], [-9316621.144400002, 5290703.883148134], [-9316620.820299998, 5290658.677730296], [-9316640.480199995, 5290658.528467461], [-9316641.049, 5290703.649488999]]], [[[-9316583.785999998, 5290704.321769653], [-9316583.337599996, 5290658.9622065425], [-9316602.4107, 5290658.817427557], [-9316602.9015, 5290704.097377188], [-9316583.785999998, 5290704.321769653]]], [[[-9316641.630699998, 5290749.799509088], [-9316641.049, 5290703.649488999], [-9316659.338800002, 5290703.434761745], [-9316659.461300002, 5290749.6370935645], [-9316641.630699998, 5290749.799509088]]]]}, "properties": {"Group": 9, "Chld_Rt": 0.074090628263981, "Med_Income": 22746.36923076923, "Bay_Ld_Est": 4.515793755103222}}, {"type": "Feature", "geometry": {"type": "MultiPolygon", "coordinates": [[[[-9314212.3778, 5283179.491174542], [-9314212.218899997, 5283164.842376715], [-9314245.481699994, 5283178.971049353], [-9314212.3778, 5283179.491174542]]], [[[-9314255.2032, 5283218.349309695], [-9314254.7136, 5283197.794699011], [-9314254.338399999, 5283182.733088967], [-9314299.080899997, 5283178.624598149], [-9314299.489899995, 5283196.93320429], [-9314299.967599997, 5283217.155114161], [-9314255.2032, 5283218.349309695]]], [[[-9314365.003999997, 5283216.896845096], [-9314365.298099998, 5283238.957627102], [-9314321.543900002, 5283240.449150917], [-9314320.7177, 5283217.491103104], [-9314365.003999997, 5283216.896845096]]], [[[-9314192.8616, 5283242.580169706], [-9314193.3301, 5283262.552679243], [-9314171.789999994, 5283263.410885863], [-9314149.227899998, 5283263.639362326], [-9314148.9258, 5283243.660874317], [-9314192.8616, 5283242.580169706]]], [[[-9314301.8802, 5283281.88489702], [-9314302.5035, 5283301.518528633], [-9314279.112499999, 5283301.860695321], [-9314257.976199996, 5283302.371155392], [-9314236.833999999, 5283302.715414531], [-9314237.045699997, 5283283.134891467], [-9314236.0182, 5283261.516812991], [-9314256.717500001, 5283260.438898313], [-9314255.999200001, 5283240.4754561065], [-9314300.612299997, 5283239.703040266], [-9314301.0219, 5283260.343840944], [-9314301.8802, 5283281.88489702]]], [[[-9314352.769599995, 5283381.296874914], [-9314353.425199997, 5283402.345607514], [-9314324.374499999, 5283402.782333388], [-9314324.054500002, 5283381.805142926], [-9314352.769599995, 5283381.296874914]]], [[[-9314368.788299996, 5283443.783152304], [-9314369.117099999, 5283465.010043781], [-9314325.741299996, 5283465.450057835], [-9314325.438899998, 5283444.971867778], [-9314368.788299996, 5283443.783152304]]], [[[-9314261.3042, 5283468.544703764], [-9314261.915900001, 5283488.345734858], [-9314217.886099998, 5283489.14146681], [-9314217.357799998, 5283469.337446477], [-9314261.3042, 5283468.544703764]]], [[[-9314369.2532, 5283485.494112946], [-9314412.786799997, 5283484.79842044], [-9314413.387099998, 5283504.266850568], [-9314369.684100002, 5283504.885022506], [-9314369.2532, 5283485.494112946]]], [[[-9314415.000299998, 5283588.165160111], [-9314371.320400001, 5283589.4491324015], [-9314370.724399999, 5283567.731607247], [-9314414.505, 5283566.94384652], [-9314415.000299998, 5283588.165160111]]], [[[-9314682.1365, 5283609.233226396], [-9314717.494899997, 5283588.24128575], [-9314722.546899997, 5283600.470210103], [-9314702.814200003, 5283610.37690435], [-9314682.1365, 5283609.233226396]]], [[[-9314176.065699996, 5283742.808899734], [-9314156.823800001, 5283742.734467996], [-9314155.343899999, 5283743.286079925], [-9314134.096899996, 5283743.032095316], [-9314113.119700002, 5283743.351643635], [-9314112.6092, 5283700.30857575], [-9314133.0843, 5283699.9233640935], [-9314155.053699998, 5283699.402341934], [-9314175.445500001, 5283699.02011951], [-9314176.065699996, 5283742.808899734]]], [[[-9314477.3104, 5283820.938515329], [-9314454.836000001, 5283776.250872027], [-9314473.415000001, 5283766.936143025], [-9314495.788900001, 5283811.127474728], [-9314477.3104, 5283820.938515329]]], [[[-9314235.2097, 5283961.455594194], [-9314253.8248, 5283991.120683681], [-9314209.559299998, 5284018.495029412], [-9314190.947299996, 5283988.91284054], [-9314235.2097, 5283961.455594194]]], [[[-9314083.638399996, 5283202.199322464], [-9314038.1937, 5283203.000534491], [-9314038.148499995, 5283187.843667732], [-9314083.278299998, 5283187.5536132455], [-9314083.638399996, 5283202.199322464]]], [[[-9314107.767299999, 5283469.684595243], [-9314107.227599997, 5283449.5478743585], [-9314152.0745, 5283448.307644557], [-9314152.637699997, 5283469.109866737], [-9314152.9367, 5283489.504857057], [-9314108.224000001, 5283489.824206023], [-9314107.767299999, 5283469.684595243]]], [[[-9314153.545200001, 5283551.949888336], [-9314109.506300002, 5283552.495422098], [-9314109.037999995, 5283532.022910196], [-9314153.483800001, 5283531.213128856], [-9314153.545200001, 5283551.949888336]]], [[[-9313974.876699997, 5283558.466799796], [-9313975.299499994, 5283580.023803363], [-9313929.6172, 5283581.209230819], [-9313929.349299999, 5283559.31354791], [-9313974.876699997, 5283558.466799796]]], [[[-9314154.425099997, 5283593.6467034565], [-9314110.377299996, 5283593.942836135], [-9314109.965799997, 5283577.465922536], [-9314154.162399998, 5283576.665009209], [-9314154.425099997, 5283593.6467034565]]], [[[-9314089.645399999, 5283615.49236721], [-9314045.6894, 5283616.034812138], [-9314045.319000002, 5283595.975111382], [-9314089.248599997, 5283594.68396494], [-9314089.645399999, 5283615.49236721]]], [[[-9313975.586499996, 5283600.086293821], [-9313976.160999997, 5283621.221617878], [-9313930.475699998, 5283622.323845242], [-9313929.990399996, 5283601.351932189], [-9313975.586499996, 5283600.086293821]]], [[[-9314002.5616, 5283659.191966027], [-9314002.471400002, 5283642.370692731], [-9314002.534299998, 5283637.0379130235], [-9314001.908599997, 5283616.820679719], [-9314045.6894, 5283616.034812138], [-9314046.077400003, 5283636.593614348], [-9314046.174999997, 5283641.754015351], [-9314046.339700002, 5283658.322898291], [-9314002.5616, 5283659.191966027]]], [[[-9314048.797299998, 5283764.015070792], [-9314049.211299999, 5283785.3229755545], [-9314004.764199995, 5283786.132159199], [-9314004.2729, 5283764.99374358], [-9314048.797299998, 5283764.015070792]]], [[[-9314006.868899995, 5283931.651705616], [-9314006.489899997, 5283911.341801698], [-9314006.3195, 5283889.858626522], [-9314052.3418, 5283888.827442889], [-9314052.8479, 5283910.382259841], [-9314053.4679, 5283930.433894549], [-9314035.915599998, 5283931.049476029], [-9314006.868899995, 5283931.651705616]]], [[[-9313879.605199998, 5283079.7721190695], [-9313879.3096, 5283059.960532269], [-9313922.261399996, 5283059.3328946745], [-9313922.8926, 5283079.215824293], [-9313879.605199998, 5283079.7721190695]]], [[[-9313595.1067, 5283107.566033121], [-9313554.079799995, 5283108.4561247025], [-9313553.386599997, 5283086.8262915425], [-9313594.653999994, 5283085.67773165], [-9313595.1067, 5283107.566033121]]], [[[-9313751.7165, 5283187.3940882515], [-9313706.613499997, 5283188.431249776], [-9313706.2082, 5283167.873849633], [-9313751.150799995, 5283167.008767854], [-9313751.7165, 5283187.3940882515]]], [[[-9313585.4288, 5283294.978402131], [-9313586.116199996, 5283316.442237119], [-9313570.805399997, 5283316.825356199], [-9313558.815699998, 5283316.922804953], [-9313558.374999996, 5283295.366702533], [-9313558.152099999, 5283284.129406782], [-9313557.964099996, 5283274.642701207], [-9313557.632800002, 5283260.414287021], [-9313598.8193, 5283259.268716197], [-9313599.149199996, 5283273.49693107], [-9313599.457100002, 5283283.147346562], [-9313585.022599995, 5283283.665777909], [-9313585.4288, 5283294.978402131]]], [[[-9313709.082500001, 5283291.953305924], [-9313708.935100002, 5283283.213308806], [-9313753.8872, 5283282.598026563], [-9313754.206899997, 5283291.498445452], [-9313754.344799995, 5283297.656748185], [-9313709.2153, 5283298.446401929], [-9313709.082500001, 5283291.953305924]]], [[[-9313825.996499998, 5283371.707837454], [-9313844.379599996, 5283371.063460036], [-9313861.188100003, 5283370.640883169], [-9313862.263499996, 5283415.578312136], [-9313844.4538, 5283415.952762494], [-9313826.9739, 5283416.232155456], [-9313825.996499998, 5283371.707837454]]], [[[-9313592.4812, 5283376.808353243], [-9313611.0424, 5283376.49129604], [-9313611.894899996, 5283419.854001057], [-9313602.908399997, 5283420.085566415], [-9313593.752499998, 5283420.239710828], [-9313592.4812, 5283376.808353243]]], [[[-9313759.356700001, 5283625.656932165], [-9313715.819500001, 5283626.266335764], [-9313715.566799998, 5283604.786553105], [-9313759.255500002, 5283603.755270063], [-9313759.356700001, 5283625.656932165]]], [[[-9313931.3087, 5283684.095410217], [-9313888.807500001, 5283685.752039492], [-9313888.6665, 5283665.101068682], [-9313931.033499999, 5283664.365519708], [-9313931.3087, 5283684.095410217]]], [[[-9313716.567700002, 5283666.635438569], [-9313716.794299994, 5283687.366620304], [-9313673.690299999, 5283688.460577533], [-9313672.7895, 5283667.503011702], [-9313716.567700002, 5283666.635438569]]], [[[-9313908.582199996, 5284221.0007381225], [-9313895.064099995, 5284221.38156572], [-9313878.615399998, 5284221.844796357], [-9313870.297399998, 5284222.161156286], [-9313850.583599998, 5284222.910854582], [-9313849.105499998, 5284175.984564935], [-9313821.923199998, 5284177.520430035], [-9313814.434599996, 5284144.465253433], [-9313904.615099998, 5284089.1621552], [-9313907.449799996, 5284172.347970354], [-9313907.497000001, 5284174.103942253], [-9313908.582199996, 5284221.0007381225]]]]}, "properties": {"Group": 10, "Chld_Rt": 0.299334991507699, "Med_Income": 18302.690476190477, "Bay_Ld_Est": 1.918589515501035}}, {"type": "Feature", "geometry": {"type": "MultiPolygon", "coordinates": [[[[-9321264.219700001, 5282670.474243308], [-9321262.317799998, 5282621.566453265], [-9321279.620199999, 5282620.992123706], [-9321295.333599998, 5282620.122359169], [-9321296.825499998, 5282669.2894145325], [-9321281.187199997, 5282669.82448564], [-9321264.219700001, 5282670.474243308]]], [[[-9321524.841299998, 5282785.545026633], [-9321524.083499998, 5282735.777232444], [-9321541.5523, 5282735.198518639], [-9321558.270399999, 5282734.554340815], [-9321559.707999999, 5282784.888792263], [-9321542.726400001, 5282784.9565480035], [-9321524.841299998, 5282785.545026633]]], [[[-9321183.7571, 5282873.59422652], [-9321181.984999998, 5282823.100645249], [-9321185.7291, 5282823.012363494], [-9321202.281000001, 5282822.372669471], [-9321203.643199999, 5282873.1256157495], [-9321187.582700001, 5282873.420951135], [-9321183.7571, 5282873.59422652]]], [[[-9321117.475899998, 5282999.518604226], [-9321101.001500001, 5282999.959116315], [-9321084.862699999, 5283000.560448709], [-9321068.303899998, 5283000.918956418], [-9321066.561199998, 5282951.168092903], [-9321083.034099996, 5282950.644480359], [-9321099.3432, 5282950.289958307], [-9321116.068499997, 5282949.928660689], [-9321117.475899998, 5282999.518604226]]], [[[-9321327.490599997, 5283163.259482328], [-9321179.223699994, 5283168.843056088], [-9321177.9673, 5283122.581807511], [-9321242.9942, 5283119.301232606], [-9321241.595599994, 5283070.545975747], [-9321307.895599997, 5283068.317309248], [-9321309.035299996, 5283116.662344697], [-9321325.502399994, 5283115.941144314], [-9321327.490599997, 5283163.259482328]]], [[[-9321552.491400002, 5283110.587242904], [-9321553.630299997, 5283158.849378756], [-9321535.143699994, 5283159.145212407], [-9321535.1212, 5283157.8052424], [-9321503.276000002, 5283159.217551656], [-9321503.220299996, 5283155.8760961], [-9321502.489900002, 5283112.0167899905], [-9321518.626099996, 5283111.38636241], [-9321535.0932, 5283110.66476348], [-9321552.491400002, 5283110.587242904]]], [[[-9321635.945800003, 5283242.048087577], [-9321619.3844, 5283242.450238042], [-9321619.345799996, 5283233.211239897], [-9321607.108999997, 5283232.84625547], [-9321615.267800001, 5283191.461925645], [-9321659.324399997, 5283190.691602277], [-9321661.1279, 5283233.119968881], [-9321652.306200001, 5283233.323335851], [-9321635.993600002, 5283233.5579900285], [-9321635.945800003, 5283242.048087577]]], [[[-9321962.720000003, 5283342.059103247], [-9321962.967599995, 5283361.285802525], [-9321922.349099997, 5283361.123686849], [-9321922.060499996, 5283351.885783913], [-9321904.580799995, 5283351.709519248], [-9321895.757600002, 5283351.58008577], [-9321894.898199996, 5283305.554082735], [-9321921.284199996, 5283305.859282661], [-9321961.5696, 5283306.022793289], [-9321962.222200003, 5283322.667199717], [-9321962.720000003, 5283342.059103247]]], [[[-9321470.450300002, 5283394.976667841], [-9321483.7665, 5283334.657880285], [-9321563.087199997, 5283334.5774701135], [-9321555.018599998, 5283375.730039897], [-9321512.235799996, 5283375.4917986095], [-9321508.158999996, 5283395.901833212], [-9321470.450300002, 5283394.976667841]]], [[[-9321583.123299997, 5283568.557231496], [-9321541.921700003, 5283568.479212695], [-9321545.673300002, 5283549.984771103], [-9321582.7983, 5283550.495928754], [-9321583.123299997, 5283568.557231496]]], [[[-9321469.3593, 5283693.057011357], [-9321483.010099996, 5283693.083515833], [-9321488.5876, 5283693.226799417], [-9321488.525699997, 5283738.426095806], [-9321468.965199994, 5283738.424202619], [-9321469.3593, 5283693.057011357]]], [[[-9321089.8762, 5283746.843159864], [-9321131.8291, 5283746.960437189], [-9321131.776999997, 5283763.026433917], [-9321090.077499997, 5283763.406763189], [-9321090.102100002, 5283755.165565169], [-9321089.8762, 5283746.843159864]]], [[[-9321487.053099997, 5283804.608270242], [-9321474.066600002, 5283804.245975968], [-9321470.5704, 5283804.177323398], [-9321470.379299996, 5283758.229422746], [-9321487.527599998, 5283758.574379497], [-9321487.053099997, 5283804.608270242]]], [[[-9321587.851200001, 5283804.105183392], [-9321591.679999994, 5283804.0891412115], [-9321607.912400002, 5283804.35418598], [-9321607.775699997, 5283851.3858822435], [-9321587.715199994, 5283851.30298102], [-9321574.3983, 5283851.608280724], [-9321558.001099998, 5283851.759834519], [-9321541.186799994, 5283851.663581413], [-9321541.404999997, 5283804.132186077], [-9321556.888199996, 5283804.400718267], [-9321558.220399998, 5283804.478238877], [-9321572.786499994, 5283804.417557588], [-9321574.450899998, 5283804.327482222], [-9321587.851200001, 5283804.105183392]]], [[[-9321739.958699996, 5283851.832273451], [-9321737.543499999, 5283851.509337314], [-9321736.598499998, 5283804.732024235], [-9321739.178799998, 5283804.721263008], [-9321756.324299999, 5283804.399821507], [-9321758.5716, 5283804.390355625], [-9321759.186299996, 5283851.751763605], [-9321739.958699996, 5283851.832273451]]], [[[-9321047.001399996, 5282876.158084396], [-9321065.637899999, 5282875.598401928], [-9321080.948399995, 5282875.260619554], [-9321082.6134, 5282925.345376554], [-9321048.5, 5282926.245531734], [-9321047.001399996, 5282876.158084396]]], [[[-9321024.855999997, 5283176.455417043], [-9321022.778299997, 5283176.656492258], [-9321005.719699997, 5283177.023270187], [-9320989.078599999, 5283177.466273375], [-9320973.9327, 5283177.717866505], [-9320971.5845, 5283126.56096434], [-9320987.977199994, 5283126.20524655], [-9321004.038400002, 5283125.938408399], [-9321021.3466, 5283125.567445557], [-9321019.930099998, 5283075.39429941], [-9321137.015499998, 5283073.281216261], [-9321140.227299996, 5283171.290434416], [-9321106.358300002, 5283171.937103469], [-9321024.811799996, 5283173.792316293], [-9321024.855999997, 5283176.455417043]]], [[[-9321023.247099997, 5283203.101271388], [-9321023.257599998, 5283206.430670519], [-9321023.8568, 5283312.220753155], [-9320981.9968, 5283313.184280202], [-9320981.591400001, 5283279.559279589], [-9320981.888, 5283262.7431925535], [-9320981.770799996, 5283246.263094648], [-9320973.781500002, 5283246.403189689], [-9320939.9148, 5283247.726021562], [-9320939.8635, 5283205.358833976], [-9320973.7329, 5283204.452201926], [-9321006.021699999, 5283203.63992978], [-9321023.247099997, 5283203.101271388]]], [[[-9320915.174799995, 5283280.114378757], [-9320874.233400002, 5283281.487230379], [-9320874.374499999, 5283266.170538789], [-9320874.168400003, 5283248.858838346], [-9320883.4068, 5283248.793075395], [-9320883.030599998, 5283207.5103786895], [-9320900.672699999, 5283207.0522301085], [-9320914.150499996, 5283206.207275738], [-9320915.174799995, 5283280.114378757]]], [[[-9321081.467799997, 5283243.889051857], [-9321081.2691, 5283205.363517079], [-9321130.2714, 5283203.585924434], [-9321130.183999998, 5283259.024197554], [-9321088.572699994, 5283259.819929363], [-9321088.542900002, 5283243.922032987], [-9321081.467799997, 5283243.889051857]]], [[[-9320940.566999998, 5283433.258187788], [-9320940.615699999, 5283416.693392992], [-9320981.816899996, 5283416.65034814], [-9320981.8518, 5283433.297745196], [-9320940.566999998, 5283433.258187788]]], [[[-9320874.748100001, 5283483.002792415], [-9320874.7137, 5283466.438594833], [-9320915.251499996, 5283466.733332506], [-9320915.6153, 5283482.796037617], [-9320915.6526, 5283499.776435301], [-9320874.780500002, 5283499.317589118], [-9320874.748100001, 5283483.002792415]]], [[[-9321089.5362, 5283535.414984292], [-9321048.249099994, 5283535.12612541], [-9321048.129399996, 5283518.312625708], [-9321047.845099997, 5283501.750121575], [-9321089.38, 5283501.787387258], [-9321089.499799997, 5283518.600787104], [-9321089.5362, 5283535.414984292]]], [[[-9320802.008199995, 5283125.797416605], [-9320802.027899995, 5283142.029805848], [-9320785.7973, 5283142.132734834], [-9320768.820699995, 5283142.414519122], [-9320759.086799998, 5283142.742536759], [-9320758.993700001, 5283127.093943188], [-9320758.4387, 5283108.705924283], [-9320717.991699995, 5283109.210405837], [-9320717.739099998, 5283093.980902017], [-9320717.474099997, 5283078.002298573], [-9320757.423199996, 5283077.589187686], [-9320757.849200001, 5283093.232200777], [-9320801.192199994, 5283091.680494066], [-9320801.541999996, 5283107.7409027945], [-9320802.008199995, 5283125.797416605]]], [[[-9320663.178699998, 5283187.12147092], [-9320662.3295, 5283157.166345331], [-9320656.0903, 5283157.364331674], [-9320655.734299999, 5283144.789757429], [-9320653.8201, 5283144.821542853], [-9320653.481700001, 5283129.426834101], [-9320694.6682, 5283128.327596393], [-9320695.099599998, 5283144.303510145], [-9320696.294499997, 5283186.239350544], [-9320679.405200003, 5283186.769240535], [-9320663.178699998, 5283187.12147092]]], [[[-9320725.410100002, 5283269.557231574], [-9320725.4987, 5283211.54065153], [-9320774.848200003, 5283210.441812309], [-9320774.806, 5283251.477898008], [-9320766.9022, 5283251.9500959795], [-9320766.517199999, 5283268.100681662], [-9320766.3908, 5283285.4982727645], [-9320724.947199998, 5283286.457714508], [-9320725.410100002, 5283269.557231574]]], [[[-9320755.989899999, 5283398.707520487], [-9320756.292699996, 5283375.716189821], [-9320773.069400001, 5283370.519620251], [-9320790.5903, 5283364.65206918], [-9320790.322699998, 5283409.103150894], [-9320773.2155, 5283414.634812845], [-9320773.144399995, 5283393.186819128], [-9320755.989899999, 5283398.707520487]]], [[[-9320633.5409, 5283460.8222379405], [-9320632.793799998, 5283414.04742997], [-9320649.573, 5283409.184158924], [-9320649.5698, 5283455.7977478085], [-9320633.5409, 5283460.8222379405]]], [[[-9320699.102299998, 5283550.9225909645], [-9320699.137999997, 5283567.736788572], [-9320657.930399999, 5283566.946237889], [-9320657.978999998, 5283550.29794235], [-9320699.102299998, 5283550.9225909645]]], [[[-9320549.957700001, 5283600.173081021], [-9320507.758400002, 5283600.387807093], [-9320507.725099998, 5283583.906509225], [-9320549.9246, 5283583.691683513], [-9320549.957700001, 5283600.173081021]]], [[[-9320832.046199994, 5283600.090877296], [-9320831.933499996, 5283584.192877098], [-9320874.383799998, 5283584.141362757], [-9320874.412799997, 5283599.956760676], [-9320832.046199994, 5283600.090877296]]], [[[-9320616.065500002, 5283661.553454837], [-9320657.769399997, 5283661.8411180675], [-9320658.057099998, 5283678.986623019], [-9320615.941599995, 5283679.36764975], [-9320616.065500002, 5283661.553454837]]], [[[-9320831.1809, 5283712.804638372], [-9320831.3132, 5283696.23864432], [-9320831.864999998, 5283680.169459917], [-9320873.650499998, 5283680.205828821], [-9320874.038899995, 5283688.027837183], [-9320874.012999998, 5283696.102335588], [-9320873.975599999, 5283709.920533032], [-9320873.967000002, 5283713.083732473], [-9320831.1809, 5283712.804638372]]]]}, "properties": {"Group": 11, "Chld_Rt": 0.305147994945387, "Med_Income": 29008.659574468085, "Bay_Ld_Est": 5.498279543730427}}, {"type": "Feature", "geometry": {"type": "MultiPolygon", "coordinates": [[[[-9315241.191900002, 5282443.388690157], [-9315224.052199999, 5282443.814853807], [-9315222.2898, 5282387.9064106755], [-9315255.153199997, 5282386.992206519], [-9315256.243999997, 5282421.772319576], [-9315240.455700003, 5282422.257669842], [-9315240.874199994, 5282438.898677124], [-9315241.191900002, 5282443.388690157]]], [[[-9315155.0691, 5282390.006240493], [-9315171.787599998, 5282389.2537533175], [-9315173.796799999, 5282444.992010024], [-9315157.161300002, 5282445.74330155], [-9315155.0691, 5282390.006240493]]], [[[-9315226.3236, 5282586.718579105], [-9315225.214199997, 5282526.035841314], [-9315241.355500001, 5282525.625022328], [-9315242.127, 5282565.567528651], [-9315242.618599996, 5282581.541841208], [-9315242.4409, 5282586.2891272735], [-9315226.3236, 5282586.718579105]]], [[[-9315110.0565, 5282528.611854686], [-9315126.531999996, 5282528.279154089], [-9315118.9862, 5282585.161890958], [-9315107.0056, 5282585.50973697], [-9315102.927899998, 5282585.57141462], [-9315110.0565, 5282528.611854686]]], [[[-9315077.8585, 5282529.515397384], [-9315093.419799997, 5282529.279846546], [-9315086.205299998, 5282586.0742020765], [-9315072.642399998, 5282586.362761822], [-9315070.8129, 5282586.4735623915], [-9315077.8585, 5282529.515397384]]], [[[-9315259.7808, 5282607.215189146], [-9315260.809999997, 5282639.533283594], [-9315244.006599998, 5282640.20396581], [-9315243.264099997, 5282607.668953341], [-9315259.7808, 5282607.215189146]]], [[[-9315432.5264, 5282656.075051429], [-9315433.457299998, 5282684.528777826], [-9315409.191, 5282692.554844535], [-9315407.569, 5282656.9530861685], [-9315432.5264, 5282656.075051429]]], [[[-9315539.055999994, 5282693.664245259], [-9315540.990399996, 5282738.833913496], [-9315492.6687, 5282741.398667875], [-9315488.577199994, 5282680.196395704], [-9315494.587699998, 5282681.353922915], [-9315524.819499997, 5282687.970371163], [-9315539.055999994, 5282693.664245259]]], [[[-9315424.383999998, 5282744.848730832], [-9315423.5364, 5282727.381099489], [-9315466.373, 5282725.399443134], [-9315467.479199998, 5282743.445688624], [-9315424.383999998, 5282744.848730832]]], [[[-9315529.662200002, 5282806.969793995], [-9315514.156899996, 5282807.340956016], [-9315496.172999999, 5282807.771304696], [-9315495.254700001, 5282791.1370682465], [-9315544.8551, 5282790.550682062], [-9315545.854699997, 5282806.5821912335], [-9315548.375800002, 5282847.017529667], [-9315532.155799996, 5282847.763241535], [-9315529.662200002, 5282806.969793995]]], [[[-9315363.293299995, 5282854.986503208], [-9315361.088799998, 5282797.417328959], [-9315383.775700001, 5282789.498574737], [-9315386.339700002, 5282854.304063272], [-9315363.293299995, 5282854.986503208]]], [[[-9315199.844499998, 5282895.421046039], [-9315158.190899996, 5282898.632270373], [-9315157.606600001, 5282891.71938959], [-9315155.409699999, 5282862.272140083], [-9315170.417500002, 5282862.438639893], [-9315171.913299998, 5282881.360132235], [-9315198.3081, 5282879.764982374], [-9315199.844499998, 5282895.421046039]]], [[[-9315469.235799998, 5282875.6882779375], [-9315486.129099999, 5282875.431902116], [-9315503.512900002, 5282874.585353726], [-9315505.898299998, 5282916.58595195], [-9315489.597600002, 5282917.499259714], [-9315471.875799999, 5282918.017989834], [-9315469.235799998, 5282875.6882779375]]], [[[-9315815.0917, 5282886.832605276], [-9315793.492099997, 5282922.455493809], [-9315776.126599997, 5282913.563048719], [-9315798.639000002, 5282877.759910199], [-9315815.0917, 5282886.832605276]]], [[[-9315228.091799999, 5282968.828532261], [-9315269.260099998, 5282966.539981783], [-9315270.755699998, 5282982.832851002], [-9315271.036799995, 5282984.909565112], [-9315229.627599994, 5282987.784402229], [-9315229.598499998, 5282985.870202314], [-9315228.091799999, 5282968.828532261]]], [[[-9315162.787299996, 5282965.821969997], [-9315205.0237, 5282962.601777826], [-9315207.3637, 5282996.196080834], [-9315165.6365, 5283000.074400757], [-9315162.787299996, 5282965.821969997]]], [[[-9314967.125999998, 5282345.821134915], [-9314969.8098, 5282363.676363755], [-9314974.978000002, 5282397.225812903], [-9314935.458699998, 5282398.322658631], [-9314934.199099997, 5282364.547722363], [-9314921.970400002, 5282364.982156162], [-9314921.5042, 5282356.16623903], [-9314921.533599999, 5282347.093049444], [-9314967.125999998, 5282345.821134915]]], [[[-9314821.486099998, 5282358.010290895], [-9314822.046399996, 5282400.618880443], [-9314812.560399998, 5282400.7153327055], [-9314811.75, 5282358.157360685], [-9314821.486099998, 5282358.010290895]]], [[[-9315024.819599997, 5282445.748283578], [-9315019.908299996, 5282412.694247147], [-9315016.7189, 5282394.430390791], [-9315088.265599998, 5282392.182694056], [-9315088.916199997, 5282410.231226649], [-9315090.186099995, 5282447.589545646], [-9315072.8874, 5282448.517101722], [-9315024.970799996, 5282450.2408872945], [-9315024.819599997, 5282445.748283578]]], [[[-9314942.9528, 5282442.574724595], [-9314942.6447, 5282422.186227388], [-9314980.7468, 5282420.944205026], [-9314984.222300002, 5282441.617774492], [-9314987.1959, 5282462.132317604], [-9314943.185299996, 5282463.463717772], [-9314942.9528, 5282442.574724595]]], [[[-9314943.761599999, 5282496.084118785], [-9314943.266600002, 5282479.8602071], [-9314985.454299996, 5282479.055906663], [-9314983.626800003, 5282495.814391177], [-9314943.761599999, 5282496.084118785]]], [[[-9314794.0185, 5282517.824144826], [-9314776.3806, 5282518.340184484], [-9314775.1173, 5282467.750862259], [-9314782.6862, 5282467.386874451], [-9314792.337900002, 5282467.157800289], [-9314794.0185, 5282517.824144826]]], [[[-9314931.379499996, 5282585.502463186], [-9314930.2976, 5282552.473233757], [-9314978.3043, 5282551.164750866], [-9314975.066699997, 5282584.758644654], [-9314931.379499996, 5282585.502463186]]], [[[-9314879.791900001, 5282553.652482543], [-9314881.471599998, 5282604.2361286], [-9314864.1665, 5282604.747385528], [-9314863.2307, 5282553.819679796], [-9314879.791900001, 5282553.652482543]]], [[[-9314721.468199998, 5282557.39678428], [-9314745.251999998, 5282557.016355728], [-9314746.098999998, 5282607.612457012], [-9314730.294200001, 5282608.267296326], [-9314715.150099998, 5282608.579172038], [-9314721.468199998, 5282557.39678428]]], [[[-9314951.061899997, 5282643.138885581], [-9314950.1983, 5282602.531573481], [-9314973.496299997, 5282602.012843502], [-9314969.698599998, 5282642.60750119], [-9314951.061899997, 5282643.138885581]]], [[[-9314898.8118, 5282644.594637668], [-9314897.777099999, 5282603.656816999], [-9314915.832500001, 5282603.217500735], [-9314932.059599997, 5282602.972284726], [-9314933.257199999, 5282643.657914505], [-9314916.286000002, 5282644.247289836], [-9314898.8118, 5282644.594637668]]], [[[-9314789.384699998, 5282839.364118639], [-9314772.9893, 5282839.528326706], [-9314770.835900001, 5282790.615448603], [-9314788.386099998, 5282789.7677045865], [-9314789.384699998, 5282839.364118639]]], [[[-9315025.965899998, 5282860.591697709], [-9315042.3304, 5282860.807320443], [-9315042.0305, 5282884.740845564], [-9315025.876899995, 5282884.522233603], [-9315025.965899998, 5282860.591697709]]]]}, "properties": {"Group": 12, "Chld_Rt": 0.27933806507537, "Med_Income": 17244.428571428572, "Bay_Ld_Est": 4.29703921808124}}, {"type": "Feature", "geometry": {"type": "MultiPolygon", "coordinates": [[[[-9319108.554599997, 5290809.0305569405], [-9319108.5324, 5290789.1947389245], [-9319150.4589, 5290788.203705301], [-9319150.443499997, 5290808.125812789], [-9319108.554599997, 5290809.0305569405]]], [[[-9318808.713599997, 5291282.382224712], [-9318808.112599999, 5291223.151155261], [-9318823.392600002, 5291222.915802137], [-9318824.0359, 5291282.117278058], [-9318808.713599997, 5291282.382224712]]], [[[-9318879.155800002, 5291322.259635755], [-9318880.172599996, 5291379.661890161], [-9318865.308299998, 5291379.943676239], [-9318864.1602, 5291322.503159501], [-9318879.155800002, 5291322.259635755]]], [[[-9319068.2737, 5291447.168988444], [-9319069.0759, 5291464.065791506], [-9319027.615800003, 5291465.681478055], [-9319026.782600002, 5291448.814766711], [-9319025.875399997, 5291430.448451378], [-9319067.410699997, 5291428.993187645], [-9319068.2737, 5291447.168988444]]], [[[-9319092.8405, 5291463.6897445675], [-9319135.350899996, 5291461.7904783785], [-9319176.144400002, 5291459.967736829], [-9319177.072999997, 5291478.518588586], [-9319136.269899998, 5291479.750157271], [-9319093.755699998, 5291481.033140953], [-9319092.8405, 5291463.6897445675]]], [[[-9319138.233799996, 5291518.133350725], [-9319139.163899995, 5291536.312540581], [-9319096.7696, 5291538.137275063], [-9319095.798399996, 5291519.736582154], [-9319138.233799996, 5291518.133350725]]], [[[-9318743.551800001, 5291578.9495303845], [-9318743.029399997, 5291544.749782826], [-9318757.689499997, 5291544.554983717], [-9318758.002899997, 5291578.748354225], [-9318743.551800001, 5291578.9495303845]]], [[[-9318917.269899996, 5291576.530733314], [-9318917.996099997, 5291610.365395307], [-9318903.252599997, 5291610.58002307], [-9318902.5666, 5291576.735496574], [-9318917.269899996, 5291576.530733314]]], [[[-9318893.0947, 5291668.715850917], [-9318878.1858, 5291668.672108287], [-9318877.880999997, 5291656.934240826], [-9318877.127100002, 5291627.898511038], [-9318890.617899999, 5291627.682388656], [-9318903.612199998, 5291627.474337216], [-9318905.782999996, 5291627.439661983], [-9318919.439899996, 5291627.220749637], [-9318933.934200002, 5291626.988584961], [-9318934.3293, 5291656.053509669], [-9318934.503000002, 5291668.837214245], [-9318927.328700002, 5291668.816189898], [-9318919.836699998, 5291668.794268763], [-9318911.001099996, 5291668.768361973], [-9318904.174399996, 5291668.748334036], [-9318893.0947, 5291668.715850917]]], [[[-9319028.212799996, 5291630.690166676], [-9319030.322500002, 5291671.600671418], [-9319013.853799997, 5291672.257209219], [-9319012.228099996, 5291631.292001264], [-9319028.212799996, 5291630.690166676]]], [[[-9319081.339399999, 5291704.238043683], [-9319039.791999998, 5291706.4066411955], [-9319038.924399998, 5291689.680919436], [-9319037.971, 5291671.295569168], [-9319046.8926, 5291670.9399486715], [-9319063.5547, 5291670.275539195], [-9319079.548199996, 5291669.637833639], [-9319080.494699998, 5291687.924339516], [-9319081.339399999, 5291704.238043683]]], [[[-9318760.430300001, 5291973.967202268], [-9318760.058099998, 5292014.711216858], [-9318744.319299998, 5292014.656812588], [-9318743.769199999, 5291974.031471043], [-9318760.430300001, 5291973.967202268]]], [[[-9318433.803299997, 5290971.2139286995], [-9318435.2348, 5291022.66318918], [-9318402.2513, 5291023.20055548], [-9318400.819199996, 5290971.756177418], [-9318433.803299997, 5290971.2139286995]]], [[[-9318603.871899996, 5291147.334170692], [-9318603.353500001, 5291095.271711798], [-9318616.887200002, 5291095.106406643], [-9318617.449300002, 5291147.168068398], [-9318603.871899996, 5291147.334170692]]], [[[-9318352.219799995, 5291177.037288189], [-9318352.904599996, 5291229.631736112], [-9318335.587899996, 5291229.9052519165], [-9318335.056200001, 5291177.364809652], [-9318352.219799995, 5291177.037288189]]], [[[-9318471.5075, 5291328.171762538], [-9318472.023199998, 5291387.879123007], [-9318455.1526, 5291388.172168584], [-9318454.683899997, 5291328.471982275], [-9318471.5075, 5291328.171762538]]], [[[-9318388.3858, 5291329.654925781], [-9318403.956099994, 5291329.377225011], [-9318420.948499996, 5291329.074016017], [-9318421.463900002, 5291388.757562219], [-9318404.249299996, 5291389.056486638], [-9318388.630999997, 5291389.32771072], [-9318388.3858, 5291329.654925781]]], [[[-9318121.530499997, 5291393.963231278], [-9318121.597400002, 5291334.41061372], [-9318136.516499998, 5291334.144869927], [-9318136.624699999, 5291393.701473124], [-9318121.530499997, 5291393.963231278]]], [[[-9318104.520100001, 5291471.261101887], [-9318105.1866, 5291504.122363509], [-9318088.656899998, 5291504.411423444], [-9318088.275, 5291471.540197669], [-9318104.520100001, 5291471.261101887]]], [[[-9318524.051699998, 5291548.779981914], [-9318524.5039, 5291580.850391019], [-9318511.049499998, 5291581.061132775], [-9318493.847699996, 5291581.330463697], [-9318493.314100001, 5291549.295028747], [-9318510.557000002, 5291549.006068437], [-9318524.051699998, 5291548.779981914]]], [[[-9318699.341499997, 5291613.546449828], [-9318689.845, 5291613.684353654], [-9318689.2002, 5291579.705709633], [-9318698.780499995, 5291579.572389316], [-9318705.024699995, 5291579.485402296], [-9318708.525999999, 5291579.436876903], [-9318709.085299997, 5291613.40475964], [-9318699.341499997, 5291613.546449828]]], [[[-9318493.847699996, 5291581.330463697], [-9318494.4183, 5291615.599562719], [-9318477.674199995, 5291615.88015315], [-9318461.3493, 5291616.153469758], [-9318461.166999998, 5291581.841923457], [-9318477.449399998, 5291581.587140176], [-9318493.847699996, 5291581.330463697]]], [[[-9318377.8892, 5291617.550841995], [-9318377.099499999, 5291583.157390364], [-9318393.769899998, 5291582.89652894], [-9318401.646099994, 5291582.773372063], [-9318402.208099999, 5291617.1437068675], [-9318394.2125, 5291617.277525389], [-9318377.8892, 5291617.550841995]]], [[[-9318327.9135, 5291618.387232663], [-9318326.950799998, 5291583.9416685], [-9318343.8253, 5291583.677917482], [-9318344.569899999, 5291618.108535407], [-9318327.9135, 5291618.387232663]]], [[[-9318144.2448, 5291621.458781202], [-9318143.365499996, 5291586.81074546], [-9318160.906400003, 5291586.536831024], [-9318161.653599998, 5291621.167828051], [-9318144.2448, 5291621.458781202]]], [[[-9318209.117999997, 5291670.033808932], [-9318209.080600003, 5291666.759988045], [-9318208.745399997, 5291637.410885551], [-9318225.239599999, 5291637.137668592], [-9318225.8004, 5291666.530115111], [-9318227.034999998, 5291670.05891859], [-9318218.110099996, 5291670.046164486], [-9318209.117999997, 5291670.033808932]]], [[[-9318092.2993, 5291639.338848758], [-9318108.375799999, 5291639.072706343], [-9318108.460799996, 5291668.142713041], [-9318102.475599997, 5291669.8848449085], [-9318092.617399996, 5291669.870994737], [-9318092.2993, 5291639.338848758]]]]}, "properties": {"Group": 13, "Chld_Rt": 0.054329161111338, "Med_Income": 36684.6875, "Bay_Ld_Est": 10.17412941150499}}, {"type": "Feature", "geometry": {"type": "MultiPolygon", "coordinates": [[[[-9313927.7333, 5284815.114749541], [-9313932.632999998, 5284814.69296933], [-9313932.4053, 5284763.055334608], [-9313956.875800002, 5284762.530426032], [-9313958.6013, 5284814.115749206], [-9313953.288499996, 5284814.635277206], [-9313954.716199996, 5284867.230862252], [-9313930.0014, 5284867.930840082], [-9313927.7333, 5284815.114749541]]], [[[-9313881.880399995, 5284764.076953405], [-9313883.028799994, 5284815.849003826], [-9313859.719799997, 5284816.249759788], [-9313842.6533, 5284816.514804762], [-9313840.444099996, 5284765.362919675], [-9313881.880399995, 5284764.076953405]]], [[[-9313818.8744, 5285005.524565939], [-9313817.907899998, 5284975.569896576], [-9313873.152699996, 5284973.7166740075], [-9313873.549499998, 5284985.031704361], [-9313930.119599996, 5284982.965050801], [-9313931.205900002, 5285021.079021449], [-9313874.362599999, 5285022.488841717], [-9313874.101999996, 5285003.172042366], [-9313818.8744, 5285005.524565939]]], [[[-9313875.301299999, 5285063.523789039], [-9313932.4718, 5285061.935910283], [-9313933.126599997, 5285082.988356868], [-9313875.717899999, 5285084.91790459], [-9313875.301299999, 5285063.523789039]]], [[[-9314273.9411, 5285138.674118869], [-9314273.999799995, 5285153.942905246], [-9314216.867800001, 5285154.921878012], [-9314215.322099995, 5285141.730905224], [-9314213.725199997, 5285115.21354794], [-9314172.010199998, 5285122.841563942], [-9314171.577999996, 5285120.02441423], [-9314171.029899998, 5285117.877051248], [-9314170.217399996, 5285115.346967228], [-9314168.6872, 5285111.458377955], [-9314167.256299999, 5285108.143122949], [-9314165.524699997, 5285103.36832675], [-9314163.820400001, 5285100.720666399], [-9314162.748699997, 5285099.10568525], [-9314161.513499996, 5285097.379006565], [-9314159.764999999, 5285094.763430617], [-9314158.426999997, 5285092.8798173675], [-9314156.675100002, 5285090.706547771], [-9314155.1293, 5285088.7691284185], [-9314153.892199999, 5285087.302313416], [-9314151.1963, 5285085.169398446], [-9314175.047499998, 5285055.093464162], [-9314204.351699999, 5285075.973631363], [-9314212.269899996, 5285080.860523575], [-9314213.367599996, 5285102.64732456], [-9314276.557699997, 5285106.427404766], [-9314273.9411, 5285138.674118869]]], [[[-9314011.139599996, 5285110.408261577], [-9314011.832399996, 5285137.290703345], [-9313960.940999998, 5285138.254431019], [-9313959.159999996, 5285098.072009634], [-9314010.477199998, 5285096.270002357], [-9314011.139599996, 5285110.408261577]]], [[[-9313937.112399997, 5285208.552547533], [-9313878.684199998, 5285209.934667808], [-9313878.3302, 5285187.95496007], [-9313936.330599999, 5285186.254785759], [-9313937.112399997, 5285208.552547533]]], [[[-9313963.3674, 5285220.877341809], [-9313962.600399999, 5285194.246990021], [-9314013.620899994, 5285193.040935414], [-9314014.043999998, 5285200.356776631], [-9314014.904799996, 5285220.152852122], [-9314015.927500002, 5285246.94073685], [-9313964.166799998, 5285248.422797096], [-9313963.3674, 5285220.877341809]]], [[[-9313883.207699994, 5285298.577892622], [-9313882.423099997, 5285276.196630126], [-9313939.0184, 5285274.795478351], [-9313939.452800002, 5285296.689197381], [-9313883.207699994, 5285298.577892622]]], [[[-9314103.203399997, 5285274.785115692], [-9314139.321599998, 5285318.918806625], [-9314128.828199996, 5285326.117869297], [-9314128.623900002, 5285329.790537136], [-9314082.759499997, 5285323.652152953], [-9314082.5997, 5285312.959377723], [-9314083.406700002, 5285303.001156071], [-9314085.758099996, 5285295.13649163], [-9314089.142700002, 5285288.21652358], [-9314094.081100002, 5285282.219330896], [-9314098.897699999, 5285277.343398418], [-9314103.203399997, 5285274.785115692]]], [[[-9313965.882599998, 5285337.74786794], [-9313965.411700001, 5285317.188141996], [-9314019.516999999, 5285316.04047689], [-9314019.9053, 5285317.609623443], [-9314020.409899998, 5285336.751956077], [-9314020.437599998, 5285339.916654095], [-9313966.011000002, 5285341.408778173], [-9313965.882599998, 5285337.74786794]]], [[[-9313884.229400001, 5285339.611055121], [-9313883.917200001, 5285335.456722617], [-9313940.7625, 5285334.047001658], [-9313940.816499997, 5285337.9604022065], [-9313941.444999997, 5285358.264549292], [-9313884.516399994, 5285359.6774587855], [-9313884.229400001, 5285339.611055121]]], [[[-9314299.819299994, 5285455.904570831], [-9314284.114799997, 5285438.045413425], [-9314284.049599996, 5285437.454741491], [-9314318.004299996, 5285406.782547227], [-9314335.399199998, 5285425.332017139], [-9314299.819299994, 5285455.904570831]]], [[[-9314334.797300002, 5285491.248036846], [-9314317.316199996, 5285473.584275], [-9314350.833799997, 5285442.617740314], [-9314368.341099998, 5285461.99632364], [-9314334.797300002, 5285491.248036846]]], [[[-9314023.833299996, 5285479.500161498], [-9314024.208400002, 5285483.069302759], [-9314024.592, 5285501.133123436], [-9314024.6766, 5285503.546030367], [-9314025.130299998, 5285523.606956315], [-9314012.653000003, 5285524.1278795665], [-9313971.201699995, 5285525.081543779], [-9313970.809499998, 5285502.019629591], [-9313970.0904, 5285483.884167015], [-9313970.080099996, 5285481.218670132], [-9314023.833299996, 5285479.500161498]]], [[[-9314499.9299, 5285495.344777336], [-9314505.172199996, 5285503.659621122], [-9314510.296399996, 5285513.768700833], [-9314512.210199995, 5285521.875195353], [-9314512.466800002, 5285528.980198033], [-9314511.268, 5285535.865591934], [-9314509.458800001, 5285540.976977109], [-9314507.446199998, 5285545.488324047], [-9314505.234600002, 5285548.827294744], [-9314502.081799999, 5285552.757435623], [-9314498.522099996, 5285555.487500023], [-9314492.773999998, 5285558.590520798], [-9314487.6579, 5285560.735891679], [-9314483.2781, 5285561.872397205], [-9314454.968400002, 5285562.27494695], [-9314425.351699999, 5285562.54457556], [-9314416.8126, 5285502.030689738], [-9314400.944600001, 5285498.505888679], [-9314375.782600002, 5285469.899051976], [-9314420.973499998, 5285421.244742762], [-9314450.012399998, 5285446.3827757165], [-9314479.918499999, 5285472.68242415], [-9314490.544000002, 5285484.603973732], [-9314499.9299, 5285495.344777336]]], [[[-9314309.159599999, 5285565.37438064], [-9314282.443299998, 5285566.062202645], [-9314267.630699996, 5285566.49882961], [-9314265.230599998, 5285521.847395521], [-9314266.820200002, 5285522.04149622], [-9314291.120600002, 5285521.355168866], [-9314309.159599999, 5285565.37438064]]], [[[-9313836.308500001, 5285576.62923298], [-9313834.8929, 5285529.110727769], [-9313852.543100001, 5285528.825256257], [-9313870.763999995, 5285528.1865572985], [-9313872.4264, 5285575.612994153], [-9313854.279899994, 5285575.99910313], [-9313836.308500001, 5285576.62923298]]], [[[-9313977.892399998, 5285603.997633698], [-9314008.1794, 5285602.932670395], [-9314010.668199997, 5285657.670768873], [-9313979.7151, 5285658.752073355], [-9313977.892399998, 5285603.997633698]]], [[[-9313901.254899995, 5285722.525224778], [-9313901.906899998, 5285736.917276536], [-9313902.131800001, 5285745.075187243], [-9313844.6416, 5285746.962687423], [-9313844.130999997, 5285723.905153496], [-9313901.254899995, 5285722.525224778]]], [[[-9313990.059799997, 5285866.289313124], [-9314045.8993, 5285864.606575112], [-9314046.933, 5285890.1493585985], [-9313995.516699996, 5285892.224782021], [-9313993.5085, 5285884.944409114], [-9313991.592499997, 5285874.580444722], [-9313990.059799997, 5285866.289313124]]], [[[-9313786.538699996, 5284871.960221317], [-9313784.807199998, 5284817.792500878], [-9313821.932199998, 5284817.074488068], [-9313823.566299995, 5284870.829097004], [-9313786.538699996, 5284871.960221317]]], [[[-9313803.1054, 5285323.294641023], [-9313753.8372, 5285324.604720969], [-9313753.216399997, 5285302.134378978], [-9313802.487500003, 5285300.907499292], [-9313803.1054, 5285323.294641023]]], [[[-9313552.671399996, 5285305.744571844], [-9313615.830800002, 5285303.865641427], [-9313616.734499998, 5285324.90992137], [-9313553.2333, 5285326.55100875], [-9313552.671399996, 5285305.744571844]]], [[[-9313616.963799996, 5285345.727916927], [-9313679.874000002, 5285343.857256656], [-9313680.502099998, 5285364.161603113], [-9313617.766899994, 5285366.276184606], [-9313554.363200001, 5285368.330184383], [-9313553.901899997, 5285348.020058674], [-9313616.963799996, 5285345.727916927]]], [[[-9313804.477199998, 5285364.815547065], [-9313805.188800002, 5285385.116904614], [-9313755.507099995, 5285386.52493174], [-9313754.8643, 5285365.804583708], [-9313804.477199998, 5285364.815547065]]], [[[-9313887.578999998, 5285442.291914196], [-9313831.986999998, 5285443.824193725], [-9313831.494299999, 5285425.014560876], [-9313887.080399998, 5285423.315880866], [-9313887.578999998, 5285442.291914196]]], [[[-9313707.3575, 5285429.281488011], [-9313756.700700002, 5285427.719017265], [-9313757.590099998, 5285448.347596915], [-9313708.1607, 5285449.829856655], [-9313707.3575, 5285429.281488011]]], [[[-9313620.799299996, 5285450.474534018], [-9313557.383499997, 5285452.1958325645], [-9313556.993699996, 5285431.54981569], [-9313619.735099996, 5285429.602232437], [-9313620.799299996, 5285450.474534018]]], [[[-9313559.768899998, 5285513.175438191], [-9313559.040399998, 5285492.374478562], [-9313622.034799997, 5285490.501327055], [-9313622.427599998, 5285511.230644758], [-9313559.768899998, 5285513.175438191]]], [[[-9313760.8963, 5285578.355812668], [-9313760.1948, 5285529.812798414], [-9313784.3376, 5285529.383146332], [-9313784.6177, 5285532.622376312], [-9313786.112, 5285577.638696198], [-9313760.8963, 5285578.355812668]]], [[[-9313665.8527, 5285530.95249242], [-9313685.909999996, 5285530.416423727], [-9313687.151000002, 5285580.106804416], [-9313667.254299995, 5285580.470593789], [-9313646.3619, 5285580.952657073], [-9313644.794199994, 5285531.440235223], [-9313665.8527, 5285530.95249242]]], [[[-9313604.1527, 5285581.681431531], [-9313583.426900001, 5285582.157416723], [-9313582.355799995, 5285532.544357391], [-9313602.921, 5285532.240651553], [-9313604.1527, 5285581.681431531]]], [[[-9313842.138199996, 5285662.075599971], [-9313840.429799996, 5285608.567769078], [-9313872.1317, 5285607.468828175], [-9313873.775300002, 5285661.727852755], [-9313842.138199996, 5285662.075599971]]], [[[-9313743.645499999, 5285611.320850683], [-9313766.949399997, 5285610.758277441], [-9313768.429899998, 5285665.187887604], [-9313745.550099997, 5285666.073297809], [-9313743.645499999, 5285611.320850683]]], [[[-9313718.686100002, 5285688.20825439], [-9313768.9814, 5285685.903059079], [-9313769.526399998, 5285706.38158342], [-9313769.7281, 5285713.960778786], [-9313719.519499999, 5285715.837218773], [-9313719.1782, 5285708.600091061], [-9313718.686100002, 5285688.20825439]]], [[[-9313569.119199999, 5285753.778234117], [-9313568.4508, 5285732.9739824785], [-9313631.179499999, 5285730.377934898], [-9313631.770899996, 5285751.433879759], [-9313569.119199999, 5285753.778234117]]], [[[-9313633.367599998, 5285793.452406848], [-9313632.693100002, 5285772.398454123], [-9313693.8448, 5285770.006770245], [-9313694.521299994, 5285791.143923198], [-9313633.367599998, 5285793.452406848]]], [[[-9313667.412699997, 5285885.990141928], [-9313647.193700003, 5285886.727784613], [-9313644.505499994, 5285833.9918636335], [-9313665.057399997, 5285833.24615005], [-9313667.412699997, 5285885.990141928]]], [[[-9313828.930799996, 5285891.085585912], [-9313840.0884, 5285887.568157225], [-9313852.7363, 5285883.681558462], [-9313881.545799997, 5285952.130277761], [-9313861.809699995, 5285965.658643403], [-9313856.387999998, 5285969.374656923], [-9313828.930799996, 5285891.085585912]]], [[[-9313646.4825, 5285912.479316537], [-9313648.273000002, 5285959.07446213], [-9313639.3712, 5285959.4558880925], [-9313627.9665, 5285959.647796753], [-9313625.760100001, 5285913.062615259], [-9313646.4825, 5285912.479316537]]], [[[-9313580.523699999, 5286085.051650159], [-9313579.885599997, 5286065.495198226], [-9313642.9675, 5286063.640080917], [-9313643.762299996, 5286082.776346447], [-9313632.117900003, 5286083.390434335], [-9313633.516100002, 5286130.995348642], [-9313612.3751, 5286131.5053116195], [-9313610.972799998, 5286083.734096355], [-9313580.523699999, 5286085.051650159]]], [[[-9313608.455100002, 5285093.283662299], [-9313547.133199995, 5285095.264824064], [-9313546.6835, 5285075.28800173], [-9313608.1659, 5285073.134660365], [-9313608.455100002, 5285093.283662299]]], [[[-9313521.523099994, 5285117.986955264], [-9313471.8136, 5285118.561285927], [-9313471.439799998, 5285100.747768747], [-9313471.5218, 5285090.984645777], [-9313514.588500002, 5285079.827445823], [-9313520.978499997, 5285074.518673684], [-9313520.822899995, 5285090.855012856], [-9313521.523099994, 5285117.986955264]]], [[[-9313523.2308, 5285178.654768503], [-9313523.9679, 5285199.704626303], [-9313474.112099996, 5285200.86723745], [-9313473.8904, 5285196.283851259], [-9313473.6131, 5285179.476009574], [-9313523.2308, 5285178.654768503]]], [[[-9313300.640900003, 5285199.692071548], [-9313301.856399996, 5285265.375916242], [-9313280.732799996, 5285266.365152109], [-9313279.030100001, 5285212.943825922], [-9313279.672099998, 5285200.342527966], [-9313300.640900003, 5285199.692071548]]], [[[-9313613.270499997, 5285259.304391478], [-9313551.189899996, 5285261.062357657], [-9313550.948999995, 5285239.911562528], [-9313612.530199995, 5285238.1713324655], [-9313613.270499997, 5285259.304391478]]], [[[-9313477.239399998, 5285287.809888638], [-9313526.6709, 5285286.412224295], [-9313527.138099996, 5285306.888749515], [-9313477.872599998, 5285308.280634699], [-9313477.239399998, 5285287.809888638]]], [[[-9313528.301500002, 5285347.250531172], [-9313479.3001, 5285349.049748855], [-9313479.235999994, 5285347.219144259], [-9313478.692599997, 5285334.076096835], [-9313478.5894, 5285328.748292213], [-9313527.759899998, 5285327.026595274], [-9313528.301500002, 5285347.250531172]]], [[[-9313482.284599999, 5285453.326259899], [-9313531.722799998, 5285452.0948962215], [-9313532.385599999, 5285473.397846656], [-9313483.2712, 5285474.368051246], [-9313482.295899997, 5285458.4074535165], [-9313482.284599999, 5285453.326259899]]], [[[-9313483.714999998, 5285494.179176696], [-9313532.9009, 5285492.873381141], [-9313533.534499997, 5285513.344529008], [-9313484.262199996, 5285514.5699142795], [-9313483.755399996, 5285500.092472621], [-9313483.714999998, 5285494.179176696]]], [[[-9313441.8556, 5285542.962723042], [-9313484.911199996, 5285542.621352895], [-9313485.100399999, 5285549.175739397], [-9313485.484999998, 5285562.491167958], [-9313486.088999998, 5285583.400338871], [-9313442.976200001, 5285584.493201643], [-9313441.8556, 5285542.962723042]]], [[[-9313390.776899995, 5285585.40421954], [-9313389.576299999, 5285543.959731126], [-9313392.5686, 5285543.771708511], [-9313417.201900002, 5285543.076114537], [-9313418.244900001, 5285584.775883239], [-9313393.614500001, 5285585.554976423], [-9313390.776899995, 5285585.40421954]]], [[[-9313371.501300002, 5285544.009153064], [-9313371.884399997, 5285585.899036883], [-9313351.081199998, 5285586.543714316], [-9313330.527599996, 5285587.179822629], [-9313329.384099994, 5285544.983542626], [-9313350.356499998, 5285544.416087009], [-9313371.501300002, 5285544.009153064]]], [[[-9313452.315199997, 5285679.226810909], [-9313425.4511, 5285656.472685111], [-9313425.7868, 5285618.57202723], [-9313487.546099998, 5285617.249691138], [-9313494.824099999, 5285622.070921961], [-9313496.170999998, 5285626.119137686], [-9313495.473, 5285631.715775026], [-9313492.323499996, 5285635.789100322], [-9313452.315199997, 5285679.226810909]]], [[[-9313370.582599998, 5285715.675102809], [-9313349.312899996, 5285693.535362998], [-9313358.1061, 5285688.659727918], [-9313369.964799998, 5285683.127259152], [-9313412.999400001, 5285727.228182083], [-9313396.679599999, 5285744.610860005], [-9313370.582599998, 5285715.675102809]]], [[[-9313444.0692, 5285744.80117439], [-9313496.579699999, 5285767.144382073], [-9313494.947100002, 5285776.804082729], [-9313493.073699996, 5285787.8883514395], [-9313433.809099996, 5285761.371578799], [-9313444.0692, 5285744.80117439]]], [[[-9313525.264699997, 5285889.835688571], [-9313523.888099996, 5285839.649781119], [-9313502.004499996, 5285840.4272801895], [-9313483.965499997, 5285841.778313126], [-9313486.3483, 5285827.6800020095], [-9313487.794299997, 5285819.124423372], [-9313489.634400003, 5285808.237144746], [-9313491.272399997, 5285798.545758008], [-9313545.931100002, 5285797.144007829], [-9313546.319599995, 5285816.705935963], [-9313547.428099997, 5285838.499026678], [-9313549.133900002, 5285888.5104626175], [-9313525.264699997, 5285889.835688571]]], [[[-9313505.317999998, 5285984.7595349075], [-9313504.681900002, 5285965.286484058], [-9313503.3274, 5285916.015677084], [-9313525.135900002, 5285915.573071533], [-9313549.855399994, 5285914.9769191425], [-9313551.529200003, 5285963.656954245], [-9313552.3479, 5285983.791920603], [-9313552.855699997, 5286004.850260964], [-9313505.740500001, 5286005.736767463], [-9313505.317999998, 5285984.7595349075]]], [[[-9313506.6569, 5286047.189839775], [-9313506.189200003, 5286027.796999041], [-9313553.712600002, 5286026.152821904], [-9313554.346799996, 5286045.9564827075], [-9313506.6569, 5286047.189839775]]]]}, "properties": {"Group": 14, "Chld_Rt": 0.326377075155096, "Med_Income": 54115.84210526316, "Bay_Ld_Est": 6.759553564750748}}, {"type": "Feature", "geometry": {"type": "MultiPolygon", "coordinates": [[[[-9313505.932100002, 5281084.630368021], [-9313522.330000002, 5281084.537901478], [-9313524.497899996, 5281141.001386659], [-9313499.691799998, 5281141.104913337], [-9313473.141499998, 5281141.345744867], [-9313450.913799997, 5281141.369160429], [-9313449.2453, 5281084.89013127], [-9313464.561799997, 5281084.8313432755], [-9313472.5517, 5281084.750036484], [-9313484.954599999, 5281084.698223322], [-9313499.109399997, 5281084.758705214], [-9313505.932100002, 5281084.630368021]]], [[[-9313400.308700003, 5281141.773103766], [-9313376.583699996, 5281141.842752603], [-9313351.860899998, 5281141.9433896905], [-9313327.977400001, 5281142.267620473], [-9313304.0835, 5281142.25915102], [-9313302.920099996, 5281085.930977826], [-9313319.307699997, 5281085.506209602], [-9313327.138799997, 5281085.679684022], [-9313339.9551, 5281085.532016544], [-9313351.528899997, 5281085.589409568], [-9313360.5141, 5281085.3940141965], [-9313375.835799994, 5281085.501825413], [-9313380.9977, 5281085.508202411], [-9313399.389, 5281085.270858317], [-9313401.8843, 5281085.193537147], [-9313422.692699997, 5281085.047663193], [-9313424.361399995, 5281085.1624492565], [-9313425.6996, 5281141.734941384], [-9313400.308700003, 5281141.773103766]]], [[[-9313546.364099998, 5281233.147799784], [-9313546.272799995, 5281177.026476707], [-9313590.226399997, 5281176.510537224], [-9313589.6103, 5281185.740453405], [-9313589.4085, 5281192.840749225], [-9313587.977, 5281201.784198538], [-9313585.9894, 5281212.351392617], [-9313584.291099997, 5281220.750006771], [-9313582.332900003, 5281227.789621592], [-9313579.965000002, 5281234.581230774], [-9313578.049399998, 5281240.027292088], [-9313575.191099994, 5281246.297979784], [-9313571.627299998, 5281250.749228459], [-9313569.4136, 5281253.404055083], [-9313566.053800002, 5281257.330197337], [-9313562.484300002, 5281261.4628947405], [-9313557.877799997, 5281265.197228679], [-9313555.0488, 5281267.749425427], [-9313551.701699996, 5281270.08928785], [-9313547.936699996, 5281272.634111191], [-9313543.3366, 5281275.562252297], [-9313538.109099995, 5281278.901610555], [-9313533.827299997, 5281281.026149449], [-9313527.462, 5281283.550247559], [-9313522.664699998, 5281285.098464683], [-9313519.468400002, 5281286.0536204], [-9313482.089899998, 5281297.641036245], [-9313462.953299997, 5281228.710301577], [-9313477.7463, 5281225.597924943], [-9313499.649499996, 5281221.064472792], [-9313501.799600001, 5281220.654351716], [-9313501.3344, 5281177.537135218], [-9313521.310499996, 5281177.319519956], [-9313522.467200002, 5281216.498238855], [-9313546.364099998, 5281233.147799784]]], [[[-9313615.0521, 5281198.905080831], [-9313616.291199999, 5281176.573709421], [-9313657.983799998, 5281175.909205675], [-9313659.312699994, 5281226.822807968], [-9313612.0944, 5281223.081300021], [-9313615.0521, 5281198.905080831]]], [[[-9313401.878099997, 5281178.858470383], [-9313402.6759, 5281240.533068235], [-9313421.769499999, 5281236.600349754], [-9313442.305199996, 5281309.974262821], [-9313435.2781, 5281312.412869245], [-9313426.623099996, 5281315.100776727], [-9313418.4849, 5281318.18276315], [-9313408.986699998, 5281322.242324491], [-9313402.653999997, 5281325.352110698], [-9313373.339000002, 5281246.74875427], [-9313361.601799998, 5281249.168428859], [-9313360.678499995, 5281179.337742097], [-9313401.878099997, 5281178.858470383]]], [[[-9313593.147799997, 5281264.306739793], [-9313595.594499996, 5281261.033244077], [-9313673.198500002, 5281291.191891805], [-9313667.9619, 5281300.7366734035], [-9313661.525299996, 5281312.258525814], [-9313655.6272, 5281321.469909794], [-9313649.844499998, 5281329.226041433], [-9313644.2857, 5281334.981288223], [-9313639.386700002, 5281338.701174465], [-9313573.825999996, 5281285.600853075], [-9313577.090000002, 5281282.279729051], [-9313580.343599997, 5281278.638658749], [-9313584.0154, 5281274.714907826], [-9313587.055800002, 5281271.722299199], [-9313589.892, 5281268.233978123], [-9313593.147799997, 5281264.306739793]]], [[[-9313531.4056, 5281310.914173523], [-9313535.1636, 5281309.253462017], [-9313538.7135, 5281307.5912558995], [-9313541.637199996, 5281306.184129974], [-9313544.3962, 5281304.586989223], [-9313591.855999995, 5281372.638199434], [-9313587.478999998, 5281375.725068397], [-9313581.833099999, 5281379.347107593], [-9313574.935600001, 5281383.375481577], [-9313569.090299996, 5281385.903665141], [-9313564.083900003, 5281387.58041891], [-9313558.242000002, 5281389.69260254], [-9313553.030900002, 5281390.951463196], [-9313547.091, 5281392.0892603975], [-9313515.446499996, 5281315.509403228], [-9313518.579799999, 5281314.843105871], [-9313522.2286, 5281313.831952071], [-9313525.773299996, 5281312.819901496], [-9313528.589999996, 5281311.80207177], [-9313531.4056, 5281310.914173523]]], [[[-9313265.312199997, 5281485.034212018], [-9313266.491, 5281483.076570965], [-9313267.681799995, 5281481.45192917], [-9313268.628999997, 5281480.002256472], [-9313269.816799996, 5281478.294115771], [-9313270.918499999, 5281476.505764292], [-9313272.029099995, 5281474.967112447], [-9313273.133599995, 5281473.261960972], [-9313274.006599996, 5281472.064877476], [-9313275.206399998, 5281470.689536769], [-9313275.826799996, 5281469.418121295], [-9313277.0978, 5281467.707190672], [-9313278.1192, 5281466.005028426], [-9313279.544599995, 5281463.955419036], [-9313280.7294, 5281462.164178006], [-9313281.516299997, 5281460.886883751], [-9313282.704099996, 5281459.178743075], [-9313283.657200001, 5281457.895470381], [-9313285.011299998, 5281456.181351262], [-9313286.0477, 5281454.895188986], [-9313286.929600002, 5281453.947506221], [-9313288.681599997, 5281451.71953996], [-9313359.394899996, 5281496.314636601], [-9313358.130099997, 5281498.192066898], [-9313356.930399999, 5281499.567407655], [-9313355.887999998, 5281500.6874689], [-9313355.020999998, 5281502.050852759], [-9313353.9045, 5281503.4232043], [-9313353.182900002, 5281504.198807617], [-9313352.306799999, 5281505.312691128], [-9313351.507999998, 5281506.257384733], [-9313350.228199996, 5281507.718914705], [-9313349.286999999, 5281509.334788149], [-9313348.244699998, 5281510.454849397], [-9313347.383499997, 5281511.984633267], [-9313346.275899997, 5281513.606684442], [-9313345.079300001, 5281515.065025917], [-9313344.452799998, 5281516.170240704], [-9313343.653899997, 5281517.114834682], [-9313342.540400002, 5281518.570386225], [-9313341.747499997, 5281519.681380179], [-9313340.788300002, 5281520.798452215], [-9313339.683699997, 5281522.50350411], [-9313338.819700003, 5281523.950187649], [-9313338.017999994, 5281524.811581625], [-9313336.5124, 5281526.947479969], [-9313335.315799996, 5281528.406020736], [-9313334.439799998, 5281529.520003934], [-9313333.4152, 5281531.13906591], [-9313331.660299998, 5281533.283832297], [-9313331.045799995, 5281534.721448524], [-9313330.172699997, 5281535.918532072], [-9313329.311600002, 5281537.448515248], [-9313328.524800003, 5281538.725809579], [-9313327.7499, 5281540.335804249], [-9313326.802600002, 5281541.785377387], [-9313325.689000001, 5281543.241028601], [-9313324.5815, 5281544.862880522], [-9313323.479800003, 5281546.651132447], [-9313322.693000002, 5281547.928626064], [-9313321.8379, 5281549.624710342], [-9313320.641100002, 5281551.083350777], [-9313319.459299996, 5281552.957692289], [-9313318.595200002, 5281554.404276213], [-9313317.570899997, 5281556.023238578], [-9313316.466099996, 5281557.728390155], [-9313315.4508, 5281559.596753252], [-9313314.280899998, 5281561.803795111], [-9313313.493999997, 5281563.0811891025], [-9313312.472499995, 5281564.783351474], [-9313311.525400002, 5281566.233024282], [-9313310.524700003, 5281568.517287718], [-9313310.0527, 5281569.283624488], [-9313308.948, 5281570.988875724], [-9313308.012699999, 5281572.771049607], [-9313307.463299997, 5281573.7067755805], [-9313306.8518, 5281575.227691506], [-9313305.913399996, 5281576.926765032], [-9313305.224699995, 5281578.616970535], [-9313304.283499997, 5281580.232844053], [-9313302.089099996, 5281584.059047657], [-9313301.171600001, 5281586.340222261], [-9313300.548199998, 5281587.5284378445], [-9313299.773199998, 5281589.1385322185], [-9313299.155799994, 5281590.492948509], [-9313298.137299998, 5281592.27831093], [-9313297.1158, 5281593.9802740505], [-9313296.2815, 5281596.258658744], [-9313295.4204, 5281597.788442715], [-9313294.963199995, 5281598.970779496], [-9313294.428799996, 5281600.322405861], [-9313293.410299996, 5281602.107668648], [-9313292.4038, 5281604.22563179], [-9313291.5696, 5281606.50381721], [-9313291.0262, 5281607.606042863], [-9313290.4027, 5281608.794158824], [-9313289.785099998, 5281610.148674783], [-9313289.016099999, 5281611.9250695435], [-9313288.3925, 5281613.1131855], [-9313287.546399996, 5281615.058869863], [-9313286.620000001, 5281617.090743442], [-9313286.082599996, 5281618.358970549], [-9313285.304599999, 5281619.885864961], [-9313284.687199999, 5281621.240480582], [-9313284.066599999, 5281622.511896183], [-9313283.380699998, 5281624.285102461], [-9313282.617700001, 5281626.2277976135], [-9313282.006099997, 5281627.748713594], [-9313281.264000002, 5281630.273609496], [-9313280.334700001, 5281632.222183463], [-9313279.265799997, 5281634.925336636], [-9313277.962399999, 5281638.053258198], [-9313277.125200002, 5281640.248343312], [-9313276.350299997, 5281641.858338121], [-9313275.5752, 5281643.468432564], [-9313275.052900001, 5281645.152560079], [-9313274.6758, 5281646.248807315], [-9313274.058199994, 5281647.603223665], [-9313273.514900003, 5281648.705250074], [-9313273.149799995, 5281650.134098045], [-9313272.4609, 5281651.824303646], [-9313271.938500002, 5281653.508530811], [-9313271.323799996, 5281654.94614718], [-9313270.952699998, 5281656.208595152], [-9313270.014399998, 5281657.907668784], [-9313269.405899998, 5281659.511685155], [-9313268.642800001, 5281661.454380374], [-9313267.962899996, 5281663.394086361], [-9313267.291999994, 5281665.583392362], [-9313266.534999996, 5281667.692387954], [-9313266.045299996, 5281670.291516262], [-9313265.424799997, 5281671.562931925], [-9313264.834099997, 5281673.66584943], [-9313264.237399995, 5281675.602566223], [-9313263.6376, 5281677.456083], [-9313263.1984, 5281679.137420608], [-9313262.833300002, 5281680.566168984], [-9313262.2306, 5281682.336585407], [-9313261.648799999, 5281684.689102957], [-9313261.058099998, 5281686.792219767], [-9313260.381199997, 5281688.814926521], [-9313260.090299997, 5281689.991284937], [-9313259.793299997, 5281691.0011437], [-9313259.428499999, 5281692.42979245], [-9313258.760499997, 5281694.702398151], [-9313258.472499995, 5281695.96185695], [-9313257.956000002, 5281697.812384543], [-9313257.692, 5281699.737144467], [-9313257.098199997, 5281701.7570613045], [-9313256.662, 5281703.521399672], [-9313256.213699995, 5281704.95313729], [-9313255.7743, 5281706.634574575], [-9313255.421000002, 5281708.395824086], [-9313254.990799999, 5281710.326562484], [-9313254.649500001, 5281712.420711675], [-9313254.228100002, 5281714.60114973], [-9313253.871900002, 5281716.279199245], [-9313253.530700002, 5281718.373348439], [-9313252.934, 5281720.310264576], [-9313252.509599997, 5281722.407203734], [-9313252.0851, 5281724.504242523], [-9313171.160699999, 5281711.001827691], [-9313171.582300002, 5281708.8214892745], [-9313171.923499996, 5281706.727340091], [-9313172.416099995, 5281704.211511344], [-9313172.9118, 5281701.778782979], [-9313173.339199994, 5281699.764844592], [-9313173.713200001, 5281698.585596574], [-9313173.977199998, 5281696.66083665], [-9313174.431699997, 5281695.395399411], [-9313174.945099998, 5281693.461671817], [-9313175.131899996, 5281691.70620149], [-9313175.797, 5281689.350595063], [-9313176.319299998, 5281687.666367864], [-9313176.515300002, 5281686.160397923], [-9313177.245400002, 5281683.302901165], [-9313177.536399998, 5281682.1266423995], [-9313177.9817, 5281680.611704786], [-9313178.584400002, 5281678.8413880095], [-9313179.032699997, 5281677.409650423], [-9313179.287800001, 5281675.235390146], [-9313179.649899997, 5281673.723441771], [-9313180.023999998, 5281672.544193785], [-9313180.463399997, 5281670.862955822], [-9313180.665000001, 5281669.523286273], [-9313181.110299999, 5281668.008348682], [-9313181.312099999, 5281666.668778785], [-9313181.9712, 5281664.147071319], [-9313182.713299997, 5281661.622175353], [-9313183.149700003, 5281659.857737399], [-9313183.583, 5281658.009999802], [-9313184.182699999, 5281656.156582696], [-9313184.630999994, 5281654.724845119], [-9313185.055399997, 5281652.627806443], [-9313185.586899998, 5281651.192980021], [-9313186.0974, 5281649.176152125], [-9313186.631899996, 5281647.824525709], [-9313187.059199998, 5281645.810587411], [-9313187.768900001, 5281644.702682206], [-9313188.042000001, 5281643.027422727], [-9313188.591300001, 5281642.09169669], [-9313188.864299998, 5281640.416437214], [-9313189.386799999, 5281638.732210077], [-9313189.915300002, 5281637.214283312], [-9313190.4497, 5281635.862656907], [-9313191.043399999, 5281633.842939451], [-9313191.637099998, 5281631.823022734], [-9313192.257699998, 5281630.551706759], [-9313192.958400002, 5281629.194101915], [-9313193.480899997, 5281627.509874794], [-9313193.914299997, 5281625.662336522], [-9313194.591299998, 5281623.639430583], [-9313195.211699994, 5281622.36811463], [-9313195.8264, 5281620.930398642], [-9313196.286600001, 5281619.831361483], [-9313196.874399995, 5281617.645144416], [-9313197.554199997, 5281615.705538146], [-9313198.477599999, 5281613.590564197], [-9313199.154499996, 5281611.567658286], [-9313199.9205, 5281609.708163155], [-9313200.514199996, 5281607.688246461], [-9313201.280199997, 5281605.828751343], [-9313201.968999995, 5281604.138645439], [-9313202.583599996, 5281602.700929485], [-9313203.495200003, 5281600.253354839], [-9313204.569899999, 5281597.716601758], [-9313205.416099997, 5281595.77091742], [-9313206.027800001, 5281594.250001478], [-9313206.6452, 5281592.895585184], [-9313207.3964, 5281590.620189709], [-9313208.4149, 5281588.834827302], [-9313208.928500002, 5281586.90129916], [-9313209.706400001, 5281585.374404787], [-9313210.329899998, 5281584.186189205], [-9313210.787200002, 5281583.00395208], [-9313211.155299999, 5281581.658304181], [-9313211.621400002, 5281580.725567409], [-9313212.393399997, 5281579.032571969], [-9313213.402900001, 5281576.997709221], [-9313214.088700002, 5281575.224303723], [-9313215.184399998, 5281573.269851043], [-9313215.974299999, 5281572.075557391], [-9313216.9807, 5281569.95779357], [-9313218.2221, 5281567.414962465], [-9313218.907899998, 5281565.641556973], [-9313219.611499999, 5281564.367351485], [-9313220.4607, 5281562.504867201], [-9313221.1465, 5281560.731561366], [-9313222.165, 5281558.946298636], [-9313223.100299995, 5281557.163925496], [-9313224.193, 5281555.1262728395], [-9313225.208499996, 5281553.257710494], [-9313226.446699996, 5281550.631779062], [-9313227.604599996, 5281548.092036842], [-9313228.931899998, 5281545.629516199], [-9313229.79, 5281544.016631928], [-9313230.5738, 5281542.656137611], [-9313231.441100001, 5281541.292753682], [-9313232.5485, 5281539.670702486], [-9313233.406699996, 5281538.057718588], [-9313234.1045, 5281536.6170134805], [-9313235.123, 5281534.831850427], [-9313236.919300001, 5281531.519793074], [-9313238.190200001, 5281529.808762718], [-9313239.597600002, 5281527.259853602], [-9313240.693400001, 5281525.305500631], [-9313241.6317, 5281523.6063275365], [-9313242.9799, 5281521.725907978], [-9313243.671500001, 5281520.11890255], [-9313244.9247, 5281517.9088715175], [-9313245.6967, 5281516.215776516], [-9313246.708999997, 5281514.264213503], [-9313247.650300002, 5281512.648140776], [-9313248.912499994, 5281510.687709751], [-9313249.604099995, 5281509.08060468], [-9313250.634599999, 5281507.627942731], [-9313251.8044, 5281505.42100059], [-9313252.995199999, 5281503.796159482], [-9313254.0137, 5281502.010697568], [-9313255.026199996, 5281500.0591345625], [-9313256.213999996, 5281498.351193112], [-9313257.238299996, 5281496.732131192], [-9313258.188499996, 5281495.365758105], [-9313258.663699998, 5281494.682521744], [-9313259.607900001, 5281493.149848308], [-9313260.706699999, 5281491.278396469], [-9313261.8973, 5281489.653555393], [-9313263.013899997, 5281488.281004582], [-9313264.118500002, 5281486.576052374], [-9313265.312199997, 5281485.034212018]]], [[[-9313279.4371, 5281180.0875382675], [-9313299.823099999, 5281179.689374088], [-9313301.924099999, 5281261.468673902], [-9313280.522999996, 5281266.066992294], [-9313279.4371, 5281180.0875382675]]], [[[-9313194.887999997, 5281246.489090632], [-9313154.8173, 5281264.436671259], [-9313151.022899996, 5281255.9515686985], [-9313147.4495, 5281247.523062099], [-9313144.313599996, 5281239.770219092], [-9313141.7613, 5281232.489772662], [-9313153.902699994, 5281232.054243198], [-9313175.0521, 5281232.045275531], [-9313195.610699998, 5281231.8076324845], [-9313195.7901, 5281181.089624664], [-9313237.568999996, 5281180.50702556], [-9313259.7935, 5281180.2926984355], [-9313261.271800002, 5281270.254890681], [-9313278.539, 5281266.47123459], [-9313333.323100002, 5281368.428180483], [-9313329.219499998, 5281372.372059126], [-9313323.255100003, 5281376.771694348], [-9313315.410099998, 5281382.222539], [-9313308.9299, 5281386.098064163], [-9313303.7063, 5281388.91709894], [-9313300.810499998, 5281390.579105877], [-9313277.072599996, 5281346.297482529], [-9313264.567900002, 5281322.680643935], [-9313219.8025, 5281356.096149047], [-9313201.821599996, 5281335.3401940325], [-9313251.282100001, 5281298.175907503], [-9313238.940799998, 5281274.469991001], [-9313187.850700002, 5281317.271847887], [-9313171.176399998, 5281293.471571298], [-9313217.0258, 5281260.1008064635], [-9313194.887999997, 5281246.489090632]]], [[[-9313214.966699997, 5281390.744011243], [-9313215.504400002, 5281391.807177562], [-9313216.045099994, 5281392.953743147], [-9313216.585799998, 5281394.100209081], [-9313216.7849, 5281395.008832667], [-9313216.803199997, 5281397.839525424], [-9313216.114399998, 5281399.529631067], [-9313215.487799997, 5281400.634646479], [-9313214.608800001, 5281401.665529206], [-9313213.563499995, 5281402.702191104], [-9313212.515299998, 5281403.655752644], [-9313211.4611, 5281404.443013852], [-9313210.240399996, 5281405.236353147], [-9313208.684199996, 5281405.958349689], [-9313207.196199998, 5281406.261556358], [-9313153.572299995, 5281410.932513342], [-9313098.876000002, 5281415.891830542], [-9313072.813799998, 5281418.241756937], [-9313071.486299999, 5281418.372684828], [-9313071.279899996, 5281363.837035869], [-9313071.232399996, 5281360.454831883], [-9313054.591899997, 5281360.61126779], [-9313151.730699997, 5281308.491509592], [-9313154.734199997, 5281313.296682244], [-9313157.372199995, 5281317.199110188], [-9313159.921, 5281320.938127389], [-9313163.5956, 5281325.885985557], [-9313166.9168, 5281330.263500399], [-9313168.933900002, 5281333.105651696], [-9313171.821400002, 5281336.999012396], [-9313174.7979, 5281341.055983129], [-9313178.1844, 5281344.931607813], [-9313180.967799999, 5281348.245856784], [-9313183.4067, 5281351.239461988], [-9313185.7803, 5281354.73485778], [-9313210.670999996, 5281384.735876099], [-9313212.571999997, 5281386.666514371], [-9313213.783999998, 5281387.955267235], [-9313214.493999999, 5281389.178755434], [-9313214.966699997, 5281390.744011243]]], [[[-9313163.003999997, 5281766.838599956], [-9313163.116599998, 5281765.335619143], [-9313163.2143, 5281763.416837555], [-9313163.380299997, 5281761.07916633], [-9313163.629499996, 5281758.73860553], [-9313163.952799996, 5281756.145355838], [-9313164.187099997, 5281753.3888946315], [-9313164.448099995, 5281751.380934603], [-9313164.456700003, 5281749.298742248], [-9313164.890199997, 5281747.451203792], [-9313165.166099995, 5281745.859044556], [-9313165.106400002, 5281744.195642198], [-9313165.6201, 5281742.2620141655], [-9313247.845099999, 5281752.553506738], [-9313247.720499996, 5281753.72388677], [-9313247.679199994, 5281754.891177948], [-9313247.391200002, 5281756.150636789], [-9313247.263600001, 5281757.237816816], [-9313247.0739, 5281758.910087232], [-9313246.7948, 5281760.419046477], [-9313246.685199995, 5281762.005227294], [-9313246.584599996, 5281763.840808869], [-9313246.4186, 5281766.178480099], [-9313246.006199999, 5281768.608418648], [-9313245.762900002, 5281771.115180207], [-9313245.472000001, 5281772.291638333], [-9313245.356399996, 5281773.711319507], [-9313245.163699998, 5281775.300489568], [-9313245.068999995, 5281777.30257082], [-9313244.736599997, 5281779.646021238], [-9313244.487399997, 5281781.986781351], [-9313244.624199998, 5281783.480794523], [-9313244.419599999, 5281784.737463457], [-9313244.3189, 5281786.573045056], [-9313244.048900003, 5281788.331405107], [-9313243.847099997, 5281789.671074779], [-9313243.823599996, 5281791.337466421], [-9313243.707999997, 5281792.757346895], [-9313243.669499997, 5281794.00783811], [-9313243.509599999, 5281796.511809783], [-9313243.3138, 5281798.017779846], [-9313243.224899996, 5281800.186061893], [-9313242.8987, 5281802.696012013], [-9313242.961299997, 5281804.442714105], [-9313242.8517, 5281806.028894982], [-9313242.745, 5281807.698176233], [-9313242.6681, 5281810.199158704], [-9313242.695299994, 5281813.279352777], [-9313242.695700001, 5281815.611145296], [-9313242.684200002, 5281817.610137748], [-9313242.580399996, 5281819.362619024], [-9313242.402499996, 5281821.367589929], [-9313242.4592, 5281822.947792386], [-9313242.358499996, 5281824.783573319], [-9313242.430099996, 5281826.779476935], [-9313242.504700001, 5281828.858779837], [-9313242.558399998, 5281830.355782275], [-9313242.478499997, 5281832.773564775], [-9313242.377899997, 5281834.609345729], [-9313242.624799997, 5281836.848970597], [-9313242.526999999, 5281838.767752301], [-9313242.610599995, 5281841.0964559885], [-9313242.6642, 5281842.593558097], [-9313242.714899998, 5281844.00746017], [-9313242.795499997, 5281846.252963861], [-9313243.036399998, 5281848.326288353], [-9313242.8883, 5281851.162960564], [-9313243.045999996, 5281853.239174635], [-9313242.936399998, 5281854.825255929], [-9313243.0732, 5281856.319269183], [-9313243.213099996, 5281857.896482455], [-9313243.192599999, 5281859.646173835], [-9313243.261199994, 5281861.558977124], [-9313243.401099997, 5281863.136290044], [-9313243.380600002, 5281864.8856825195], [-9313243.6305, 5281867.208507453], [-9313243.7852, 5281869.2016211925], [-9313243.8568, 5281871.197724148], [-9313243.821299996, 5281872.531415455], [-9313244.050299998, 5281874.2719399305], [-9313244.300100002, 5281876.594764885], [-9313244.454899998, 5281878.587778987], [-9313244.7641, 5281880.242213852], [-9313244.9368, 5281882.7342288], [-9313245.0647, 5281883.978940947], [-9313245.222399995, 5281886.055055443], [-9313245.558399998, 5281888.458091221], [-9313245.704299996, 5281890.201704565], [-9313245.8858, 5281892.943219951], [-9313163.647599997, 5281903.221162578], [-9313163.469099997, 5281900.562847197], [-9313163.323199999, 5281898.819134194], [-9313163.2516, 5281896.823130833], [-9313163.004800001, 5281894.583605491], [-9313162.5234, 5281892.76874902], [-9313162.243699998, 5281889.614123117], [-9313161.990999997, 5281887.208297388], [-9313162.180800002, 5281885.535927187], [-9313161.7646, 5281883.219180295], [-9313161.609800002, 5281881.226066543], [-9313161.380899996, 5281879.485542074], [-9313161.3123, 5281877.57253948], [-9313161.136599999, 5281874.997324519], [-9313160.910699999, 5281873.339900431], [-9313160.696599994, 5281872.015077141], [-9313160.687299997, 5281869.433883756], [-9313160.609800002, 5281867.271580048], [-9313160.458099999, 5281865.361566688], [-9313160.276399996, 5281862.620151004], [-9313160.213899998, 5281860.873548482], [-9313160.175000003, 5281859.79234681], [-9313160.112399999, 5281858.045843921], [-9313160.234, 5281856.792363412], [-9313160.100199996, 5281855.381450546], [-9313160.070300002, 5281854.549649648], [-9313160.072999999, 5281852.301156723], [-9313159.974500002, 5281849.556652203], [-9313159.908999998, 5281847.72684967], [-9313159.938299999, 5281846.226957627], [-9313159.703499997, 5281844.319933523], [-9313159.733, 5281842.819941842], [-9313159.7091, 5281842.154441353], [-9313159.652400002, 5281840.574238888], [-9313159.759099998, 5281838.904957596], [-9313159.616299996, 5281837.2446439685], [-9313159.526899997, 5281834.749639895], [-9313159.6126, 5281832.497958491], [-9313159.689499997, 5281829.996975977], [-9313159.626900002, 5281828.250473134], [-9313159.5583, 5281826.337570259], [-9313159.566999998, 5281824.255477411], [-9313159.596299997, 5281822.755286475], [-9313159.789200002, 5281821.166116357], [-9313159.797899999, 5281819.084023529], [-9313159.892599996, 5281817.082041849], [-9313159.9071, 5281815.166050128], [-9313159.903900001, 5281812.751157231], [-9313160.066800002, 5281810.330385555], [-9313160.060599998, 5281807.832392297], [-9313160.164299998, 5281806.0798113905], [-9313160.3332, 5281803.825340117], [-9313160.368699998, 5281802.491648863], [-9313160.5525, 5281800.653177654], [-9313160.748399997, 5281799.1470083045], [-9313160.8281, 5281796.729225866], [-9313160.925999997, 5281794.810344596], [-9313160.887099998, 5281793.72924263], [-9313160.904599998, 5281791.89655059], [-9313160.999499997, 5281789.894469308], [-9313161.112199998, 5281788.391488462], [-9313161.29, 5281786.386517608], [-9313161.417500002, 5281785.2993375575], [-9313161.6044, 5281783.543867097], [-9313161.5449, 5281781.880564336], [-9313161.793999996, 5281779.539903849], [-9313162.049199997, 5281777.36564341], [-9313162.2091, 5281774.861472489], [-9313162.300800001, 5281772.776490144], [-9313162.541100001, 5281770.186229644], [-9313162.724999994, 5281768.347559203], [-9313163.003999997, 5281766.838599956]]], [[[-9313171.812299998, 5280871.451342066], [-9313117.702499999, 5280871.546199972], [-9313117.245300002, 5280851.412907218], [-9313171.425199999, 5280850.899757806], [-9313171.812299998, 5280871.451342066]]], [[[-9313097.199300002, 5281255.321640231], [-9313119.636399996, 5281244.774373951], [-9313121.368499996, 5281248.95908376], [-9313122.848099997, 5281253.0695612775], [-9313125.3885, 5281258.8907698775], [-9313128.177999996, 5281264.702911187], [-9313130.6381, 5281270.610109759], [-9313132.628600001, 5281275.035352299], [-9313134.339799996, 5281278.637961267], [-9313137.4473, 5281284.02234518], [-9313138.0801, 5281285.41522245], [-9313096.063100003, 5281307.240022435], [-9313053.628499998, 5281308.01064359], [-9313053.489799997, 5281301.938140939], [-9313052.569100002, 5281280.903591398], [-9313051.7468, 5281260.282052888], [-9313052.176799998, 5281256.019722935], [-9313058.503400002, 5281255.921576853], [-9313097.199300002, 5281255.321640231]]], [[[-9313161.343100002, 5281499.922028946], [-9313159.724000001, 5281436.193225943], [-9313183.781299997, 5281433.665042265], [-9313185.691099996, 5281433.513389109], [-9313187.595400002, 5281477.329494055], [-9313185.391899997, 5281478.574305439], [-9313165.5304, 5281495.941282858], [-9313161.343100002, 5281499.922028946]]], [[[-9313061.537099997, 5281575.19889534], [-9313061.287000002, 5281570.544478122], [-9313060.883899998, 5281554.653776575], [-9313085.170399996, 5281553.866216345], [-9313101.220800001, 5281553.2907912005], [-9313180.291199995, 5281591.758883858], [-9313179.833900003, 5281592.941120983], [-9313179.2936, 5281594.126347345], [-9313178.681899998, 5281595.647163645], [-9313178.076299995, 5281597.334379953], [-9313177.4616, 5281598.7720959], [-9313176.849999998, 5281600.293011842], [-9313176.1583, 5281601.900017377], [-9313175.635699997, 5281603.584144836], [-9313174.878599998, 5281605.693140321], [-9313174.430499997, 5281607.12487783], [-9313173.824799996, 5281608.81209416], [-9313172.9726, 5281610.591278852], [-9313172.366999999, 5281612.2784951795], [-9313171.689900002, 5281614.301401108], [-9313171.013099998, 5281616.324107739], [-9313170.25, 5281618.266802889], [-9313169.742499998, 5281620.367030006], [-9313168.976499997, 5281622.226425517], [-9313168.379799996, 5281624.163142217], [-9313168.005699998, 5281625.34239016], [-9313167.554500002, 5281626.69102734], [-9313166.797299996, 5281628.800022863], [-9313166.268999994, 5281630.317949617], [-9313165.9038, 5281631.746697933], [-9313164.7786, 5281635.201142148], [-9313165.143799998, 5281633.77239382], [-9313103.156199995, 5281609.597561946], [-9313062.0528, 5281610.488349997], [-9313062.000900002, 5281599.747777829], [-9313061.604399998, 5281591.018154752], [-9313061.537099997, 5281575.19889534]]], [[[-9313149.574099997, 5281694.2047923785], [-9313149.357399995, 5281695.12886046], [-9313149.075400002, 5281696.554520001], [-9313148.8648, 5281697.644589554], [-9313148.505599998, 5281699.239737955], [-9313148.149300002, 5281700.917986736], [-9313147.629900001, 5281702.685413958], [-9313147.4399, 5281704.357684293], [-9313146.997699995, 5281705.955821938], [-9313146.730699994, 5281707.797381869], [-9313146.2852, 5281709.312319496], [-9313146.009399995, 5281710.9044787055], [-9313145.451399999, 5281713.922297461], [-9313145.027, 5281716.019435863], [-9313144.0801, 5281719.800801531], [-9313143.842799999, 5281722.474062659], [-9313143.326199997, 5281724.324590274], [-9313142.827499997, 5281726.6742183305], [-9313142.2278, 5281728.527834816], [-9313141.862700002, 5281729.95638397], [-9313140.847299997, 5281731.824946576], [-9313140.3128, 5281733.17657308], [-9313139.6892, 5281734.364788784], [-9313138.911199998, 5281735.891484053], [-9313138.133200001, 5281737.418378605], [-9313137.334600002, 5281738.363172013], [-9313136.615799997, 5281739.221576917], [-9313135.828800002, 5281740.498971076], [-9313134.8696, 5281741.615844023], [-9313133.8243, 5281742.652605836], [-9313132.855999997, 5281743.520277317], [-9313132.1315, 5281744.212381835], [-9313131.077199996, 5281744.999742887], [-9313130.0229, 5281745.786904662], [-9313128.401299998, 5281747.010891402], [-9313126.191700002, 5281748.089502328], [-9313124.6414, 5281748.977799438], [-9313123.085199999, 5281749.699796186], [-9313121.609, 5281750.335603693], [-9313120.2101, 5281750.802121603], [-9313118.897399997, 5281751.348949937], [-9313117.5786, 5281751.729378239], [-9313116.589599997, 5281752.0145500135], [-9313115.514399998, 5281752.219710278], [-9313113.943399997, 5281752.525906248], [-9313112.7077, 5281752.903245702], [-9313111.136499997, 5281753.209441672], [-9313108.897099998, 5281753.456152121], [-9313107.735799996, 5281753.5812012395], [-9313106.568500001, 5281753.539750699], [-9313103.9071, 5281753.6353061525], [-9313065.491100002, 5281755.179040009], [-9313064.533299996, 5281723.818913579], [-9313064.5354, 5281716.907035483], [-9313064.55, 5281714.991043918], [-9313064.474199995, 5281703.585269369], [-9313064.310199995, 5281699.010962847], [-9313063.766899997, 5281679.211154747], [-9313149.9391, 5281692.776143613], [-9313149.574099997, 5281694.2047923785]]], [[[-9313108.116800003, 5281780.465366994], [-9313109.295999996, 5281780.839517949], [-9313110.724699996, 5281781.20470123], [-9313111.9008, 5281781.495652176], [-9313112.9971, 5281781.872692711], [-9313114.69, 5281782.644709127], [-9313116.124799997, 5281783.176192801], [-9313117.651599996, 5281783.954187646], [-9313119.012100002, 5281784.738061304], [-9313120.122999998, 5281785.531101902], [-9313121.3943, 5281786.1516644005], [-9313122.677599996, 5281787.104927295], [-9313123.619199999, 5281787.820746332], [-9313124.650000002, 5281788.699677251], [-9313125.8471, 5281789.572829014], [-9313127.0591, 5281790.861781557], [-9313128.277099999, 5281792.31703448], [-9313129.221699994, 5281793.115953897], [-9313130.4338, 5281794.404906436], [-9313131.0457, 5281795.215683093], [-9313131.746899996, 5281796.189870562], [-9313132.632199997, 5281797.656980754], [-9313133.339300001, 5281798.797568247], [-9313133.981099997, 5281800.440145757], [-9313134.512899999, 5281801.33701203], [-9313134.985299997, 5281802.902367972], [-9313135.3687, 5281804.304213492], [-9313135.6541, 5281805.293247428], [-9313135.963099994, 5281806.94778185], [-9313136.097100003, 5281808.358595028], [-9313136.1685, 5281810.354697889], [-9313136.234199997, 5281812.184500369], [-9313136.207699997, 5281813.767592386], [-9313136.103999998, 5281815.520073659], [-9313136.089400003, 5281817.435965746], [-9313135.8403, 5281819.776626285], [-9313135.689199999, 5281822.530098414], [-9313135.5351, 5281825.200470161], [-9313135.4374, 5281827.119152198], [-9313135.416799998, 5281828.868843552], [-9313135.3843, 5281830.285635203], [-9313135.150099998, 5281833.042096574], [-9313135.301800001, 5281834.952010239], [-9313135.379400002, 5281837.114513166], [-9313135.272699997, 5281838.783694815], [-9313135.240300002, 5281840.2006857535], [-9313135.145400003, 5281842.20266747], [-9313135.231899997, 5281844.614670829], [-9313135.214399997, 5281846.447263295], [-9313135.208699998, 5281848.6126558455], [-9313135.2952, 5281851.02445993], [-9313135.381699998, 5281853.436363671], [-9313135.388000002, 5281855.9343570005], [-9313135.373499997, 5281857.850348789], [-9313135.608399998, 5281859.757173619], [-9313135.763099996, 5281861.750386988], [-9313135.757500002, 5281863.915679913], [-9313135.971899997, 5281867.572096525], [-9313136.132499998, 5281869.731610287], [-9313136.2604, 5281870.9761231365], [-9313136.510300001, 5281873.298848456], [-9313136.739299998, 5281875.03947256], [-9313136.816700002, 5281877.201875915], [-9313136.879399996, 5281878.948378839], [-9313136.945000002, 5281880.778181401], [-9313137.001699999, 5281882.35838393], [-9313137.055299995, 5281883.8553864295], [-9313137.114999998, 5281885.518788978], [-9313137.3499, 5281887.42561385], [-9313137.587900002, 5281889.415838032], [-9313137.638399998, 5281890.8296405375], [-9313137.701099997, 5281892.576342741], [-9313137.760899996, 5281894.23954601], [-9313138.081999999, 5281896.226780989], [-9313138.224699996, 5281897.887094677], [-9313138.4566, 5281899.711018482], [-9313138.358899998, 5281901.629800266], [-9313138.8169, 5281905.111048558], [-9313139.185700001, 5281908.428786395], [-9313068.6554, 5281915.454754165], [-9313068.491399998, 5281910.880347254], [-9313068.422799999, 5281908.967444243], [-9313068.0486, 5281886.912663306], [-9313068.150599996, 5281873.5016173525], [-9313067.944299996, 5281863.09942297], [-9313067.664799998, 5281839.042661089], [-9313067.5332, 5281833.051662083], [-9313067.435299998, 5281811.736515624], [-9313067.237999998, 5281780.681985941], [-9313103.019799998, 5281779.982009794], [-9313105.1881, 5281780.0706900405], [-9313106.693999996, 5281780.26658372], [-9313108.116800003, 5281780.465366994]]]]}, "properties": {"Group": 15, "Chld_Rt": 0.257005775630542, "Med_Income": 35555.586956521736, "Bay_Ld_Est": 10.814497053826662}}, {"type": "Feature", "geometry": {"type": "MultiPolygon", "coordinates": [[[[-9317144.9249, 5291978.112986846], [-9317144.867399998, 5292019.041338371], [-9317128.373099998, 5292019.041338371], [-9317128.516200002, 5291978.148060657], [-9317144.9249, 5291978.112986846]]], [[[-9317161.5479, 5292062.003972544], [-9317144.806699997, 5292062.075315858], [-9317144.867399998, 5292019.041338371], [-9317162.034099996, 5292019.041338371], [-9317161.5479, 5292062.003972544]]], [[[-9316985.859399999, 5292138.741000755], [-9316994.690599998, 5292138.8113476755], [-9316994.746099997, 5292184.1371840155], [-9316977.999999996, 5292184.003764009], [-9316978.110200003, 5292138.804173476], [-9316985.859399999, 5292138.741000755]]], [[[-9317112.0408, 5292139.328885781], [-9317116.581299998, 5292139.364956015], [-9317116.641700001, 5292184.149340279], [-9317097.9784, 5292184.125824882], [-9317080.981400002, 5292184.115561807], [-9317060.692199996, 5292184.245693645], [-9317060.883000001, 5292139.338351714], [-9317070.588999994, 5292139.415673551], [-9317077.463699996, 5292139.303776104], [-9317080.921199996, 5292139.331277165], [-9317086.753199996, 5292139.377610488], [-9317095.460400002, 5292139.321910872], [-9317097.7932, 5292139.340444192], [-9317103.625099996, 5292139.386777502], [-9317112.0408, 5292139.328885781]]], [[[-9317352.429799998, 5292258.301176003], [-9317352.273100002, 5292209.766281799], [-9317369.6867, 5292209.77923521], [-9317369.842600001, 5292258.439179538], [-9317352.429799998, 5292258.301176003]]], [[[-9317286.209699998, 5292434.415215554], [-9317269.752500001, 5292434.576136652], [-9317269.183799997, 5292385.495598741], [-9317269.0417, 5292335.168845893], [-9317286.164899996, 5292335.054756325], [-9317286.1835, 5292385.213912089], [-9317286.209699998, 5292434.415215554]]], [[[-9317151.824, 5292385.813255998], [-9317135.659799999, 5292385.8096689], [-9317134.9381, 5292335.103481039], [-9317151.3942, 5292335.067510443], [-9317151.824, 5292385.813255998]]], [[[-9317080.780000001, 5292335.089132652], [-9317098.319200002, 5292335.062030153], [-9317116.6911, 5292335.083253805], [-9317116.453300001, 5292385.948569217], [-9317097.914599994, 5292385.926050239], [-9317080.624299996, 5292386.080195711], [-9317080.780000001, 5292335.089132652]]], [[[-9317136.9503, 5292585.042062867], [-9317154.1149, 5292585.011871466], [-9317153.970499998, 5292639.878802022], [-9317144.8448, 5292640.098013477], [-9317137.093899997, 5292640.3278865665], [-9317136.9503, 5292585.042062867]]], [[[-9317211.350700002, 5292685.537657999], [-9317210.638499998, 5292638.829377041], [-9317222.388600001, 5292638.6309906775], [-9317228.7634, 5292638.556658063], [-9317228.9329, 5292685.427354777], [-9317211.350700002, 5292685.537657999]]], [[[-9316972.6203, 5292751.963912369], [-9316956.996999994, 5292751.964310927], [-9316939.164799998, 5292752.072322406], [-9316938.9789, 5292707.4508324955], [-9316956.519799998, 5292707.298978745], [-9316972.559500001, 5292707.301868356], [-9316972.6203, 5292751.963912369]]], [[[-9316958.343299996, 5292860.088578316], [-9316940.802499995, 5292860.198781904], [-9316940.3207, 5292816.116249604], [-9316958.694899999, 5292815.970972178], [-9316975.028, 5292815.809453173], [-9316975.092900002, 5292859.930546753], [-9316958.343299996, 5292860.088578316]]], [[[-9316991.748899994, 5292902.892411614], [-9316975.2919, 5292902.927884018], [-9316975.092900002, 5292859.930546753], [-9316991.383000001, 5292859.9353295555], [-9316991.748899994, 5292902.892411614]]], [[[-9316829.363400001, 5291918.376204985], [-9316783.6822, 5291919.001256192], [-9316783.6462, 5291902.420609724], [-9316829.1572, 5291902.448509343], [-9316829.363400001, 5291918.376204985]]], [[[-9316746.0648, 5291964.184198932], [-9316746.176799996, 5291978.679847439], [-9316699.860100001, 5291979.07831386], [-9316699.862999998, 5291964.2633142965], [-9316699.8662, 5291947.104646825], [-9316699.867899997, 5291938.195300478], [-9316699.869199995, 5291931.605508991], [-9316714.166, 5291931.529881085], [-9316745.8111, 5291931.362284053], [-9316745.9302, 5291946.772641307], [-9316746.0648, 5291964.184198932]]], [[[-9316827.8895, 5292063.418383955], [-9316784.147399997, 5292063.602720783], [-9316783.842699997, 5292034.362019302], [-9316828.124000002, 5292034.9374490725], [-9316827.8895, 5292063.418383955]]], [[[-9316928.210499996, 5292257.9694693275], [-9316928.056799995, 5292209.30972429], [-9316946.1786, 5292209.329154388], [-9316945.9157, 5292257.985611261], [-9316928.210499996, 5292257.9694693275]]], [[[-9316911.755800001, 5292257.83824142], [-9316928.210499996, 5292257.9694693275], [-9316928.3771, 5292310.21232604], [-9316911.7545, 5292310.246303809], [-9316911.755800001, 5292257.83824142]]], [[[-9316929.4189, 5292383.334373572], [-9316913.128299996, 5292383.495992152], [-9316913.095499996, 5292335.378192781], [-9316929.384499997, 5292335.382975566], [-9316946.674699996, 5292335.229328317], [-9316946.291200003, 5292383.343939159], [-9316929.4189, 5292383.334373572]]], [[[-9316704.329499997, 5292409.182487412], [-9316683.923599998, 5292410.144128008], [-9316684.0818, 5292393.59994409], [-9316684.217299998, 5292377.241890773], [-9316745.378999999, 5292374.254537546], [-9316745.423699997, 5292389.831899297], [-9316745.4735, 5292407.243163934], [-9316745.523799999, 5292424.825712643], [-9316745.565099996, 5292439.238763436], [-9316703.767799996, 5292441.204691266], [-9316703.728400001, 5292426.956447568], [-9316704.329499997, 5292409.182487412]]], [[[-9316897.017599994, 5292460.356395615], [-9316913.056999998, 5292460.359285226], [-9316929.3893, 5292460.19796555], [-9316946.636699999, 5292460.210420741], [-9316946.119599996, 5292509.407641749], [-9316929.412299996, 5292509.56617147], [-9316913.206100002, 5292509.561986522], [-9316897.331999995, 5292509.726893299], [-9316897.017599994, 5292460.356395615]]], [[[-9316946.119599996, 5292509.407641749], [-9316963.117200002, 5292509.418203747], [-9316963.544, 5292560.414853577], [-9316946.129599998, 5292560.401003389], [-9316946.119599996, 5292509.407641749]]], [[[-9316839.040699998, 5292795.102039596], [-9316790.377699995, 5292795.296639605], [-9316790.2165, 5292778.963790552], [-9316790.1114, 5292760.839984008], [-9316839.1488, 5292760.69002343], [-9316839.173099998, 5292778.5214815885], [-9316839.040699998, 5292795.102039596]]], [[[-9316908.179499997, 5292860.355418468], [-9316908.406, 5292816.278366462], [-9316924.155699996, 5292816.112263941], [-9316924.511199994, 5292860.360599843], [-9316908.179499997, 5292860.355418468]]], [[[-9316568.295400001, 5292038.592897925], [-9316552.0004, 5292039.028331379], [-9316552.1466, 5292005.970862057], [-9316567.973799996, 5292005.810937422], [-9316568.295400001, 5292038.592897925]]], [[[-9316698.6294, 5292035.11032712], [-9316698.5644, 5292050.025267946], [-9316698.511199996, 5292062.208237658], [-9316683.575, 5292062.93890895], [-9316683.940199995, 5292035.502914723], [-9316698.6294, 5292035.11032712]]], [[[-9316601.816699997, 5292066.937921849], [-9316601.6482, 5292037.701903457], [-9316617.586599998, 5292037.27603558], [-9316617.7796, 5292066.157130875], [-9316601.816699997, 5292066.937921849]]], [[[-9316465.2882, 5292103.039540989], [-9316465.763599996, 5292153.253689918], [-9316449.0249, 5292154.004488848], [-9316431.060099997, 5292154.810489179], [-9316415.890999997, 5292155.491040829], [-9316415.579099998, 5292105.752381187], [-9316465.2882, 5292103.039540989]]], [[[-9316648.681600003, 5292145.045619256], [-9316648.071399998, 5292093.062235705], [-9316665.218799997, 5292093.262216246], [-9316742.421399998, 5292094.162377785], [-9316743.4347, 5292192.134513107], [-9316649.313699994, 5292196.500705451], [-9316648.681600003, 5292145.045619256]]], [[[-9316597.544500003, 5292147.340562952], [-9316598.1128, 5292198.875661401], [-9316581.941199997, 5292199.625663233], [-9316581.887000002, 5292148.043235022], [-9316597.544500003, 5292147.340562952]]], [[[-9316744.547799997, 5292216.870822889], [-9316744.627099996, 5292234.367179087], [-9316744.7698, 5292265.859883482], [-9316744.990499996, 5292314.5154457], [-9316667.4733, 5292318.982276416], [-9316667.170000002, 5292269.7929343125], [-9316683.466799999, 5292268.966905957], [-9316683.179099996, 5292254.174222775], [-9316682.514599996, 5292220.026370672], [-9316744.547799997, 5292216.870822889]]], [[[-9316433.040299997, 5292332.487392298], [-9316432.121499997, 5292281.7018918535], [-9316450.286199996, 5292280.78180188], [-9316466.387, 5292279.966136219], [-9316482.756299999, 5292279.136919326], [-9316483.414300002, 5292329.585930183], [-9316433.040299997, 5292332.487392298]]], [[[-9316468.135, 5292406.862035006], [-9316484.302099999, 5292405.869206606], [-9316501.6227, 5292404.805732334], [-9316517.6845, 5292403.819380648], [-9316518.186899995, 5292449.931298446], [-9316468.476700002, 5292452.268291438], [-9316468.135, 5292406.862035006]]], [[[-9316684.414100002, 5292485.549367768], [-9316746.210099999, 5292482.143519763], [-9316746.315999998, 5292498.973078239], [-9316746.417599998, 5292515.135935262], [-9316684.460600002, 5292518.5248443], [-9316684.4371, 5292501.882412409], [-9316684.414100002, 5292485.549367768]]], [[[-9316747.0107, 5292642.111370999], [-9316684.8617, 5292642.901428986], [-9316684.9926, 5292624.763674517], [-9316746.8689, 5292624.281907542], [-9316747.0107, 5292642.111370999]]]]}, "properties": {"Group": 16, "Chld_Rt": 0.122188981209596, "Med_Income": 21590.367346938776, "Bay_Ld_Est": 9.716964229947509}}, {"type": "Feature", "geometry": {"type": "MultiPolygon", "coordinates": [[[[-9317284.3979, 5288270.115073518], [-9317278.905299997, 5288267.798813433], [-9317269.283199998, 5288263.741322833], [-9317264.428899994, 5288261.6943930015], [-9317253.685499994, 5288257.163905507], [-9317248.418100001, 5288254.942802812], [-9317238.135, 5288250.606615733], [-9317232.128299998, 5288248.073735655], [-9317222.1945, 5288243.884619044], [-9317243.010900002, 5288238.697296618], [-9317262.536500001, 5288235.947597246], [-9317272.019999996, 5288235.285381627], [-9317281.184699997, 5288235.461746612], [-9317290.105299998, 5288235.9752975], [-9317299.5355, 5288237.063180443], [-9317316.3214, 5288239.6908193175], [-9317333.113099998, 5288242.651558824], [-9317349.750899998, 5288246.364589622], [-9317366.575399997, 5288251.240234317], [-9317370.441300001, 5288252.686128224], [-9317350.685499996, 5288298.067030109], [-9317346.696300002, 5288296.384787159], [-9317340.299399998, 5288293.687399307], [-9317330.536999997, 5288289.570821375], [-9317325.705400001, 5288287.533556711], [-9317315.391099997, 5288283.184216881], [-9317310.249399997, 5288281.016023642], [-9317299.972899998, 5288276.682626425], [-9317294.6354, 5288274.431930271], [-9317284.3979, 5288270.115073518]]], [[[-9317376.855699997, 5288309.102296867], [-9317372.422399996, 5288307.232927645], [-9317361.9286, 5288302.807960055], [-9317382.334499996, 5288257.133913485], [-9317397.1663, 5288262.37693544], [-9317415.549499996, 5288270.724180377], [-9317390.7514, 5288314.961600076], [-9317376.855699997, 5288309.102296867]]], [[[-9317483.265399998, 5288491.780763925], [-9317503.943199998, 5288444.943997015], [-9317518.2661, 5288450.936521181], [-9317498.960999995, 5288498.521594095], [-9317483.265399998, 5288491.780763925]]], [[[-9317563.638099996, 5288469.9194740355], [-9317538.634999996, 5288515.559948989], [-9317531.303499995, 5288512.411285464], [-9317550.965499997, 5288464.617463628], [-9317563.638099996, 5288469.9194740355]]], [[[-9317530.8326, 5288529.802370568], [-9317514.211599998, 5288560.141537925], [-9317495.0578, 5288551.967168717], [-9317508.956099994, 5288520.800281674], [-9317530.8326, 5288529.802370568]]], [[[-9317272.686199997, 5288537.412371574], [-9317253.476699997, 5288584.540991064], [-9317240.862399995, 5288579.314109697], [-9317259.9531, 5288532.127299909], [-9317272.686199997, 5288537.412371574]]], [[[-9317439.448699996, 5288555.569797894], [-9317420.808899999, 5288600.824365275], [-9317404.795199998, 5288594.110338067], [-9317423.568699997, 5288548.881777302], [-9317439.448699996, 5288555.569797894]]], [[[-9317460.768600002, 5288589.978812992], [-9317465.6618, 5288578.3588489685], [-9317497.3841, 5288591.686963056], [-9317491.279400002, 5288602.842598948], [-9317460.768600002, 5288589.978812992]]], [[[-9317367.967599995, 5288578.669331113], [-9317349.348999996, 5288623.976410236], [-9317340.2876, 5288620.247834317], [-9317337.3342, 5288619.0324102435], [-9317325.1812, 5288614.031415464], [-9317332.318099996, 5288596.791285738], [-9317338.968399998, 5288580.726524489], [-9317343.983099999, 5288568.613037418], [-9317355.3878, 5288573.394920897], [-9317359.036299996, 5288574.924613443], [-9317367.967599995, 5288578.669331113]]], [[[-9317402.298299998, 5288645.764765328], [-9317420.808899999, 5288600.824365275], [-9317435.268000001, 5288606.886838321], [-9317416.758799998, 5288651.715241802], [-9317402.298299998, 5288645.764765328]]], [[[-9317548.549599998, 5288661.150571813], [-9317556.841299996, 5288645.732581198], [-9317582.7702, 5288691.820850177], [-9317556.625000002, 5288692.363695778], [-9317549.299899999, 5288692.5158479875], [-9317531.482399996, 5288692.885816], [-9317540.856700001, 5288675.455071493], [-9317548.549599998, 5288661.150571813]]], [[[-9317309.520499997, 5288690.5421538185], [-9317290.6524, 5288737.288853882], [-9317274.6176, 5288730.644973439], [-9317293.772700002, 5288684.015651022], [-9317309.520499997, 5288690.5421538185]]], [[[-9317393.7926, 5288780.0228023445], [-9317382.567699999, 5288775.372046016], [-9317379.9419, 5288774.283963346], [-9317392.984100001, 5288742.553499941], [-9317380.791900001, 5288737.809080943], [-9317387.0152, 5288722.658626235], [-9317401.599399997, 5288728.702765843], [-9317418.3664, 5288735.651448935], [-9317393.7926, 5288780.0228023445]]], [[[-9317334.7028, 5288834.251568997], [-9317354.307800002, 5288788.897451861], [-9317358.538599996, 5288790.658212779], [-9317367.964999996, 5288794.58128894], [-9317348.559299998, 5288840.039531418], [-9317338.974299999, 5288836.035845316], [-9317334.7028, 5288834.251568997]]], [[[-9317279.639899995, 5288944.974951872], [-9317288.457699997, 5288924.4359938], [-9317298.160999997, 5288901.833863702], [-9317321.078900002, 5288911.377904166], [-9317309.458799997, 5288932.7173801], [-9317297.3639, 5288954.928319055], [-9317278.679400003, 5288947.21209799], [-9317279.639899995, 5288944.974951872]]], [[[-9317258.520399995, 5288994.167655439], [-9317271.785699999, 5288963.269390671], [-9317289.198299998, 5288969.923236435], [-9317272.545199998, 5289000.504841363], [-9317258.520399995, 5288994.167655439]]], [[[-9317368.113100002, 5288986.773474777], [-9317359.932100002, 5289001.644837324], [-9317314.069699997, 5288979.357273423], [-9317321.928899998, 5288964.992487413], [-9317368.113100002, 5288986.773474777]]], [[[-9317074.592, 5288111.4242647225], [-9317055.692200001, 5288111.776396808], [-9317054.489899999, 5288066.680475295], [-9317073.750299998, 5288066.351260716], [-9317074.592, 5288111.4242647225]]], [[[-9317205.376599995, 5288102.826522804], [-9317172.024099998, 5288103.814664779], [-9317171.731299998, 5288084.996822781], [-9317205.1307, 5288084.260274902], [-9317205.376599995, 5288102.826522804]]], [[[-9317239.143500002, 5288124.686212261], [-9317223.0719, 5288124.893665283], [-9317221.978300001, 5288070.669711055], [-9317238.509399997, 5288070.450002165], [-9317239.143500002, 5288124.686212261]]], [[[-9316984.6041, 5288323.912272649], [-9317005.1796, 5288323.821698776], [-9317026.5786, 5288323.727338524], [-9317036.157700002, 5288323.6851902725], [-9317036.159999998, 5288340.607460826], [-9316984.916099997, 5288340.814814246], [-9316984.6041, 5288323.912272649]]], [[[-9316985.2233, 5288357.467057259], [-9317036.162199998, 5288356.436866504], [-9317036.164499998, 5288373.17390441], [-9316985.529, 5288374.0368971955], [-9316985.2233, 5288357.467057259]]], [[[-9317202.126899999, 5288396.127459966], [-9317219.689, 5288403.503402911], [-9317208.267399998, 5288429.975390979], [-9317190.775899999, 5288422.486853278], [-9317176.589799996, 5288416.413520201], [-9317176.079299998, 5288385.187349866], [-9317202.126899999, 5288396.127459966]]], [[[-9317087.214699998, 5288474.50426676], [-9317104.2028, 5288474.342150453], [-9317105.008700002, 5288526.38029141], [-9317088.022600003, 5288526.627899918], [-9317087.214699998, 5288474.50426676]]], [[[-9317222.067100001, 5288571.526348437], [-9317207.956000002, 5288565.679200303], [-9317218.635299997, 5288538.928612512], [-9317204.9429, 5288533.323293853], [-9317178.104499998, 5288522.336550488], [-9317177.780900002, 5288498.02039861], [-9317210.571099998, 5288511.630596256], [-9317226.837599998, 5288518.382287431], [-9317241.102, 5288524.302870945], [-9317222.067100001, 5288571.526348437]]], [[[-9317055.417500002, 5288658.519345007], [-9317039.387199996, 5288658.696806084], [-9317038.963900002, 5288604.563204182], [-9317055.035499997, 5288604.304635112], [-9317055.417500002, 5288658.519345007]]], [[[-9317228.120199999, 5288711.379334502], [-9317212.956499998, 5288705.096354842], [-9317219.488399994, 5288689.098750459], [-9317224.283699999, 5288677.354732184], [-9317225.8957, 5288673.406347484], [-9317232.014599998, 5288658.420201943], [-9317247.091099998, 5288664.668705504], [-9317228.120199999, 5288711.379334502]]], [[[-9317089.3541, 5288711.979673122], [-9317073.454500003, 5288712.163909832], [-9317073.031199994, 5288658.324147775], [-9317088.850800002, 5288658.148878796], [-9317089.3541, 5288711.979673122]]], [[[-9317124.811799994, 5288787.981349999], [-9317107.7823, 5288788.195279815], [-9317107.090699999, 5288735.669683277], [-9317124.4083, 5288735.442999399], [-9317124.811799994, 5288787.981349999]]], [[[-9317226.085399998, 5288844.533552248], [-9317211.2346, 5288838.412090453], [-9317217.8698, 5288822.716995348], [-9317223.013099998, 5288810.550596498], [-9317224.757899998, 5288806.423255663], [-9317231.260099996, 5288791.042628795], [-9317246.130499998, 5288797.254365366], [-9317226.085399998, 5288844.533552248]]], [[[-9317251.734900001, 5288882.499569385], [-9317232.401399996, 5288928.0998037625], [-9317217.208300002, 5288921.825292581], [-9317236.784999996, 5288876.273384429], [-9317251.734900001, 5288882.499569385]]], [[[-9317151.627699997, 5288929.022681333], [-9317153.448899997, 5288923.493885482], [-9317157.514599998, 5288912.845520612], [-9317162.193899995, 5288899.104689025], [-9317202.6326, 5288915.805663796], [-9317196.956599997, 5288928.8538890015], [-9317192.221999994, 5288939.738304205], [-9317190.066499999, 5288944.69366453], [-9317151.627699997, 5288929.022681333]]], [[[-9317094.189399999, 5288919.217182005], [-9317110.390499998, 5288919.14753275], [-9317127.465000002, 5288919.073997494], [-9317130.050700001, 5288919.063036945], [-9317123.264799997, 5288936.255044214], [-9317094.276299998, 5288936.322302076], [-9317094.189399999, 5288919.217182005]]], [[[-9316993.673499998, 5288937.0558612095], [-9317027.512000002, 5288936.143844546], [-9317027.574999996, 5288950.722759359], [-9316993.883899996, 5288951.377402589], [-9316993.673499998, 5288937.0558612095]]], [[[-9317228.146699997, 5288980.443263808], [-9317213.092699999, 5288973.641052111], [-9317232.401399996, 5288928.0998037625], [-9317247.916099997, 5288934.5072364705], [-9317262.957399998, 5288940.718973712], [-9317255.9062, 5288957.2013360355], [-9317243.0772, 5288987.189776068], [-9317228.146699997, 5288980.443263808]]], [[[-9316624.437499998, 5288171.319500218], [-9316393.247299995, 5288170.084247968], [-9316387.444799997, 5287803.535023917], [-9316619.1832, 5287801.684288346], [-9316619.703500003, 5287853.978779121], [-9316620.297599997, 5287909.187876871], [-9316620.522099996, 5287932.004317924], [-9316622.5697, 5288037.502637825], [-9316622.854800003, 5288061.651483462], [-9316624.437499998, 5288171.319500218]]], [[[-9316957.936, 5288067.829936369], [-9316976.646899998, 5288067.538585456], [-9316994.049199998, 5288067.26766099], [-9316994.8201, 5288112.440704813], [-9316977.585199999, 5288112.748396905], [-9316958.9345, 5288113.081497501], [-9316958.007600002, 5288071.076247219], [-9316957.936, 5288067.829936369]]], [[[-9316921.4429, 5288068.397990947], [-9316922.6329, 5288113.729364708], [-9316903.981999999, 5288114.062365676], [-9316903.186100002, 5288071.930869936], [-9316903.124700002, 5288068.683064476], [-9316921.4429, 5288068.397990947]]], [[[-9316983.537999997, 5288266.124442173], [-9317004.5182, 5288265.849830937], [-9317004.8378, 5288293.87193487], [-9316984.055699999, 5288294.18510727], [-9316983.537999997, 5288266.124442173]]], [[[-9316732.608599998, 5288349.554646154], [-9316735.378299994, 5288451.636999151], [-9316398.586099997, 5288450.952164861], [-9316396.736599997, 5288348.945439615], [-9316732.608599998, 5288349.554646154]]], [[[-9317019.469999999, 5288389.813692693], [-9317019.419900002, 5288411.016153332], [-9316986.2189, 5288411.423885303], [-9316986.140599994, 5288407.177972673], [-9316985.8256, 5288390.106637944], [-9317019.469999999, 5288389.813692693]]], [[[-9316928.969299996, 5288450.654436813], [-9316911.3981, 5288450.876138588], [-9316911.207799999, 5288400.315580647], [-9316928.528600002, 5288400.128554032], [-9316928.969299996, 5288450.654436813]]], [[[-9316879.089399997, 5288451.284169487], [-9316878.392199999, 5288400.669705634], [-9316884.806299996, 5288400.600454955], [-9316894.8809, 5288400.491646726], [-9316894.997599998, 5288451.0831931075], [-9316879.089399997, 5288451.284169487]]], [[[-9316827.378299998, 5288451.936720022], [-9316808.892500002, 5288452.169880534], [-9316807.785099996, 5288431.108511216], [-9316827.3626, 5288430.712935484], [-9316827.378299998, 5288451.936720022]]], [[[-9316736.263399998, 5288477.780769935], [-9316739.385200001, 5288582.110342257], [-9316401.1704, 5288581.187464949], [-9316399.379999999, 5288476.263931203], [-9316736.263399998, 5288477.780769935]]], [[[-9316739.9428, 5288608.923505636], [-9316740.733700002, 5288713.357213628], [-9316401.577299995, 5288709.943603496], [-9316401.046999995, 5288606.340704591], [-9316739.9428, 5288608.923505636]]], [[[-9316898.527900001, 5288659.844972348], [-9316916.721500002, 5288659.730883109], [-9316917.147199998, 5288714.246511927], [-9316898.912899997, 5288714.47538793], [-9316898.527900001, 5288659.844972348]]], [[[-9316991.8207, 5288789.65173629], [-9316991.172799997, 5288737.186024096], [-9317006.328599999, 5288736.987937258], [-9317006.977699997, 5288789.4615210965], [-9316991.8207, 5288789.65173629]]], [[[-9316817.0378, 5288782.815846831], [-9316781.2713, 5288783.082985079], [-9316781.022199996, 5288762.846640107], [-9316816.691699997, 5288762.579701148], [-9316817.0378, 5288782.815846831]]], [[[-9316404.123500003, 5288735.65802525], [-9316741.568899998, 5288738.794832005], [-9316741.7456, 5288844.192380519], [-9316404.671900002, 5288841.427733679], [-9316404.123500003, 5288735.65802525]]], [[[-9316951.1816, 5288790.013234812], [-9316966.669699995, 5288789.748886527], [-9316966.825999994, 5288802.40651666], [-9316967.329199996, 5288843.12980595], [-9316958.084600002, 5288843.225461576], [-9316951.670799999, 5288843.29182266], [-9316951.1816, 5288790.013234812]]], [[[-9316901.718799995, 5288790.85759496], [-9316918.995, 5288790.562656784], [-9316919.7732, 5288843.621734936], [-9316902.203799998, 5288843.803480619], [-9316901.718799995, 5288790.85759496]]], [[[-9316938.147699997, 5288932.673637578], [-9316938.054, 5288925.056161151], [-9316937.995199999, 5288920.265109371], [-9316937.893799994, 5288912.019394741], [-9316937.562099995, 5288885.029062898], [-9316937.357799996, 5288868.413979312], [-9316946.6013, 5288868.3225086145], [-9316952.018399999, 5288868.269001248], [-9316967.506500002, 5288868.11585261], [-9316967.6711, 5288880.689585556], [-9316968.0735, 5288911.419853142], [-9316968.342899997, 5288931.990696223], [-9316953.110900002, 5288932.335156134], [-9316938.147699997, 5288932.673637578]]], [[[-9316901.824000001, 5288972.925229103], [-9316901.648699999, 5288958.620427222], [-9316901.267499996, 5288927.488604137], [-9316901.183699999, 5288920.652315401], [-9316904.2687, 5288920.619732692], [-9316909.0244, 5288920.569712766], [-9316920.2955, 5288920.45123929], [-9316920.4823, 5288943.031249355], [-9316920.7284, 5288972.771681879], [-9316901.824000001, 5288972.925229103]]]]}, "properties": {"Group": 17, "Chld_Rt": 0.001899164365286, "Med_Income": 32423.333333333332, "Bay_Ld_Est": 1.797245143889633}}, {"type": "Feature", "geometry": {"type": "MultiPolygon", "coordinates": [[[[-9320692.916199999, 5289776.550884272], [-9320714.236100001, 5289776.199449235], [-9320715.5704, 5289824.416296892], [-9320694.332299996, 5289824.600434132], [-9320673.760400001, 5289824.778692497], [-9320672.347299997, 5289777.062243661], [-9320692.916199999, 5289776.550884272]]], [[[-9320321.026599996, 5290027.0451716], [-9320274.723500002, 5290027.087419535], [-9320274.437599998, 5290010.429674829], [-9320320.940899998, 5290010.34497966], [-9320321.026599996, 5290027.0451716]]], [[[-9320763.440000001, 5290058.198045387], [-9320804.3426, 5290057.874310583], [-9320804.413799996, 5290073.617148846], [-9320763.497399999, 5290073.857782739], [-9320763.440000001, 5290058.198045387]]], [[[-9320321.539999995, 5290127.289572088], [-9320276.433799999, 5290126.776419008], [-9320276.142299995, 5290109.78577118], [-9320275.876599995, 5290094.296918346], [-9320321.370999996, 5290094.300206507], [-9320321.453199998, 5290110.338182959], [-9320321.539999995, 5290127.289572088]]], [[[-9320254.563799998, 5290189.200047866], [-9320212.485300003, 5290189.321411074], [-9320212.072200002, 5290168.624999943], [-9320254.3046, 5290168.54409114], [-9320254.563799998, 5290189.200047866]]], [[[-9320323.942499999, 5290203.877522079], [-9320278.558500001, 5290204.142169582], [-9320278.266799996, 5290188.893849915], [-9320323.608199999, 5290188.031553415], [-9320323.643999998, 5290189.728745032], [-9320323.942499999, 5290203.877522079]]], [[[-9320146.252399996, 5290257.73189589], [-9320146.484699996, 5290273.3906392325], [-9320107.668099994, 5290273.596996547], [-9320107.377199994, 5290258.146702974], [-9320068.7128, 5290258.559118662], [-9320068.400799997, 5290240.9051564215], [-9320107.047999999, 5290240.657348309], [-9320106.886699995, 5290232.079719837], [-9320145.8661, 5290231.663019573], [-9320145.995600002, 5290240.407547354], [-9320146.252399996, 5290257.73189589]]], [[[-9320071.9676, 5290442.705478259], [-9320071.6452, 5290424.464924612], [-9320071.360999998, 5290408.390674828], [-9320110.200999994, 5290408.186111038], [-9320110.5098, 5290424.596650549], [-9320110.844399996, 5290442.37566523], [-9320071.9676, 5290442.705478259]]], [[[-9320063.353299996, 5289955.077103772], [-9320063.018399999, 5289935.838848023], [-9320062.6996, 5289917.515200609], [-9320102.659899998, 5289917.215280119], [-9320102.903199997, 5289935.794308338], [-9320103.153199999, 5289954.861978061], [-9320063.353299996, 5289955.077103772]]], [[[-9319927.390499996, 5290045.200725579], [-9319885.720599996, 5290046.147617503], [-9319885.432799999, 5290029.909960543], [-9319927.2062, 5290029.3748864075], [-9319927.390499996, 5290045.200725579]]], [[[-9320104.934399996, 5290090.740518491], [-9320105.179099996, 5290109.399262299], [-9320066.040799996, 5290109.484057101], [-9320065.720299995, 5290091.076210284], [-9320104.934399996, 5290090.740518491]]], [[[-9319435.762599997, 5290152.7984617725], [-9319435.720599996, 5290132.2318839235], [-9319484.142399997, 5290131.922098893], [-9319484.328899998, 5290152.65936241], [-9319435.762599997, 5290152.7984617725]]], [[[-9319887.745499996, 5290205.815546941], [-9319929.960699996, 5290205.274992438], [-9319930.1609, 5290222.017036263], [-9319887.9945, 5290222.639794908], [-9319887.745499996, 5290205.815546941]]], [[[-9319555.291699998, 5290302.866654011], [-9319555.3673, 5290311.479257075], [-9319508.7065, 5290312.0209076665], [-9319508.664000003, 5290294.454629128], [-9319555.211600002, 5290293.736812566], [-9319555.291699998, 5290302.866654011]]], [[[-9319258.7905, 5290367.044976279], [-9319258.730099997, 5290387.286427976], [-9319214.797299998, 5290387.759624945], [-9319214.747999996, 5290367.471740367], [-9319258.7905, 5290367.044976279]]], [[[-9319487.4145, 5290762.497313833], [-9319487.572499994, 5290782.991163422], [-9319438.897299996, 5290783.693137252], [-9319438.958899997, 5290763.283683946], [-9319487.4145, 5290762.497313833]]]]}, "properties": {"Group": 18, "Chld_Rt": 0.218911807492728, "Med_Income": 24699.63157894737, "Bay_Ld_Est": 2.812284215157314}}, {"type": "Feature", "geometry": {"type": "MultiPolygon", "coordinates": [[[[-9313453.538199998, 5288098.09197063], [-9313453.541499998, 5288117.914893823], [-9313411.896, 5288117.789046954], [-9313411.631599998, 5288097.304007881], [-9313453.538199998, 5288098.09197063]]], [[[-9313345.286200002, 5288138.575799972], [-9313345.149599994, 5288155.0697105], [-9313300.8225, 5288153.98920107], [-9313300.792800002, 5288137.498080519], [-9313345.286200002, 5288138.575799972]]], [[[-9313564.730700001, 5288176.828364624], [-9313520.269599998, 5288177.666945174], [-9313520.189900002, 5288158.26151781], [-9313564.657899998, 5288157.839337941], [-9313564.730700001, 5288176.828364624]]], [[[-9313253.152699998, 5288201.357045225], [-9313300.889499996, 5288202.130061853], [-9313300.979900002, 5288207.45907398], [-9313300.9997, 5288218.453188114], [-9313252.766, 5288217.855340751], [-9313253.152699998, 5288201.357045225]]], [[[-9313301.219600001, 5288305.072506396], [-9313301.1601, 5288296.660893024], [-9313301.090899995, 5288282.752471414], [-9313301.233000001, 5288261.677254709], [-9313345.298099998, 5288262.012547472], [-9313345.336699996, 5288283.9174767155], [-9313345.037799997, 5288305.578285298], [-9313301.219600001, 5288305.072506396]]], [[[-9313475.156100001, 5288262.7235872885], [-9313519.0547, 5288263.060773222], [-9313519.260099996, 5288284.962912541], [-9313564.488099996, 5288285.110979396], [-9313564.151399996, 5288368.241961966], [-9313519.261699997, 5288368.421415825], [-9313474.885799997, 5288369.424902751], [-9313475.156100001, 5288262.7235872885]]], [[[-9313179.6676, 5288376.76537328], [-9313178.137800002, 5288360.21625869], [-9313176.504899997, 5288342.502736818], [-9313228.572099997, 5288343.202616871], [-9313228.774099998, 5288360.024250023], [-9313228.899799999, 5288377.263479839], [-9313179.6676, 5288376.76537328]]], [[[-9313301.155499998, 5288379.869696124], [-9313255.087299995, 5288379.318281503], [-9313254.8007, 5288362.414942269], [-9313254.653899996, 5288358.6692288155], [-9313301.218799999, 5288359.045573768], [-9313301.124399994, 5288363.294973699], [-9313301.413699994, 5288365.622294126], [-9313301.155499998, 5288379.869696124]]], [[[-9313301.275599994, 5288396.776024814], [-9313301.464899996, 5288407.934050409], [-9313301.3973, 5288413.765554154], [-9313255.585799994, 5288413.626355334], [-9313255.126999997, 5288396.392505671], [-9313301.275599994, 5288396.776024814]]], [[[-9313301.582599998, 5288449.24521069], [-9313301.3765, 5288446.916495126], [-9313301.428499999, 5288430.340376859], [-9313301.395999998, 5288428.4251725], [-9313344.716599997, 5288429.023019968], [-9313344.742499994, 5288450.178948793], [-9313301.582599998, 5288449.24521069]]], [[[-9313519.2914, 5288453.545926135], [-9313474.8968, 5288453.467010277], [-9313474.764799997, 5288430.980073661], [-9313519.402199998, 5288430.6385034695], [-9313519.2914, 5288453.545926135]]], [[[-9313519.364099998, 5288472.535554994], [-9313519.2914, 5288453.545926135], [-9313563.6057, 5288453.792737501], [-9313563.636999995, 5288494.855892161], [-9313519.402899997, 5288494.440985998], [-9313519.364099998, 5288472.535554994]]], [[[-9313301.670900002, 5288513.37959914], [-9313257.0246, 5288513.220472062], [-9313256.7069, 5288494.484828148], [-9313301.364499997, 5288495.310056986], [-9313301.670900002, 5288513.37959914]]], [[[-9313257.6515, 5288545.277852809], [-9313257.4016, 5288530.539117979], [-9313301.644299999, 5288531.454621807], [-9313301.761499997, 5288533.451731433], [-9313301.898500001, 5288546.44315726], [-9313257.6515, 5288545.277852809]]], [[[-9313233.115999999, 5288552.27416342], [-9313188.3921, 5288552.449332756], [-9313188.190199997, 5288535.627298539], [-9313232.909899997, 5288535.2024282385], [-9313233.115999999, 5288552.27416342]]], [[[-9313474.490600001, 5288557.091020933], [-9313474.707300002, 5288535.514205711], [-9313519.448199997, 5288536.336943532], [-9313519.501999995, 5288539.501250797], [-9313563.245199995, 5288540.424128076], [-9313563.031299997, 5288557.252937966], [-9313519.385399997, 5288557.161467296], [-9313474.490600001, 5288557.091020933]]], [[[-9313411.422999999, 5288575.73688896], [-9313411.329199998, 5288555.497956558], [-9313452.990899999, 5288556.456605056], [-9313452.909599999, 5288576.198726179], [-9313452.948299997, 5288598.104258585], [-9313411.453099994, 5288597.142919726], [-9313411.422999999, 5288575.73688896]]], [[[-9312924.225299995, 5287948.814387363], [-9312907.094599998, 5287945.439440032], [-9312883.617999997, 5287941.089304219], [-9312890.0267, 5287926.072378008], [-9312941.755599996, 5287931.52683726], [-9312940.930899994, 5287951.6966089355], [-9312924.225299995, 5287948.814387363]]], [[[-9313104.513599996, 5287986.739824337], [-9313104.550399998, 5287993.818734504], [-9313104.5742, 5288009.976453738], [-9313057.203899998, 5288011.111964988], [-9313056.258499997, 5287994.636788849], [-9313055.975099998, 5287987.728663701], [-9313055.848199995, 5287980.234747917], [-9313055.238699997, 5287963.920492737], [-9313104.605700001, 5287962.667803451], [-9313104.560399996, 5287979.659519215], [-9313104.513599996, 5287986.739824337]]], [[[-9313176.027000003, 5287989.942392474], [-9313224.651700001, 5287989.118160384], [-9313224.698400002, 5288006.608082561], [-9313224.9031, 5288023.595514337], [-9313176.629499994, 5288025.496569043], [-9313176.412099997, 5288007.759735681], [-9313176.027000003, 5287989.942392474]]], [[[-9313046.518199999, 5288285.067934397], [-9313047.3093, 5288331.781240042], [-9313028.309500001, 5288331.186880062], [-9313027.508599995, 5288283.890772866], [-9313046.518199999, 5288285.067934397]]], [[[-9312917.299300002, 5288430.434537834], [-9312916.572000002, 5288446.522413996], [-9312915.4636, 5288464.6989701595], [-9312874.341600003, 5288461.14685935], [-9312873.954199998, 5288443.162012987], [-9312873.5976, 5288427.009370059], [-9312917.299300002, 5288430.434537834]]], [[[-9313116.162600001, 5288453.138194167], [-9313116.2811, 5288455.218404459], [-9313116.6748, 5288458.793333098], [-9313116.804699998, 5288461.539944072], [-9313117.023399998, 5288464.617961836], [-9313117.326699996, 5288467.777984347], [-9313117.467899999, 5288471.190597427], [-9313117.527199995, 5288474.687905586], [-9313117.567999996, 5288477.10271124], [-9313117.5228, 5288479.352510981], [-9313117.644099994, 5288481.599221848], [-9313117.5242, 5288484.349918156], [-9313092.294599995, 5288489.691785143], [-9313078.842099996, 5288492.085267585], [-9313064.9705, 5288494.319224395], [-9313062.499999998, 5288446.800612357], [-9313073.888999999, 5288445.525005117], [-9313075.3046, 5288445.500891935], [-9313090.353099996, 5288443.91330797], [-9313115.051999997, 5288441.6626115255], [-9313115.2664, 5288444.490928278], [-9313115.462599996, 5288446.236642907], [-9313115.667300003, 5288448.482158029], [-9313115.794199996, 5288451.062069154], [-9313116.162600001, 5288453.138194167]]], [[[-9313188.400499998, 5288469.405524483], [-9313144.615299998, 5288480.725667025], [-9313141.921199996, 5288459.365074579], [-9313187.384400003, 5288458.594548818], [-9313188.400499998, 5288469.405524483]]], [[[-9313013.773999996, 5288451.623746863], [-9313019.091699999, 5288450.86746981], [-9313029.488599997, 5288450.025102702], [-9313037.300100002, 5288448.976577872], [-9313044.040399998, 5288448.612588402], [-9313046.685800001, 5288496.6279121535], [-9313031.644299997, 5288498.631797312], [-9313016.59, 5288499.886280659], [-9313013.773999996, 5288451.623746863]]], [[[-9312930.505499996, 5288447.952365519], [-9312932.2542, 5288447.9228717], [-9312945.184299998, 5288449.120061269], [-9312945.9633, 5288500.082075717], [-9312930.533799995, 5288498.844132816], [-9312930.505499996, 5288447.952365519]]], [[[-9313036.467, 5288562.1031753095], [-9313036.007600002, 5288525.128498361], [-9313040.585899998, 5288524.967677374], [-9313045.7412, 5288524.463891209], [-9313052.226299996, 5288523.770985953], [-9313055.553999998, 5288523.548088463], [-9313055.705899997, 5288562.027248664], [-9313036.467, 5288562.1031753095]]], [[[-9313013.378799995, 5288526.677820176], [-9313019.040899996, 5288526.5818656515], [-9313018.894900002, 5288562.234004271], [-9312997.824199999, 5288562.3410189785], [-9312997.3974, 5288527.281446883], [-9313001.893799996, 5288527.205420605], [-9313007.554400003, 5288527.026265639], [-9313013.378799995, 5288526.677820176]]], [[[-9313188.345499996, 5288569.358752558], [-9313188.459799996, 5288585.932381556], [-9313142.229700001, 5288585.716359316], [-9313142.356799997, 5288568.638844495], [-9313142.246799994, 5288552.315016343], [-9313188.3921, 5288552.449332756], [-9313188.345499996, 5288569.358752558]]], [[[-9313117.6632, 5288595.794673872], [-9313058.025599996, 5288595.721935763], [-9313058.152899994, 5288578.644620094], [-9313117.883400002, 5288579.298565658], [-9313117.6632, 5288595.794673872]]], [[[-9313142.0292, 5288618.121190926], [-9313188.424599998, 5288618.251123129], [-9313188.6277, 5288635.156358867], [-9313188.575599998, 5288656.647384608], [-9313141.597200003, 5288656.527117618], [-9313141.732799994, 5288635.0347965285], [-9313142.0292, 5288618.121190926]]], [[[-9312740.179099996, 5287905.285528753], [-9312722.647, 5287947.14280648], [-9312707.0012, 5287942.909549778], [-9312718.500400001, 5287898.905602103], [-9312740.179099996, 5287905.285528753]]], [[[-9312796.816899996, 5287920.319393719], [-9312775.116199994, 5287966.828122836], [-9312756.507000001, 5287959.72988242], [-9312781.425199999, 5287916.331852325], [-9312796.816899996, 5287920.319393719]]], [[[-9312662.091299998, 5287961.492037185], [-9312662.6719, 5288000.794516054], [-9312647.094999999, 5288000.641168232], [-9312645.9979, 5287960.347956831], [-9312662.091299998, 5287961.492037185]]], [[[-9312665.185499998, 5288100.282782118], [-9312665.421999998, 5288109.357406906], [-9312665.552899996, 5288117.101123963], [-9312617.670999998, 5288117.57671152], [-9312617.135799997, 5288100.677959201], [-9312665.185499998, 5288100.282782118]]], [[[-9312496.756799998, 5288133.444277053], [-9312496.4161, 5288123.122044363], [-9312540.733100003, 5288123.623339346], [-9312540.889100002, 5288132.865959397], [-9312541.013399996, 5288150.104887268], [-9312497.044899995, 5288150.51381485], [-9312496.756799998, 5288133.444277053]]], [[[-9312905.689200003, 5288133.113966403], [-9312904.636299998, 5288134.880904187], [-9312895.7068, 5288153.5224815775], [-9312867.559699997, 5288153.748866439], [-9312866.957799997, 5288132.936306103], [-9312905.689200003, 5288133.113966403]]], [[[-9312682.651899997, 5288182.694741763], [-9312701.1407, 5288182.632366346], [-9312702.579000002, 5288233.248714897], [-9312683.7403, 5288232.317567609], [-9312682.651899997, 5288182.694741763]]], [[[-9312542.9335, 5288283.587564591], [-9312542.401200002, 5288266.855111326], [-9312542.059299994, 5288251.535172372], [-9312595.311899997, 5288249.772319715], [-9312595.268299995, 5288265.629324884], [-9312595.6285, 5288282.031666737], [-9312542.9335, 5288283.587564591]]], [[[-9312846.2058, 5288319.276065585], [-9312792.405600002, 5288319.519489124], [-9312792.196, 5288302.198354982], [-9312845.911599996, 5288301.872926709], [-9312846.2058, 5288319.276065585]]], [[[-9312652.734199997, 5288398.591986448], [-9312653.554399997, 5288442.223392452], [-9312638.995899998, 5288438.304601913], [-9312638.243099999, 5288398.670204817], [-9312652.734199997, 5288398.591986448]]], [[[-9312787.8575, 5288474.187108683], [-9312785.5163, 5288473.643665307], [-9312782.9224, 5288472.937906348], [-9312780.078699997, 5288472.236332325], [-9312779.3851, 5288421.3560248], [-9312793.208700001, 5288421.205566528], [-9312793.539599994, 5288435.859605051], [-9312793.8752, 5288475.418076658], [-9312790.701399997, 5288474.888682707], [-9312787.8575, 5288474.187108683]]], [[[-9312547.3978, 5288503.654015243], [-9312530.160199996, 5288503.861468318], [-9312528.2444, 5288454.501286415], [-9312546.4118, 5288455.110692267], [-9312547.3978, 5288503.654015243]]], [[[-9312578.617099997, 5288502.793712693], [-9312563.129399998, 5288503.055171328], [-9312561.080699997, 5288455.695984953], [-9312577.1649, 5288456.257363736], [-9312578.617099997, 5288502.793712693]]], [[[-9312625.6371, 5288525.155202216], [-9312625.430599999, 5288508.0003665695], [-9312639.259799996, 5288508.183108635], [-9312655.921499997, 5288508.401422613], [-9312672.660799999, 5288508.285240916], [-9312673.038099997, 5288525.687087209], [-9312625.6371, 5288525.155202216]]], [[[-9312787.962399997, 5288500.089548803], [-9312790.722799998, 5288500.792517828], [-9312793.151599996, 5288501.584466473], [-9312795.6595, 5288502.125119894], [-9312796.7476, 5288502.439687323], [-9312799.005599998, 5288502.984724965], [-9312801.4343, 5288503.776474334], [-9312803.854799999, 5288504.068722124], [-9312807.118999997, 5288505.013022246], [-9312810.377599996, 5288505.624420958], [-9312812.4692, 5288506.172049275], [-9312814.394199999, 5288506.722567183], [-9312814.800999995, 5288565.271069722], [-9312799.4688, 5288564.864035197], [-9312799.2027, 5288549.125898378], [-9312780.292799998, 5288548.945946278], [-9312780.7692, 5288498.295308817], [-9312783.362999998, 5288499.001267069], [-9312785.371299997, 5288499.550290363], [-9312787.962399997, 5288500.089548803]]], [[[-9312549.129799996, 5288621.069077578], [-9312601.9284, 5288620.5939880675], [-9312602.273199998, 5288636.080930122], [-9312549.483100003, 5288637.055620927], [-9312549.129799996, 5288621.069077578]]], [[[-9312852.688700002, 5288648.424389866], [-9312800.381199995, 5288648.392703943], [-9312800.183, 5288631.737169025], [-9312852.4, 5288631.353948741], [-9312852.688700002, 5288648.424389866]]], [[[-9312676.822299998, 5288725.030088378], [-9312629.929499995, 5288725.072734843], [-9312629.662300002, 5288709.251196333], [-9312676.6383, 5288709.207254547], [-9312676.822299998, 5288725.030088378]]], [[[-9312676.822299998, 5288725.030088378], [-9312728.8804, 5288725.066756369], [-9312729.079900002, 5288741.805692212], [-9312677.360499999, 5288742.096545077], [-9312676.822299998, 5288725.030088378]]]]}, "properties": {"Group": 19, "Chld_Rt": 0.146310648875593, "Med_Income": 35179.1129032258, "Bay_Ld_Est": 9.537081339712918}}, {"type": "Feature", "geometry": {"type": "MultiPolygon", "coordinates": [[[[-9319539.934599997, 5284792.748042972], [-9319529.824899996, 5284775.502284479], [-9319569.5325, 5284751.41657272], [-9319580.0573, 5284768.492841601], [-9319583.341399996, 5284773.881225638], [-9319590.3375, 5284786.320104676], [-9319550.631399998, 5284810.655616987], [-9319539.934599997, 5284792.748042972]]], [[[-9319836.1422, 5285033.111766216], [-9319826.636799999, 5285078.63434464], [-9319803.3351, 5285067.890854177], [-9319822.522099998, 5285025.880720413], [-9319836.1422, 5285033.111766216]]], [[[-9319494.0199, 5285097.685900799], [-9319469.650999997, 5285136.984307305], [-9319451.7571, 5285125.70295428], [-9319476.621599996, 5285085.818260546], [-9319494.0199, 5285097.685900799]]], [[[-9319760.891099999, 5285093.662696613], [-9319782.719000002, 5285096.00794656], [-9319778.831900002, 5285159.307576319], [-9319778.552299999, 5285166.968972329], [-9319761.318699997, 5285154.934233489], [-9319760.891099999, 5285093.662696613]]], [[[-9319600.5969, 5285171.872704207], [-9319610.380099999, 5285178.048652324], [-9319616.2311, 5285181.421300729], [-9319590.403199999, 5285214.40336726], [-9319572.507399999, 5285202.872313231], [-9319548.417499999, 5285186.555402638], [-9319561.714900002, 5285171.310828638], [-9319570.895499997, 5285162.671755187], [-9319581.570099996, 5285153.356318733], [-9319600.5969, 5285171.872704207]]], [[[-9319648.756700002, 5285201.675325944], [-9319646.667999996, 5285200.607573018], [-9319672.3136, 5285165.379000987], [-9319681.2015, 5285174.474928422], [-9319688.8366, 5285182.996824132], [-9319666.8141, 5285212.455784319], [-9319648.756700002, 5285201.675325944]]], [[[-9319470.601200001, 5285237.798276567], [-9319457.055000002, 5285253.211344279], [-9319425.963999998, 5285223.705352621], [-9319437.248599997, 5285206.310126902], [-9319470.601200001, 5285237.798276567]]], [[[-9319548.864399998, 5285286.707560216], [-9319572.799099997, 5285232.841734698], [-9319589.860299995, 5285244.045667594], [-9319569.936499998, 5285288.059588994], [-9319554.942600003, 5285286.831712906], [-9319548.864399998, 5285286.707560216]]], [[[-9319512.182199998, 5285255.325825957], [-9319542.1859, 5285260.1124800015], [-9319548.864399998, 5285286.707560216], [-9319509.2877, 5285282.070666512], [-9319512.182199998, 5285255.325825957]]], [[[-9319810.7496, 5285283.217036249], [-9319861.246399999, 5285266.046799111], [-9319867.2252, 5285287.65126017], [-9319817.233299999, 5285305.65051074], [-9319810.7496, 5285283.217036249]]], [[[-9319653.288099997, 5285338.264705832], [-9319677.910700003, 5285299.546004614], [-9319695.054700002, 5285310.666040357], [-9319670.856099995, 5285350.4642525995], [-9319660.151499998, 5285343.54528066], [-9319653.288099997, 5285338.264705832]]], [[[-9319632.5498, 5285325.088478062], [-9319635.898899997, 5285327.812463891], [-9319645.8513, 5285334.320416584], [-9319614.290000001, 5285380.91354859], [-9319600.1557, 5285371.603989383], [-9319632.5498, 5285325.088478062]]], [[[-9319739.022799995, 5285383.873982647], [-9319734.415, 5285391.648871092], [-9319715.184199996, 5285379.794181477], [-9319704.476199998, 5285372.375808643], [-9319730.5074, 5285332.731042878], [-9319749.906300003, 5285344.834436011], [-9319749.2059, 5285351.832821849], [-9319748.097399998, 5285359.999398895], [-9319746.1453, 5285366.59035272], [-9319743.777499998, 5285373.26729676], [-9319741.325899996, 5285379.861439163], [-9319739.022799995, 5285383.873982647]]], [[[-9319578.628400002, 5285463.957059566], [-9319576.700300002, 5285466.748901214], [-9319544.397099996, 5285513.524381042], [-9319527.675799998, 5285502.350736697], [-9319506.863799997, 5285488.443042523], [-9319507.554099998, 5285458.964845362], [-9319508.119999997, 5285434.796618146], [-9319508.2077, 5285431.050414937], [-9319526.668399999, 5285430.961834068], [-9319536.921099996, 5285437.472377952], [-9319546.816400003, 5285420.876071014], [-9319548.601799998, 5285418.327851738], [-9319552.406199997, 5285412.89821366], [-9319571.604499998, 5285384.207879675], [-9319585.9055, 5285393.516143633], [-9319599.4491, 5285401.664287359], [-9319567.487, 5285452.556433409], [-9319565.584500002, 5285455.674001514], [-9319578.628400002, 5285463.957059566]]], [[[-9319605.113399995, 5285480.775167973], [-9319614.238599997, 5285486.569791379], [-9319612.4068, 5285489.314801799], [-9319580.259399999, 5285537.489342037], [-9319562.386399996, 5285525.54587095], [-9319594.3757, 5285477.919356753], [-9319596.241500001, 5285475.141564456], [-9319605.113399995, 5285480.775167973]]], [[[-9319651.1094, 5285509.982740624], [-9319649.301799996, 5285512.63159751], [-9319616.027499998, 5285561.3907325], [-9319596.8457, 5285548.572811561], [-9319629.751299998, 5285500.276310303], [-9319631.585000003, 5285497.584807093], [-9319651.1094, 5285509.982740624]]], [[[-9319647.8185, 5285686.099850116], [-9319636.423200002, 5285679.754709095], [-9319627.720799997, 5285674.908966386], [-9319629.6831, 5285671.750843843], [-9319654.250699995, 5285632.214279096], [-9319673.369099999, 5285644.917514022], [-9319649.719500002, 5285683.035987964], [-9319647.8185, 5285686.099850116]]], [[[-9319498.000699999, 5285745.163967411], [-9319480.4251, 5285738.110876531], [-9319479.3519, 5285737.6801283145], [-9319480.7097, 5285734.677445649], [-9319498.4708, 5285695.402137774], [-9319516.388999999, 5285703.5601478545], [-9319499.3349, 5285742.145242509], [-9319498.000699999, 5285745.163967411]]], [[[-9319430.111599997, 5284514.126725126], [-9319444.165399997, 5284536.006680866], [-9319451.542099996, 5284555.352269496], [-9319436.373099996, 5284564.698191776], [-9319411.704500003, 5284524.660367183], [-9319430.111599997, 5284514.126725126]]], [[[-9319410.086099999, 5284627.317247916], [-9319374.113499997, 5284649.794353808], [-9319363.586399999, 5284632.301886213], [-9319399.476899996, 5284609.991878507], [-9319410.086099999, 5284627.317247916]]], [[[-9319201.232599998, 5284652.8236381095], [-9319218.637299998, 5284641.714269591], [-9319241.765099997, 5284681.888306993], [-9319224.813499995, 5284692.120735786], [-9319201.232599998, 5284652.8236381095]]], [[[-9319277.945099998, 5284660.0495005], [-9319296.107000003, 5284649.086504469], [-9319306.718400002, 5284666.744974126], [-9319271.4852, 5284687.884899056], [-9319260.7002, 5284670.458791819], [-9319277.945099998, 5284660.0495005]]], [[[-9319395.419000002, 5284685.027495337], [-9319359.935199996, 5284706.002913332], [-9319349.993700001, 5284688.922360707], [-9319385.061300002, 5284667.949932206], [-9319395.419000002, 5284685.027495337]]], [[[-9319424.611399999, 5284813.030160863], [-9319460.340099998, 5284791.303348618], [-9319470.946699996, 5284808.212719424], [-9319434.9711, 5284830.357525816], [-9319424.611399999, 5284813.030160863]]], [[[-9319388.089599995, 5284888.4591719955], [-9319385.324699998, 5284885.897601885], [-9319383.727999996, 5284883.744260834], [-9319423.595099999, 5284858.492149855], [-9319436.061299998, 5284879.4681685185], [-9319396.224399997, 5284897.060977898], [-9319388.089599995, 5284888.4591719955]]], [[[-9319288.897199998, 5285050.322952719], [-9319307.362099996, 5285059.935617493], [-9319283.856999997, 5285103.889748044], [-9319280.015099999, 5285102.084651889], [-9319265.725199997, 5285094.274691558], [-9319288.897199998, 5285050.322952719]]], [[[-9319317.7766, 5285121.221202163], [-9319302.6595, 5285114.166022209], [-9319325.916899998, 5285070.546685027], [-9319343.477000002, 5285081.747328364], [-9319317.7766, 5285121.221202163]]], [[[-9319337.3177, 5285202.008226512], [-9319323.348600002, 5285192.447672918], [-9319356.6524, 5285144.928484295], [-9319370.3659, 5285153.658330579], [-9319337.3177, 5285202.008226512]]], [[[-9319380.4712, 5285230.265118116], [-9319366.337299999, 5285220.955460353], [-9319398.977199996, 5285173.773655094], [-9319404.007199995, 5285178.817382599], [-9319411.124799998, 5285184.762064011], [-9319380.4712, 5285230.265118116]]], [[[-9319300.0601, 5285207.59479827], [-9319266.178900002, 5285255.950575028], [-9319252.885599999, 5285247.800439407], [-9319286.3494, 5285199.281152079], [-9319300.0601, 5285207.59479827]]], [[[-9319246.586999997, 5285251.923484352], [-9319214.538399998, 5285300.516507993], [-9319196.891399998, 5285288.816362411], [-9319228.6908, 5285240.308532272], [-9319246.586999997, 5285251.923484352]]], [[[-9319231.7705, 5285312.385844099], [-9319264.317799998, 5285263.706132352], [-9319282.044199998, 5285274.822779995], [-9319249.747199997, 5285323.584098152], [-9319231.7705, 5285312.385844099]]], [[[-9319317.670699999, 5285298.13708082], [-9319285.208599996, 5285347.066294941], [-9319267.8944, 5285335.363857201], [-9319300.1069, 5285286.436536695], [-9319317.670699999, 5285298.13708082]]], [[[-9319432.599799996, 5285380.620604021], [-9319430.571799995, 5285383.568582953], [-9319436.3891, 5285387.362613718], [-9319409.712400002, 5285428.111005011], [-9319401.787499998, 5285422.769947762], [-9319392.254899995, 5285416.758306492], [-9319416.259100001, 5285378.42750538], [-9319418.113600003, 5285375.443755338], [-9319397.787199996, 5285362.187415806], [-9319400.589799998, 5285358.171783518], [-9319425.119799994, 5285329.944382847], [-9319445.530099997, 5285343.872701007], [-9319454.142699996, 5285349.307819054], [-9319432.599799996, 5285380.620604021]]], [[[-9319294.1172, 5285395.209542622], [-9319316.449499998, 5285410.207308466], [-9319303.228899999, 5285424.618986045], [-9319274.567100001, 5285457.610026454], [-9319259.233800001, 5285444.753645126], [-9319294.1172, 5285395.209542622]]], [[[-9319355.431100002, 5285433.990024133], [-9319373.0719, 5285445.530546111], [-9319340.707899997, 5285495.424988356], [-9319336.720799996, 5285492.785497765], [-9319324.623699998, 5285482.461193628], [-9319355.431100002, 5285433.990024133]]], [[[-9319373.689199997, 5285521.878184591], [-9319367.988199998, 5285518.106771949], [-9319355.432299996, 5285509.800397553], [-9319357.554799998, 5285506.577409107], [-9319390.326399999, 5285456.81837858], [-9319408.257699998, 5285468.54881654], [-9319375.784699999, 5285518.645431302], [-9319373.689199997, 5285521.878184591]]], [[[-9319259.041499997, 5285609.753198387], [-9319249.719, 5285622.694076955], [-9319247.024799999, 5285626.434102979], [-9319231.987499999, 5285618.958235861], [-9319228.125599999, 5285615.03287754], [-9319196.480399998, 5285582.866561904], [-9319198.944599997, 5285580.112583587], [-9319212.417599997, 5285565.055031156], [-9319254.137399998, 5285605.051636491], [-9319259.041499997, 5285609.753198387]]], [[[-9319301.343599994, 5285579.014938044], [-9319315.152199998, 5285588.19157761], [-9319280.677599994, 5285638.254717602], [-9319278.1592, 5285641.912240906], [-9319274.3959, 5285640.041380915], [-9319262.691199994, 5285634.222344758], [-9319265.284799995, 5285630.517990202], [-9319301.343599994, 5285579.014938044]]], [[[-9319361.659899998, 5285741.6005049525], [-9319342.133999998, 5285734.189005293], [-9319360.4291, 5285687.159333222], [-9319361.846299998, 5285683.515958827], [-9319371.8475, 5285688.487747492], [-9319380.5163, 5285692.797421493], [-9319379.081600001, 5285696.510743929], [-9319361.659899998, 5285741.6005049525]]], [[[-9319185.680099998, 5284715.308980338], [-9319169.4833, 5284725.083858113], [-9319146.602799999, 5284686.001684975], [-9319162.186299995, 5284676.320270705], [-9319185.680099998, 5284715.308980338]]], [[[-9319187.0136, 5284763.477712651], [-9319228.7144, 5284738.547045767], [-9319238.656199997, 5284755.710998549], [-9319195.885499999, 5284782.397339555], [-9319191.239799997, 5284772.689220789], [-9319187.0136, 5284763.477712651]]], [[[-9318771.304399997, 5284880.2943914505], [-9318744.1814, 5284834.611398035], [-9318783.559199998, 5284810.861176305], [-9318811.260800002, 5284855.957383218], [-9318771.304399997, 5284880.2943914505]]], [[[-9318782.8105, 5284908.117439256], [-9318790.0055, 5284903.711215751], [-9318813.011400001, 5284941.100893824], [-9318805.784499997, 5284945.648806934], [-9318798.618600002, 5284950.158358264], [-9318775.8237, 5284912.396221966], [-9318782.8105, 5284908.117439256]]], [[[-9319196.8871, 5285011.4151415005], [-9319175.564999998, 5285046.029123764], [-9319171.298099998, 5285042.978216455], [-9319153.7082, 5285034.142153624], [-9319152.334799996, 5285033.452239461], [-9319148.746600002, 5285032.228249619], [-9319144.653099997, 5285030.175047514], [-9319135.472699998, 5285026.82521729], [-9319148.019199997, 5284999.265119504], [-9319163.6067, 5285002.154508663], [-9319173.1116, 5285004.2533463], [-9319196.8871, 5285011.4151415005]]], [[[-9319205.5589, 5285061.8592863595], [-9319182.379899997, 5285100.526765026], [-9319174.155399997, 5285094.991608468], [-9319155.591299998, 5285083.048340734], [-9319174.392300002, 5285057.026698561], [-9319179.993199997, 5285048.329634816], [-9319189.8529, 5285053.58958277], [-9319193.3625, 5285055.480170831], [-9319199.039799998, 5285057.85521335], [-9319205.5589, 5285061.8592863595]]], [[[-9318887.482099997, 5285126.41349418], [-9318843.956799999, 5285152.4415147705], [-9318832.845499998, 5285134.8690286875], [-9318822.576699996, 5285118.705964644], [-9318865.926799998, 5285091.430539198], [-9318876.449999996, 5285108.257909373], [-9318887.482099997, 5285126.41349418]]], [[[-9318887.482099997, 5285126.41349418], [-9318945.461200003, 5285093.989817976], [-9318955.235999996, 5285109.378870512], [-9318898.004299995, 5285143.074364728], [-9318887.482099997, 5285126.41349418]]], [[[-9319114.228599995, 5285133.036431576], [-9319124.611100001, 5285153.694898819], [-9319076.4917, 5285141.539195947], [-9319081.2056, 5285124.939206075], [-9319114.228599995, 5285133.036431576]]], [[[-9318942.206999999, 5285217.49771845], [-9318899.101599999, 5285240.973536299], [-9318887.653100003, 5285222.8203412695], [-9318931.216299998, 5285198.416168578], [-9318942.206999999, 5285217.49771845]]], [[[-9319043.2567, 5285307.777846186], [-9319086.204599995, 5285318.387620413], [-9319093.4255, 5285339.318110558], [-9319039.213199995, 5285325.039454674], [-9319043.2567, 5285307.777846186]]], [[[-9319172.268800002, 5285387.9772991035], [-9319206.133000001, 5285337.040217505], [-9319223.780699994, 5285348.82376304], [-9319189.916500002, 5285399.760745473], [-9319172.268800002, 5285387.9772991035]]], [[[-9319072.7366, 5285357.277704744], [-9319079.657599999, 5285358.894977951], [-9319059.6399, 5285389.671196292], [-9319028.275799997, 5285368.740904613], [-9319033.468599996, 5285349.1400236], [-9319072.7366, 5285357.277704744]]], [[[-9318973.660500001, 5285456.359531707], [-9318969.379199998, 5285474.102607566], [-9318929.171399996, 5285466.374350639], [-9318926.4315, 5285465.847548583], [-9318934.250799997, 5285446.046487291], [-9318936.963900002, 5285446.756529166], [-9318973.660500001, 5285456.359531707]]], [[[-9319060.041299999, 5285508.108592673], [-9319065.5282, 5285499.593769325], [-9319079.985199995, 5285509.48732546], [-9319047.9331, 5285559.507218215], [-9319033.261599999, 5285549.6680656895], [-9319060.041299999, 5285508.108592673]]], [[[-9318942.0063, 5285587.542615606], [-9318886.358599994, 5285574.154448828], [-9318883.895, 5285573.56158473], [-9318881.2972, 5285571.940923454], [-9318826.4525, 5285537.728879056], [-9318834.8881, 5285523.772460041], [-9318887.334699996, 5285556.92282897], [-9318889.8404, 5285558.5064237695], [-9318892.341799999, 5285559.092213353], [-9318945.847899996, 5285571.621972545], [-9318942.0063, 5285587.542615606]]], [[[-9319119.425400002, 5285553.414269256], [-9319115.025799995, 5285549.1435553515], [-9319122.038399996, 5285538.266243099], [-9319127.418099998, 5285541.947779584], [-9319130.724599998, 5285544.210627215], [-9319168.574900001, 5285576.938219797], [-9319157.037499998, 5285589.9233386535], [-9319119.425400002, 5285553.414269256]]], [[[-9319043.231499998, 5285700.252464057], [-9319033.525, 5285706.054661172], [-9319023.558899999, 5285710.193351219], [-9319004.388899997, 5285674.933278794], [-9319014.982799994, 5285659.681325614], [-9319043.231499998, 5285700.252464057]]]]}, "properties": {"Group": 20, "Chld_Rt": 0.240253668918088, "Med_Income": 25513.597014925374, "Bay_Ld_Est": 4.773415126126186}}, {"type": "Feature", "geometry": {"type": "MultiPolygon", "coordinates": [[[[-9313656.160999997, 5286414.321767023], [-9313656.464999996, 5286422.8585174065], [-9313657.248899998, 5286444.994084734], [-9313658.2446, 5286472.454871067], [-9313659.186099999, 5286497.6682530595], [-9313595.843399994, 5286499.196647833], [-9313595.1519, 5286473.977088062], [-9313594.408000002, 5286446.59352355], [-9313593.6162, 5286424.125055297], [-9313591.392499998, 5286366.460764722], [-9313601.406699996, 5286367.301835129], [-9313617.6225, 5286369.7424439015], [-9313624.745699994, 5286371.569462853], [-9313630.4359, 5286372.681457374], [-9313654.9152, 5286379.3368841335], [-9313656.160999997, 5286414.321767023]]], [[[-9313807.995899996, 5286817.6553099435], [-9313791.358299995, 5286818.47346319], [-9313773.874, 5286818.728943019], [-9313772.128399994, 5286760.21798434], [-9313789.5204, 5286763.046397063], [-9313805.847200003, 5286763.152016654], [-9313821.5893, 5286763.1881863745], [-9313822.735300003, 5286817.549291793], [-9313807.995899996, 5286817.6553099435]]], [[[-9313706.712399999, 5286820.850003563], [-9313705.261799997, 5286760.749370409], [-9313722.171300001, 5286760.840940594], [-9313725.108199995, 5286820.406002725], [-9313706.712399999, 5286820.850003563]]], [[[-9313691.904299999, 5286890.588925599], [-9313678.181799999, 5286891.336433338], [-9313677.6172, 5286847.325546429], [-9313690.265, 5286846.817376704], [-9313691.904299999, 5286890.588925599]]], [[[-9313791.9421, 5286887.507723056], [-9313807.838899996, 5286887.040605464], [-9313809.480899997, 5286930.895654976], [-9313793.080499995, 5286931.208229211], [-9313776.430499995, 5286931.526981176], [-9313775.054599995, 5286888.331954448], [-9313791.9421, 5286887.507723056]]], [[[-9313931.157699998, 5286996.089552219], [-9313915.599799998, 5286996.79869818], [-9313914.777699998, 5286952.423818642], [-9313930.593300002, 5286952.041794553], [-9313931.157699998, 5286996.089552219]]], [[[-9313728.342699999, 5287002.736512671], [-9313729.8548, 5287044.67945266], [-9313713.7062, 5287045.069248798], [-9313712.279399998, 5287003.20751633], [-9313711.034099994, 5286958.509699656], [-9313727.182499994, 5286958.119803916], [-9313728.342699999, 5287002.736512671]]], [[[-9313667.923599998, 5286959.883252661], [-9313678.241399998, 5286959.467649505], [-9313693.5536, 5286958.931580206], [-9313694.8821, 5287003.627404061], [-9313696.477200001, 5287045.568351259], [-9313679.749799997, 5287046.138697131], [-9313679.072299998, 5287004.258730289], [-9313670.238800002, 5287004.055462377], [-9313667.923599998, 5286959.883252661]]], [[[-9313714.1552, 5287115.441103444], [-9313698.0874, 5287115.745507131], [-9313695.074, 5287070.256934508], [-9313712.1365, 5287069.761817683], [-9313714.1552, 5287115.441103444]]], [[[-9313798.200199999, 5287139.816216957], [-9313798.334000003, 5287124.653525027], [-9313798.373399997, 5287112.49172559], [-9313815.2736, 5287112.166895466], [-9313831.2438, 5287111.281583902], [-9313831.531299999, 5287123.185512056], [-9313831.907100001, 5287138.752248813], [-9313798.200199999, 5287139.816216957]]], [[[-9313587.027900001, 5286244.218694765], [-9313586.080699999, 5286218.756115366], [-9313619.286899997, 5286217.788500903], [-9313649.1429, 5286217.571980836], [-9313650.107099999, 5286242.197176608], [-9313587.027900001, 5286244.218694765]]], [[[-9313517.043700002, 5286433.0513027795], [-9313518.941600002, 5286411.600768146], [-9313542.5886, 5286411.363522711], [-9313566.3919, 5286410.70619044], [-9313567.222800002, 5286431.341362015], [-9313567.9763, 5286452.228326962], [-9313517.3849, 5286454.114831767], [-9313517.043700002, 5286433.0513027795]]], [[[-9313541.623999998, 5286516.412437277], [-9313518.811399996, 5286516.712755536], [-9313518.4639, 5286495.399425316], [-9313517.876799999, 5286474.50837438], [-9313568.728, 5286473.032091926], [-9313569.156600002, 5286494.26012902], [-9313569.272399995, 5286516.328639114], [-9313541.623999998, 5286516.412437277]]], [[[-9313593.592099996, 5286537.063752383], [-9313595.065900002, 5286522.202880385], [-9313617.632900001, 5286522.0749412095], [-9313618.859799994, 5286566.021548582], [-9313588.462300003, 5286566.088507407], [-9313590.281199994, 5286558.631965241], [-9313592.273699999, 5286548.0063379435], [-9313593.592099996, 5286537.063752383]]], [[[-9313621.522099998, 5286593.52588064], [-9313621.020899996, 5286638.347239707], [-9313600.534599997, 5286638.425159043], [-9313601.368599996, 5286593.595529763], [-9313621.522099998, 5286593.52588064]]], [[[-9313447.8755, 5286762.960008216], [-9313466.029500002, 5286762.855484698], [-9313466.443499997, 5286828.395128184], [-9313449.131699998, 5286828.895824825], [-9313447.8755, 5286762.960008216]]], [[[-9313591.3669, 5286893.681088669], [-9313575.384899994, 5286894.066600196], [-9313574.336999997, 5286850.613803137], [-9313590.489299998, 5286850.390806299], [-9313591.3669, 5286893.681088669]]], [[[-9313609.840099996, 5286892.985593616], [-9313611.395799996, 5286936.759435822], [-9313592.585699998, 5286937.296401867], [-9313591.3669, 5286893.681088669], [-9313609.840099996, 5286892.985593616]]], [[[-9313417.2859, 5286900.210970274], [-9313435.265600001, 5286899.777631012], [-9313450.910699997, 5286899.23388939], [-9313452.1798, 5286941.515306959], [-9313436.2869, 5286942.148327054], [-9313418.3904, 5286942.579773148], [-9313417.2859, 5286900.210970274]]], [[[-9313565.3176, 5287049.898954418], [-9313548.334400002, 5287050.225478433], [-9313547.405799998, 5287008.268289572], [-9313564.464099998, 5287007.607070992], [-9313565.3176, 5287049.898954418]]], [[[-9313438.584799998, 5287078.942553064], [-9313439.8921, 5287122.806477149], [-9313423.499499995, 5287123.451553916], [-9313422.1864, 5287079.337729829], [-9313438.584799998, 5287078.942553064]]], [[[-9313566.7563, 5287119.913894735], [-9313583.402700001, 5287119.428941282], [-9313600.122199995, 5287118.525793952], [-9313601.420199994, 5287161.973717573], [-9313584.775799999, 5287162.542070675], [-9313568.042199997, 5287162.862317325], [-9313566.7563, 5287119.913894735]]], [[[-9313526.2868, 5287165.202090746], [-9313509.638299998, 5287165.603544931], [-9313508.397999994, 5287121.071425906], [-9313525.206699999, 5287120.416185743], [-9313526.2868, 5287165.202090746]]], [[[-9313553.424499996, 5287206.027959054], [-9313552.767300002, 5287189.135197077], [-9313596.776300002, 5287186.990720267], [-9313598.111599999, 5287204.366941073], [-9313553.424499996, 5287206.027959054]]], [[[-9313368.288199995, 5286169.955305712], [-9313391.102, 5286169.738586382], [-9313401.841199994, 5286169.5631184485], [-9313404.021599999, 5286218.565402349], [-9313393.296500001, 5286219.323770572], [-9313370.579699999, 5286220.12099881], [-9313368.288199995, 5286169.955305712]]], [[[-9313237.884799996, 5286250.135979752], [-9313221.106299996, 5286269.279322548], [-9313190.4316, 5286237.036864906], [-9313198.1896, 5286227.188938836], [-9313196.664499998, 5286215.732407321], [-9313226.795899998, 5286225.417420149], [-9313250.119299999, 5286232.517843189], [-9313246.2684, 5286238.607307904], [-9313237.884799996, 5286250.135979752]]], [[[-9313086.133699998, 5286415.781608618], [-9313065.895300003, 5286415.76885456], [-9313063.815799998, 5286367.429375732], [-9313084.959599998, 5286367.003709001], [-9313086.133699998, 5286415.781608618]]], [[[-9313313.786400001, 5286431.204455156], [-9313313.749399997, 5286412.382352853], [-9313334.3977, 5286412.134744734], [-9313335.351399997, 5286455.1713262815], [-9313314.199599998, 5286455.264590341], [-9313313.786400001, 5286431.204455156]]], [[[-9313352.691699997, 5286639.07033521], [-9313373.009499997, 5286638.913898667], [-9313373.258399995, 5286683.8008231465], [-9313352.7699, 5286683.794745048], [-9313352.691699997, 5286639.07033521]]], [[[-9313366.308799995, 5286830.892134695], [-9313349.334099999, 5286831.550961781], [-9313332.4345, 5286831.874895071], [-9313330.7328, 5286764.7006388875], [-9313347.7195, 5286764.541113454], [-9313365.039099997, 5286764.373616739], [-9313380.525499998, 5286764.167060703], [-9313380.774899999, 5286778.15547785], [-9313365.310899999, 5286778.611335959], [-9313366.308799995, 5286830.892134695]]], [[[-9313315.4982, 5286764.984317144], [-9313317.118499998, 5286832.243965791], [-9313299.642399998, 5286832.831649119], [-9313298.176499996, 5286765.068513889], [-9313315.4982, 5286764.984317144]]], [[[-9313301.013899997, 5286903.596078282], [-9313283.5416, 5286904.3501623375], [-9313281.886099996, 5286859.829212088], [-9313299.455700003, 5286859.655836523], [-9313301.013899997, 5286903.596078282]]], [[[-9313219.0328, 5286905.987166417], [-9313217.722599998, 5286861.957745767], [-9313236.029299995, 5286861.267033495], [-9313251.680300001, 5286860.973291464], [-9313253.916299999, 5286905.396892378], [-9313238.346299998, 5286905.60544127], [-9313219.0328, 5286905.987166417]]], [[[-9313165.8566, 5286907.850754428], [-9313164.958899997, 5286863.644869279], [-9313183.269599998, 5286863.120557696], [-9313184.498300001, 5286907.235370822], [-9313165.8566, 5286907.850754428]]], [[[-9313367.268799996, 5286901.832928549], [-9313383.248699998, 5286901.364615247], [-9313384.1786, 5286943.404403137], [-9313367.952800002, 5286944.045294897], [-9313367.268799996, 5286901.832928549]]], [[[-9313301.013899997, 5286903.596078282], [-9313316.9148, 5286903.29615849], [-9313318.0147, 5286945.498560781], [-9313302.1159, 5286945.881581289], [-9313301.013899997, 5286903.596078282]]], [[[-9313268.155899998, 5286946.783034594], [-9313255.5134, 5286947.504137458], [-9313253.916299999, 5286905.396892378], [-9313266.976900002, 5286904.749125409], [-9313268.155899998, 5286946.783034594]]], [[[-9313387.8878, 5287055.842946904], [-9313370.9899, 5287056.250080599], [-9313369.960799996, 5287013.545782318], [-9313386.947900001, 5287013.386356497], [-9313387.8878, 5287055.842946904]]], [[[-9313322.616499998, 5287126.132598171], [-9313339.8456, 5287125.634193177], [-9313341.255699998, 5287170.3289267095], [-9313324.107699994, 5287170.741939266], [-9313322.616499998, 5287126.132598171]]]]}, "properties": {"Group": 21, "Chld_Rt": 0.182173892145987, "Med_Income": 37109.692307692305, "Bay_Ld_Est": 4.542392064920936}}, {"type": "Feature", "geometry": {"type": "MultiPolygon", "coordinates": [[[[-9318385.2706, 5289403.546740761], [-9318385.843399996, 5289423.35115059], [-9318361.5084, 5289423.77751581], [-9318337.486, 5289424.198500384], [-9318337.166199997, 5289404.628446927], [-9318385.2706, 5289403.546740761]]], [[[-9318316.165900001, 5289560.017599038], [-9318316.4298, 5289580.838153566], [-9318316.738899997, 5289605.240116909], [-9318296.086699996, 5289605.601117467], [-9318295.061099997, 5289560.442967874], [-9318316.165900001, 5289560.017599038]]], [[[-9318475.025599994, 5289671.423188441], [-9318458.4976, 5289671.76804712], [-9318457.551300002, 5289626.586080944], [-9318473.873499999, 5289626.308978375], [-9318475.025599994, 5289671.423188441]]], [[[-9318317.485400002, 5289629.21880432], [-9318317.9521, 5289653.701677351], [-9318318.337800002, 5289673.939132265], [-9318297.342400001, 5289674.377653808], [-9318295.833399994, 5289629.618266446], [-9318317.485400002, 5289629.21880432]]], [[[-9318393.630199997, 5289673.12137579], [-9318342.292800002, 5289674.192021988], [-9318341.886199996, 5289651.7899586335], [-9318393.151299996, 5289650.236350892], [-9318393.630199997, 5289673.12137579]]], [[[-9318509.2521, 5289670.708959321], [-9318525.653699996, 5289670.366691316], [-9318526.894299997, 5289715.604358519], [-9318510.076199997, 5289715.983294556], [-9318493.5048, 5289716.3569495855], [-9318492.263299998, 5289671.063483195], [-9318509.2521, 5289670.708959321]]], [[[-9318344.011099996, 5289770.463395777], [-9318343.5071, 5289747.062525917], [-9318394.803599998, 5289745.949930652], [-9318395.623100001, 5289769.261820772], [-9318344.011099996, 5289770.463395777]]], [[[-9318319.9326, 5289747.052163212], [-9318320.207000002, 5289773.459212537], [-9318320.427600002, 5289794.697068463], [-9318300.0974, 5289794.921261492], [-9318279.601899996, 5289795.147048788], [-9318280.045299994, 5289818.7164130425], [-9318320.654299997, 5289816.512047425], [-9318320.9442, 5289844.418700513], [-9318280.535099994, 5289844.750904789], [-9318258.553399997, 5289844.931654204], [-9318257.5768, 5289793.229351376], [-9318279.561199997, 5289792.981742626], [-9318279.200799998, 5289773.828184435], [-9318278.7118, 5289747.833451005], [-9318299.614499995, 5289747.43727702], [-9318319.9326, 5289747.052163212]]], [[[-9318561.810799994, 5289842.0504248375], [-9318553.482500002, 5289842.122166622], [-9318544.653499996, 5289842.198292613], [-9318528.161199998, 5289842.340082253], [-9318512.1665, 5289842.477886253], [-9318495.676199997, 5289842.619875171], [-9318494.704300001, 5289788.756451223], [-9318510.9635, 5289788.383593294], [-9318527.270099998, 5289788.009639324], [-9318543.667999998, 5289787.633692505], [-9318551.376699995, 5289787.456829124], [-9318560.775599997, 5289787.241205233], [-9318577.0941, 5289786.866852689], [-9318594.494899996, 5289786.467689453], [-9318594.541199997, 5289790.544814158], [-9318594.826199995, 5289815.615873127], [-9318595.1236, 5289841.763258467], [-9318578.130899997, 5289841.909731255], [-9318561.810799994, 5289842.0504248375]]], [[[-9318412.553899998, 5289843.335001166], [-9318398.231299996, 5289843.458257513], [-9318345.593000002, 5289843.910529615], [-9318345.0262, 5289817.5961453365], [-9318397.285899997, 5289816.5650566295], [-9318412.180999996, 5289816.271114649], [-9318412.553899998, 5289843.335001166]]], [[[-9319098.338799998, 5289905.372904695], [-9319067.147000002, 5289905.6435306305], [-9319067.1095, 5289866.584417909], [-9319098.0074, 5289866.160842496], [-9319098.338799998, 5289905.372904695]]], [[[-9318398.910399998, 5290055.980327424], [-9318352.066999996, 5290055.921837951], [-9318351.587499999, 5290038.279835435], [-9318398.906999994, 5290038.331449653], [-9318398.910399998, 5290055.980327424]]], [[[-9318352.143299999, 5290078.67853191], [-9318398.914899997, 5290078.394852929], [-9318398.918599999, 5290098.058479802], [-9318398.919200001, 5290101.3810213655], [-9318352.219799995, 5290101.486840504], [-9318352.208599996, 5290098.166092471], [-9318352.143299999, 5290078.67853191]]], [[[-9318329.571999999, 5290123.821155482], [-9318285.797600001, 5290125.028211096], [-9318285.781300003, 5290103.358105484], [-9318329.592799999, 5290103.417392097], [-9318329.571999999, 5290123.821155482]]], [[[-9318352.802399999, 5290275.172027932], [-9318352.742800001, 5290257.431477105], [-9318398.949799998, 5290258.4852844], [-9318398.953300001, 5290276.305747624], [-9318398.9571, 5290295.382091164], [-9318352.866799997, 5290294.410786917], [-9318352.802399999, 5290275.172027932]]], [[[-9318229.888499996, 5289428.09288177], [-9318250.373099994, 5289427.729788803], [-9318272.774400001, 5289427.332618501], [-9318273.1045, 5289448.798547745], [-9318273.481200002, 5289473.280719876], [-9318251.164499998, 5289473.708779008], [-9318230.5962, 5289474.103059737], [-9318229.888499996, 5289428.09288177]]], [[[-9318126.258600002, 5289476.103160037], [-9318106.522399997, 5289476.481298866], [-9318105.601, 5289430.294954968], [-9318125.337899998, 5289429.945413227], [-9318126.258600002, 5289476.103160037]]], [[[-9318149.368699998, 5289517.025155287], [-9318168.6047, 5289516.6706314385], [-9318169.402399996, 5289562.974156617], [-9318149.870399999, 5289563.367341324], [-9318149.368699998, 5289517.025155287]]], [[[-9318127.787399998, 5289608.54083577], [-9318108.883799998, 5289608.870847866], [-9318107.910499996, 5289564.212200163], [-9318127.3038, 5289563.821606138], [-9318127.787399998, 5289608.54083577]]], [[[-9318256.091599999, 5289721.088717702], [-9318255.386600003, 5289675.253800107], [-9318234.565199997, 5289675.688435628], [-9318233.378699997, 5289630.770419215], [-9318254.6963, 5289630.37723451], [-9318276.264, 5289629.979267001], [-9318276.701699998, 5289654.0795173105], [-9318277.078299996, 5289674.800830578], [-9318277.4703, 5289696.384838913], [-9318277.914299998, 5289720.824269576], [-9318256.091599999, 5289721.088717702]]], [[[-9318130.105499998, 5289677.868787445], [-9318109.872800002, 5289678.29086815], [-9318108.716800002, 5289633.068746292], [-9318129.6187, 5289632.683532888], [-9318130.105499998, 5289677.868787445]]], [[[-9318088.225300001, 5289678.742542359], [-9318067.076699996, 5289679.183654565], [-9318046.130899997, 5289679.620681488], [-9318025.891799998, 5289680.042762208], [-9318025.539399998, 5289659.570452555], [-9317975.8937, 5289660.425175967], [-9317975.395500002, 5289635.525004893], [-9318025.110099997, 5289634.609300998], [-9318045.0127, 5289634.242620886], [-9318065.414299998, 5289633.866773756], [-9318086.817099998, 5289633.472393357], [-9318088.225300001, 5289678.742542359]]], [[[-9318113.792599995, 5289846.119877337], [-9318092.141599996, 5289846.297438226], [-9318091.084300002, 5289795.101911259], [-9318112.511300001, 5289794.861078116], [-9318113.792599995, 5289846.119877337]]], [[[-9318209.6096, 5289911.271473809], [-9318190.865299996, 5289911.147519961], [-9318191.1373, 5289871.074655924], [-9318209.376799999, 5289870.797553308], [-9318209.6096, 5289911.271473809]]], [[[-9318174.5405, 5289911.039608363], [-9318159.278699996, 5289910.938671666], [-9318159.557699999, 5289871.554130125], [-9318174.6353, 5289871.325154291], [-9318174.5405, 5289911.039608363]]], [[[-9318269.312599998, 5289912.410972375], [-9318269.672700003, 5289870.339800926], [-9318284.677399999, 5289870.136133992], [-9318284.689099997, 5289876.967445682], [-9318284.738199998, 5289905.36612908], [-9318284.7508, 5289912.695049887], [-9318269.312599998, 5289912.410972375]]], [[[-9318106.5498, 5289910.589827282], [-9318123.567799997, 5289910.702422016], [-9318140.392199997, 5289910.8137214035], [-9318159.278699996, 5289910.938671666], [-9318159.142299999, 5289930.177026682], [-9318106.4906, 5289929.9119806625], [-9318106.5498, 5289910.589827282]]], [[[-9318209.8223, 5289948.257848281], [-9318209.939299995, 5289968.583888963], [-9318158.875499995, 5289967.834785198], [-9318159.016299997, 5289947.961614511], [-9318209.8223, 5289948.257848281]]], [[[-9318158.350799998, 5290041.876589884], [-9318106.148299996, 5290041.4471356], [-9318106.207399998, 5290022.2029001], [-9318106.265100002, 5290003.376859691], [-9318106.320800003, 5289985.219911324], [-9318106.376499994, 5289967.064059251], [-9318158.875499995, 5289967.834785198], [-9318158.748500003, 5289985.779198287], [-9318158.623599999, 5290003.389613786], [-9318158.488099996, 5290022.507503754], [-9318158.350799998, 5290041.876589884]]], [[[-9318064.778699998, 5289565.080375088], [-9318043.121099995, 5289565.516106629], [-9318042.363199998, 5289518.996957527], [-9318063.6809, 5289518.604271042], [-9318064.778699998, 5289565.080375088]]], [[[-9317973.974400003, 5289567.425334187], [-9318024.230099997, 5289565.896238306], [-9318024.779500002, 5289586.02528207], [-9317974.320699995, 5289587.560655374], [-9317973.974400003, 5289567.425334187]]], [[[-9317907.0879, 5289606.377124185], [-9317895.788399998, 5289603.239119631], [-9317895.608099997, 5289594.164484405], [-9317895.269, 5289577.091739096], [-9317941.033899998, 5289575.802978105], [-9317941.435899999, 5289593.788238728], [-9317941.819300001, 5289610.944782621], [-9317928.6488, 5289610.421366684], [-9317919.051999997, 5289609.420170557], [-9317907.0879, 5289606.377124185]]], [[[-9318026.238599997, 5289700.210867154], [-9318026.313099997, 5289704.541379528], [-9317976.7801, 5289704.729203447], [-9317976.718399998, 5289701.64869171], [-9317976.546700003, 5289693.069273264], [-9317976.370199999, 5289684.241349373], [-9318025.9492, 5289683.388220212], [-9318026.0982, 5289692.049344496], [-9318026.238599997, 5289700.210867154]]], [[[-9318028.633299997, 5289795.803585639], [-9318028.676100003, 5289798.301992835], [-9318028.858699998, 5289808.961923375], [-9318029.058399994, 5289820.62135639], [-9318029.506900001, 5289846.810690845], [-9317978.952900002, 5289847.224601018], [-9317979.370499998, 5289810.071928018], [-9317979.489999998, 5289799.441491301], [-9317979.561299998, 5289793.104600412], [-9317979.6567, 5289784.605691568], [-9318028.4337, 5289784.144352126], [-9318028.306799999, 5289776.732331163], [-9318027.893099997, 5289752.582058621], [-9318044.377299994, 5289752.270280858], [-9318045.203600002, 5289795.617355953], [-9318028.633299997, 5289795.803585639]]], [[[-9317944.9751, 5289787.745390469], [-9317899.533699995, 5289788.612469472], [-9317899.139299998, 5289771.789223539], [-9317944.6692, 5289770.8399404315], [-9317944.9751, 5289787.745390469]]], [[[-9317945.338099997, 5289807.815848564], [-9317945.9951, 5289844.126053866], [-9317900.8729, 5289845.73476352], [-9317900.400399996, 5289825.58170215], [-9317899.992399996, 5289808.178543069], [-9317945.338099997, 5289807.815848564]]], [[[-9317901.664499998, 5289923.120027037], [-9317883.065999998, 5289923.024570618], [-9317883.729999999, 5289876.0784455], [-9317950.563899996, 5289874.389026325], [-9317950.983400002, 5289909.94544661], [-9317935.253600001, 5289909.551863251], [-9317917.693799999, 5289909.1125444975], [-9317901.689999998, 5289908.712085886], [-9317901.664499998, 5289923.120027037]]], [[[-9318080.207300002, 5289984.712736779], [-9318080.143499997, 5290003.120881019], [-9318028.769299997, 5290002.903463569], [-9318028.891899996, 5290019.1101317145], [-9318080.079199998, 5290021.61382034], [-9318080.027699996, 5290036.519869946], [-9318061.337799998, 5290036.275848234], [-9318044.7651, 5290036.05952683], [-9318044.986999998, 5290076.992998484], [-9318029.329399997, 5290076.913584303], [-9317979.4374, 5290076.660594871], [-9317977.973699998, 5289873.407459333], [-9318080.597299997, 5289872.265370109], [-9318080.469599998, 5289909.082054245], [-9318028.057599999, 5289908.862046121], [-9318028.1991, 5289927.564828791], [-9318028.342199998, 5289946.468289442], [-9318028.4945, 5289966.585979999], [-9318028.630300002, 5289984.533581612], [-9318080.207300002, 5289984.712736779]]], [[[-9318082.2688, 5290140.159351761], [-9318082.125200002, 5290159.483202467], [-9318029.949099997, 5290158.8015558105], [-9318029.935300002, 5290139.893707848], [-9318082.2688, 5290140.159351761]]]]}, "properties": {"Group": 22, "Chld_Rt": 0.087001370890203, "Med_Income": 25384.90625, "Bay_Ld_Est": 2.991580636742299}}, {"type": "Feature", "geometry": {"type": "MultiPolygon", "coordinates": [[[[-9319114.673699997, 5287284.748555614], [-9319110.926100003, 5287293.227021646], [-9319125.221500002, 5287299.256507359], [-9319109.531399997, 5287337.706536045], [-9319089.9823, 5287329.393972257], [-9319106.030400002, 5287291.161958661], [-9319093.2158, 5287285.75702377], [-9319097.0975, 5287276.542608186], [-9319110.507799998, 5287244.7100492185], [-9319128.911199998, 5287252.538356463], [-9319114.673699997, 5287284.748555614]]], [[[-9319144.732500002, 5287381.140716529], [-9319162.8533, 5287388.978889076], [-9319165.214399995, 5287443.895619865], [-9319133.1677, 5287445.150799669], [-9319114.9976, 5287445.862337245], [-9319128.463999996, 5287416.551193852], [-9319144.732500002, 5287381.140716529]]], [[[-9319342.571299998, 5287390.6652161395], [-9319357.985600002, 5287397.373159005], [-9319362.419599999, 5287399.302710168], [-9319346.257099994, 5287438.383370782], [-9319326.664199999, 5287429.909686568], [-9319342.571299998, 5287390.6652161395]]], [[[-9319421.2637, 5287426.194565628], [-9319404.171999998, 5287463.430570079], [-9319385.944399998, 5287455.547658183], [-9319365.867000002, 5287446.8643288445], [-9319381.583099997, 5287407.642177524], [-9319396.266900001, 5287414.032165516], [-9319401.9269, 5287416.49519552], [-9319414.8167, 5287422.104594639], [-9319421.755199999, 5287425.124020932], [-9319421.2637, 5287426.194565628]]], [[[-9319100.1616, 5287503.100510496], [-9319109.639299996, 5287507.422745323], [-9319119.508099994, 5287511.9230389325], [-9319128.488000002, 5287516.017992269], [-9319138.886299998, 5287520.759716479], [-9319123.634600002, 5287554.283192999], [-9319113.439099997, 5287551.500812766], [-9319102.4391, 5287548.499022666], [-9319092.274099998, 5287545.724912671], [-9319082.144299999, 5287541.377169583], [-9319072.850899998, 5287537.388433654], [-9319090.641699998, 5287498.759443511], [-9319100.1616, 5287503.100510496]]], [[[-9319371.838199995, 5287521.703617322], [-9319380.4499, 5287525.405386621], [-9319395.081099996, 5287531.694538308], [-9319372.088999996, 5287582.951853176], [-9319348.628600001, 5287572.259856464], [-9319371.838199995, 5287521.703617322]]], [[[-9319007.670399997, 5287545.686949385], [-9319026.236999996, 5287545.519651847], [-9319028.049400002, 5287599.1624767585], [-9319008.570799997, 5287599.435792526], [-9319007.085999995, 5287545.69223036], [-9319007.670399997, 5287545.686949385]]], [[[-9319394.829699997, 5287593.315631933], [-9319418.358899998, 5287541.70020628], [-9319419.804499997, 5287542.321767924], [-9319437.4053, 5287549.887223544], [-9319442.670499993, 5287552.150373593], [-9319417.676300002, 5287603.727637104], [-9319394.829699997, 5287593.315631933]]], [[[-9319079.5964, 5287598.084757761], [-9319078.755699996, 5287554.625958653], [-9319088.079199998, 5287554.493535528], [-9319089.379799994, 5287554.867488856], [-9319090.4546, 5287555.176575787], [-9319090.835099999, 5287597.8760094885], [-9319089.9993, 5287597.8914538575], [-9319079.5964, 5287598.084757761]]], [[[-9319099.351499999, 5287557.735161941], [-9319109.187699996, 5287560.563576416], [-9319110.741099998, 5287561.010267814], [-9319114.999999996, 5287562.235156805], [-9319115.481000002, 5287597.418257892], [-9319111.0666, 5287597.500162947], [-9319109.3196, 5287597.532546346], [-9319099.995499998, 5287597.705822343], [-9319099.351499999, 5287557.735161941]]], [[[-9319069.211899996, 5287678.362171989], [-9319068.244299997, 5287636.817975537], [-9319090.465399997, 5287636.171902101], [-9319092.923999999, 5287677.951052456], [-9319069.211899996, 5287678.362171989]]], [[[-9319019.1217, 5287638.534593858], [-9319041.606899995, 5287637.967934437], [-9319042.6586, 5287679.265120429], [-9319043.220099999, 5287701.311530328], [-9318979.9446, 5287702.699532086], [-9318980.4312, 5287721.856547147], [-9318916.459799998, 5287722.925796758], [-9318916.0988, 5287704.099789722], [-9318915.690199995, 5287682.785742494], [-9318937.148299998, 5287682.190984239], [-9318935.119299999, 5287640.651670077], [-9318955.187999995, 5287640.145891433], [-9318956.977700002, 5287681.6411641715], [-9318979.393699998, 5287681.019502817], [-9318998.7592, 5287680.482536457], [-9319020.744499998, 5287679.872931676], [-9319019.1217, 5287638.534593858]]], [[[-9319198.303999996, 5287718.035805726], [-9319134.343499998, 5287718.844991822], [-9319133.941699998, 5287698.560237831], [-9319197.585599996, 5287696.630188016], [-9319198.303999996, 5287718.035805726]]], [[[-9319309.548100002, 5287832.048149693], [-9319289.8409, 5287873.877425881], [-9319270.288099997, 5287865.058282791], [-9319294.739599997, 5287824.949611081], [-9319296.377699997, 5287821.435365694], [-9319298.0295, 5287817.891825769], [-9319302.747199994, 5287819.940847349], [-9319313.139099998, 5287824.454493975], [-9319309.548100002, 5287832.048149693]]], [[[-9319139.092999998, 5287963.066966127], [-9319074.667599998, 5287963.9656301895], [-9319074.345800001, 5287942.228900692], [-9319138.629099995, 5287941.04855096], [-9319139.092999998, 5287963.066966127]]], [[[-9318936.325400002, 5287144.140543035], [-9318908.305899998, 5287132.197057161], [-9318907.701000001, 5287107.810883609], [-9318953.203199996, 5287106.701180206], [-9318936.325400002, 5287144.140543035]]], [[[-9318920.232699996, 5287163.769450339], [-9318952.9809, 5287177.70057813], [-9318942.056299996, 5287204.156000765], [-9318941.627, 5287205.19575616], [-9318952.9945, 5287226.612724861], [-9318916.049199997, 5287228.047457806], [-9318909.908699999, 5287228.285998724], [-9318909.702000001, 5287215.732010735], [-9318909.484000001, 5287203.632486163], [-9318909.2587, 5287191.137386334], [-9318909.2039, 5287188.817142521], [-9318908.858799994, 5287169.4991152305], [-9318910.414399998, 5287164.9932429055], [-9318912.817300001, 5287162.980591373], [-9318920.232699996, 5287163.769450339]]], [[[-9318795.056399994, 5287306.720925434], [-9318794.5746, 5287301.486875053], [-9318795.059199998, 5287292.2263255], [-9318795.829, 5287286.637054448], [-9318799.124199998, 5287263.266918848], [-9318814.786599997, 5287270.668762063], [-9318833.664600002, 5287279.577777452], [-9318834.727600003, 5287304.827643785], [-9318835.511, 5287325.625742881], [-9318795.7393, 5287327.023907626], [-9318795.056399994, 5287306.720925434]]], [[[-9318910.972099997, 5287331.631813067], [-9318911.843999999, 5287280.399119501], [-9318963.188499995, 5287302.610129813], [-9318949.369399998, 5287331.973183692], [-9318910.972099997, 5287331.631813067]]], [[[-9318796.412799997, 5287348.601898441], [-9318836.395299997, 5287346.867046182], [-9318837.286699997, 5287367.145417635], [-9318797.097600002, 5287368.644618577], [-9318796.412799997, 5287348.601898441]]], [[[-9318868.936099997, 5287493.331092063], [-9318889.966199996, 5287492.783364532], [-9318890.595999999, 5287548.582223047], [-9318870.9184, 5287549.21793376], [-9318850.095300002, 5287549.897287302], [-9318848.218299998, 5287493.880912044], [-9318868.936099997, 5287493.331092063]]], [[[-9318945.700000001, 5287600.3173180455], [-9318944.4695, 5287546.25619942], [-9318955.4633, 5287546.157255741], [-9318965.039000003, 5287546.07096647], [-9318966.346299998, 5287600.027860414], [-9318945.700000001, 5287600.3173180455]]], [[[-9318847.102399996, 5287676.132401519], [-9318847.317299996, 5287687.955226927], [-9318827.637299996, 5287688.357279117], [-9318825.716699999, 5287688.396537747], [-9318824.630300002, 5287635.544262293], [-9318826.639099998, 5287635.478897677], [-9318846.352400001, 5287634.836610604], [-9318884.565299999, 5287633.591394749], [-9318888.4412, 5287636.189638242], [-9318888.988900002, 5287654.995217852], [-9318853.628899999, 5287655.473694829], [-9318853.984000001, 5287676.026383298], [-9318847.102399996, 5287676.132401519]]], [[[-9319044.167999998, 5287738.524924096], [-9318980.884700002, 5287739.710454994], [-9318980.4312, 5287721.856547147], [-9319043.716399997, 5287720.798258075], [-9319044.167999998, 5287738.524924096]]], [[[-9319045.0017, 5287771.263034352], [-9318981.709000003, 5287772.149940615], [-9318981.306799999, 5287756.325225231], [-9319044.590200001, 5287755.106912354], [-9319045.0017, 5287771.263034352]]], [[[-9318892.818299998, 5287817.181583311], [-9318850.3554, 5287818.162949462], [-9318850.0594, 5287799.360755285], [-9318892.444799999, 5287798.614343087], [-9318892.818299998, 5287817.181583311]]], [[[-9319023.727500001, 5287838.205178658], [-9319002.898900002, 5287838.808007909], [-9319001.961699996, 5287789.009928235], [-9319022.526000002, 5287788.617142647], [-9319023.727500001, 5287838.205178658]]], [[[-9319003.112899998, 5287872.811962509], [-9319023.179899996, 5287872.336773621], [-9319024.126499996, 5287922.577462713], [-9319004.470699998, 5287923.069092423], [-9319003.112899998, 5287872.811962509]]], [[[-9318755.426700002, 5287119.690399652], [-9318763.1028, 5287123.234037298], [-9318743.417099996, 5287167.378851255], [-9318718.306800002, 5287156.758499946], [-9318743.083099997, 5287113.92645841], [-9318755.426700002, 5287119.690399652]]], [[[-9318611.391099999, 5287229.7939679185], [-9318610.7153, 5287208.5806656955], [-9318609.966999998, 5287183.09903591], [-9318620.444799995, 5287187.808375533], [-9318639.118299998, 5287196.19576893], [-9318666.713099997, 5287208.656293323], [-9318661.256800001, 5287228.653475285], [-9318611.391099999, 5287229.7939679185]]], [[[-9318749.337199999, 5287242.467625068], [-9318764.278799996, 5287203.652115461], [-9318787.934699995, 5287213.897517493], [-9318781.981, 5287230.820271797], [-9318777.8241, 5287244.035179688], [-9318752.637499997, 5287243.719018316], [-9318749.337199999, 5287242.467625068]]], [[[-9318724.811000003, 5287248.509964257], [-9318725.384499995, 5287269.514518926], [-9318683.218999995, 5287270.920455622], [-9318682.850999998, 5287264.360081963], [-9318683.682699997, 5287250.417992708], [-9318724.811000003, 5287248.509964257]]], [[[-9318658.407199996, 5287290.306340045], [-9318613.322999997, 5287292.262794171], [-9318612.743099997, 5287272.142952953], [-9318657.930200001, 5287270.343234405], [-9318658.407199996, 5287290.306340045]]], [[[-9318725.965099996, 5287289.556241427], [-9318770.107100002, 5287288.320989995], [-9318770.570999997, 5287310.105436653], [-9318726.638599996, 5287311.108225275], [-9318725.965099996, 5287289.556241427]]], [[[-9318771.629599998, 5287350.006340622], [-9318727.797299998, 5287351.530451818], [-9318727.214799998, 5287331.748592509], [-9318771.1476, 5287330.693791187], [-9318771.629599998, 5287350.006340622]]], [[[-9318614.673999999, 5287334.768118229], [-9318659.4395, 5287333.693886877], [-9318659.920199998, 5287353.162673692], [-9318615.2567, 5287354.497865259], [-9318614.673999999, 5287334.768118229]]], [[[-9318661.438699998, 5287415.264926035], [-9318638.843999997, 5287416.295016412], [-9318617.186199997, 5287417.279770058], [-9318616.507399997, 5287396.482267354], [-9318615.934699997, 5287375.399392674], [-9318660.493600002, 5287374.141422984], [-9318660.9662, 5287394.703174354], [-9318661.438699998, 5287415.264926035]]], [[[-9318686.738900002, 5287414.3589885505], [-9318686.2459, 5287396.555503601], [-9318729.037800001, 5287394.998012547], [-9318729.632000001, 5287413.192589044], [-9318709.434699997, 5287413.745996088], [-9318710.315800002, 5287463.561000351], [-9318687.931699995, 5287464.22829728], [-9318686.738900002, 5287414.3589885505]]], [[[-9318787.417999998, 5287551.959261823], [-9318768.989799997, 5287552.551927548], [-9318767.637799999, 5287495.966800354], [-9318785.544699995, 5287495.500380036], [-9318805.949999996, 5287494.974374274], [-9318808.241000002, 5287551.280007915], [-9318787.417999998, 5287551.959261823]]], [[[-9318613.322299998, 5287615.9921712065], [-9318603.015199998, 5287616.280134233], [-9318582.296799999, 5287616.881568403], [-9318580.541599995, 5287558.679859953], [-9318578.887799999, 5287500.843438644], [-9318599.605699997, 5287500.294017211], [-9318601.2603, 5287558.02631346], [-9318611.6719, 5287557.687035262], [-9318613.322299998, 5287615.9921712065]]], [[[-9318768.9707, 5287611.547277748], [-9318747.523499994, 5287612.143530567], [-9318745.771999996, 5287553.3172714235], [-9318766.804899996, 5287552.62386847], [-9318768.9707, 5287611.547277748]]], [[[-9318642.281699998, 5287556.690324557], [-9318662.688299997, 5287556.008479976], [-9318683.4133, 5287555.35064893], [-9318683.492299998, 5287557.905747634], [-9318685.368400002, 5287613.9224245865], [-9318664.545800002, 5287614.523260913], [-9318644.347999996, 5287615.102574738], [-9318642.281699998, 5287556.690324557]]], [[[-9318764.326099997, 5287689.650920659], [-9318743.347299999, 5287690.079377758], [-9318742.233299999, 5287638.228695412], [-9318763.206300002, 5287637.5453561805], [-9318764.326099997, 5287689.650920659]]], [[[-9318723.3554, 5287690.487707353], [-9318702.258199997, 5287690.918555845], [-9318701.1972, 5287639.565082969], [-9318722.512099996, 5287638.870783207], [-9318723.3554, 5287690.487707353]]]]}, "properties": {"Group": 23, "Chld_Rt": 0.047327751955165, "Med_Income": 28622.68253968254, "Bay_Ld_Est": 8.570585640633166}}, {"type": "Feature", "geometry": {"type": "MultiPolygon", "coordinates": [[[[-9311725.755099999, 5287840.987061283], [-9311735.914300002, 5287840.904857306], [-9311746.485900002, 5287840.565977574], [-9311759.560599996, 5287840.519445141], [-9311759.915099995, 5287872.49570134], [-9311759.985699998, 5287876.825510114], [-9311760.0495, 5287880.739017975], [-9311760.177599996, 5287898.810145825], [-9311760.479699997, 5287922.4587900415], [-9311718.522499999, 5287923.559227523], [-9311699.207199996, 5287923.957194494], [-9311680.806200001, 5287924.2570148865], [-9311680.0446, 5287882.625923419], [-9311695.609199999, 5287882.039036744], [-9311695.534599997, 5287877.459427454], [-9311695.1445, 5287873.967800445], [-9311694.8679, 5287841.657148356], [-9311704.193299998, 5287841.504996244], [-9311714.767299999, 5287841.332816253], [-9311725.755099999, 5287840.987061283]]], [[[-9311663.828799998, 5288032.391442109], [-9311662.963799996, 5287989.512241369], [-9311645.398099998, 5287989.964911391], [-9311644.475600002, 5287948.669110489], [-9311662.0412, 5287948.216340839], [-9311680.357400002, 5287947.83471502], [-9311681.3661, 5287989.295621385], [-9311682.478299996, 5288032.004236345], [-9311663.828799998, 5288032.391442109]]], [[[-9311683.641299997, 5288098.282982859], [-9311684.2528, 5288140.917169409], [-9311666.851899995, 5288141.283849107], [-9311647.951099996, 5288141.5918401275], [-9311647.006799996, 5288098.963233455], [-9311666.070099998, 5288098.402851247], [-9311680.892400002, 5288098.244521343], [-9311683.641299997, 5288098.282982859]]], [[[-9311803.719399998, 5288332.036520883], [-9311803.259600002, 5288314.053071278], [-9311831.732200002, 5288313.338842905], [-9311843.4534, 5288332.387855885], [-9311856.027500002, 5288352.672420496], [-9311803.750299998, 5288354.357852047], [-9311803.719399998, 5288332.036520883]]], [[[-9311821.4562, 5288428.864988959], [-9311839.9413, 5288428.563474558], [-9311840.540699998, 5288475.530471988], [-9311822.056799999, 5288475.915186834], [-9311802.242100002, 5288476.405023207], [-9311801.641399994, 5288429.354725673], [-9311821.4562, 5288428.864988959]]], [[[-9311768.797599996, 5288550.247759253], [-9311769.111499999, 5288595.0543393465], [-9311749.712900002, 5288595.537200878], [-9311749.313100003, 5288550.5654155575], [-9311768.797599996, 5288550.247759253]]], [[[-9311826.308999998, 5288619.1930319555], [-9311844.794600002, 5288618.89151751], [-9311864.109999998, 5288618.409951304], [-9311864.8858, 5288645.550935172], [-9311865.038499996, 5288665.122571446], [-9311845.8035, 5288665.436341786], [-9311827.236, 5288665.822352044], [-9311826.308999998, 5288619.1930319555]]], [[[-9311750.967499994, 5288667.399175022], [-9311769.952700002, 5288667.089589612], [-9311778.611899998, 5288666.906747895], [-9311779.837599996, 5288713.98973638], [-9311771.2192, 5288714.130230576], [-9311752.901400002, 5288714.512155549], [-9311750.967499994, 5288667.399175022]]], [[[-9311696.096199999, 5288668.45985626], [-9311697.452399999, 5288715.915602787], [-9311678.220100002, 5288716.395574769], [-9311677.029, 5288668.853937451], [-9311696.096199999, 5288668.45985626]]], [[[-9311732.972299999, 5288835.781261851], [-9311715.320300002, 5288836.152126685], [-9311714.664599996, 5288785.686113298], [-9311732.067899996, 5288785.402334963], [-9311730.899799997, 5288739.276198986], [-9311751.8835, 5288738.934130504], [-9311769.284199998, 5288738.483751972], [-9311770.538499998, 5288784.775192792], [-9311752.552200003, 5288785.068536703], [-9311753.534499997, 5288835.112868182], [-9311732.972299999, 5288835.781261851]]], [[[-9311596.884999996, 5287926.040393175], [-9311575.822399996, 5287926.549958301], [-9311574.354499996, 5287882.431623081], [-9311595.834699996, 5287881.998582413], [-9311596.884999996, 5287926.040393175]]], [[[-9311621.694299996, 5287925.469847639], [-9311620.763699995, 5287883.674846364], [-9311643.828599999, 5287883.382399435], [-9311644.927099997, 5287925.258010436], [-9311621.694299996, 5287925.469847639]]], [[[-9311578.151199998, 5288059.356447339], [-9311599.6303, 5288058.840106556], [-9311600.639899999, 5288100.384615445], [-9311578.079599999, 5288101.001892794], [-9311578.151199998, 5288059.356447339]]], [[[-9311602.071299996, 5288167.825680342], [-9311602.964999998, 5288207.373681436], [-9311577.5708, 5288207.870492601], [-9311576.596600002, 5288168.490187662], [-9311602.071299996, 5288167.825680342]]], [[[-9311463.7025, 5288171.0773720555], [-9311464.683099996, 5288210.87397812], [-9311445.035499997, 5288211.360127673], [-9311426.468699995, 5288211.7455399325], [-9311426.005600002, 5288193.512490722], [-9311425.8214, 5288171.9436528515], [-9311444.636399997, 5288171.470855247], [-9311463.7025, 5288171.0773720555]]], [[[-9311540.387499997, 5288251.620166333], [-9311521.072799997, 5288252.101134558], [-9311520.7093, 5288209.295959995], [-9311539.774099998, 5288208.818977443], [-9311540.387499997, 5288251.620166333]]], [[[-9311604.587499997, 5288276.311562474], [-9311605.5097, 5288317.608768778], [-9311582.1968, 5288318.071701958], [-9311582.190399997, 5288276.7596491035], [-9311604.587499997, 5288276.311562474]]], [[[-9311670.548199998, 5288317.049183599], [-9311671.537799997, 5288357.345793875], [-9311652.390699998, 5288357.90757118], [-9311651.147399997, 5288317.365145969], [-9311670.548199998, 5288317.049183599]]], [[[-9311468.225699998, 5288362.071877495], [-9311468.378199996, 5288320.257332473], [-9311488.363399997, 5288320.015403547], [-9311505.844999995, 5288319.481127253], [-9311506.358699998, 5288361.284910984], [-9311488.4566, 5288361.576261964], [-9311468.225699998, 5288362.071877495]]], [[[-9311563.589499997, 5288433.649761523], [-9311584.986300003, 5288433.134915214], [-9311585.678600002, 5288480.766719209], [-9311564.281599998, 5288481.281764832], [-9311563.589499997, 5288433.649761523]]], [[[-9311455.2794, 5288508.29321221], [-9311474.343500001, 5288507.733328019], [-9311493.7434, 5288507.334364454], [-9311494.544799998, 5288551.466371784], [-9311475.310000002, 5288551.779344967], [-9311456.158499999, 5288552.090923156], [-9311455.2794, 5288508.29321221]]], [[[-9311635.899199996, 5288598.224625228], [-9311634.813499998, 5288552.014597955], [-9311657.215099998, 5288551.8163118595], [-9311657.6268, 5288597.537499119], [-9311635.899199996, 5288598.224625228]]], [[[-9311552.059299998, 5288743.521913421], [-9311571.3763, 5288743.124145478], [-9311572.782599997, 5288788.580194041], [-9311553.300199999, 5288789.063952417], [-9311552.059299998, 5288743.521913421]]], [[[-9311461.463899998, 5288842.368247673], [-9311442.894499995, 5288842.67045967], [-9311441.403500002, 5288791.967798011], [-9311459.634099998, 5288791.338065165], [-9311461.463899998, 5288842.368247673]]], [[[-9311345.7575, 5287847.589187521], [-9311346.441099996, 5287889.637774497], [-9311326.208499996, 5287889.966690114], [-9311325.1155, 5287848.341080018], [-9311345.7575, 5287847.589187521]]], [[[-9311210.215500003, 5287891.268502427], [-9311189.483399998, 5287891.605190052], [-9311172.582499996, 5287891.963001611], [-9311171.851699999, 5287852.080514607], [-9311188.751000002, 5287851.639403016], [-9311209.395799996, 5287851.054210246], [-9311210.215500003, 5287891.268502427]]], [[[-9311150.456199998, 5287852.59456356], [-9311151.769799998, 5287892.467485033], [-9311133.534199994, 5287892.680218996], [-9311132.4744, 5287853.053012724], [-9311150.456199998, 5287852.59456356]]], [[[-9311115.299999999, 5287892.976253017], [-9311092.404100003, 5287893.431115103], [-9311091.097499996, 5287853.974494537], [-9311114.075, 5287853.434937443], [-9311115.299999999, 5287892.976253017]]], [[[-9311008.3466, 5287855.983560066], [-9311009.240499996, 5287895.696756786], [-9310992.0913, 5287896.141555113], [-9310972.193099998, 5287896.547393736], [-9310971.3005, 5287856.917497042], [-9310991.114100002, 5287856.429653714], [-9311008.3466, 5287855.983560066]]], [[[-9310897.189000001, 5287898.679715494], [-9310878.788200002, 5287898.978041252], [-9310877.726899998, 5287859.184135066], [-9310896.4554, 5287858.54742779], [-9310897.189000001, 5287898.679715494]]], [[[-9311422.5813, 5287977.850333774], [-9311422.197999997, 5287954.286084648], [-9311440.346500002, 5287953.824347292], [-9311441.094800001, 5287994.706537697], [-9311422.858899998, 5287994.919869525], [-9311422.5813, 5287977.850333774]]], [[[-9311305.447200002, 5287980.754376841], [-9311305.6481, 5287998.241508941], [-9311288.329499997, 5287998.522995376], [-9311266.017799998, 5287999.052090198], [-9311265.093000002, 5287957.506488494], [-9311287.4878, 5287956.975998704], [-9311304.886899997, 5287956.5267165005], [-9311305.447200002, 5287980.754376841]]], [[[-9311180.674399994, 5287959.460851148], [-9311201.820299996, 5287958.950887444], [-9311203.073999995, 5288000.241208417], [-9311182.174999997, 5288000.580686017], [-9311180.674399994, 5287959.460851148]]], [[[-9311347.6341, 5287998.891568205], [-9311347.936, 5288017.459807717], [-9311306.142199997, 5288018.389161302], [-9311305.8418, 5287999.904122187], [-9311347.6341, 5287998.891568205]]], [[[-9311426.648399998, 5288120.373939506], [-9311383.3743, 5288122.493607183], [-9311383.344999999, 5288105.336684402], [-9311426.472900001, 5288104.468610104], [-9311426.648399998, 5288120.373939506]]], [[[-9311422.854299996, 5288721.80220954], [-9311389.051099999, 5288722.601830694], [-9311388.8222, 5288698.283582606], [-9311421.630199997, 5288697.749903985], [-9311422.854299996, 5288721.80220954]]]]}, "properties": {"Group": 24, "Chld_Rt": 0.169430965348745, "Med_Income": 21545.840909090908, "Bay_Ld_Est": 3.542493452519043}}, {"type": "Feature", "geometry": {"type": "MultiPolygon", "coordinates": [[[[-9317484.484399997, 5287155.656468873], [-9317484.629899995, 5287163.984675216], [-9317464.332199996, 5287164.1183936335], [-9317464.300699996, 5287168.307805675], [-9317464.696400002, 5287184.886996684], [-9317429.415099997, 5287184.387495613], [-9317429.3631, 5287177.465026448], [-9317429.330399998, 5287167.966634386], [-9317429.212599996, 5287155.969342069], [-9317429.245099999, 5287151.6498983605], [-9317429.0569, 5287135.150221413], [-9317429.002899997, 5287114.670279553], [-9317484.175399998, 5287113.680045869], [-9317484.3204, 5287135.9303119425], [-9317484.456, 5287145.58553893], [-9317484.484399997, 5287155.656468873]]], [[[-9317513.4337, 5287223.116416471], [-9317513.9926, 5287273.396538336], [-9317485.576699998, 5287273.443070756], [-9317485.210099999, 5287239.116294532], [-9317485.122299997, 5287223.111733342], [-9317513.4337, 5287223.116416471]]], [[[-9317633.7967, 5287328.891980088], [-9317615.790000001, 5287328.834985345], [-9317615.756599998, 5287291.673914927], [-9317633.554200001, 5287291.859646055], [-9317633.728099996, 5287310.285089659], [-9317633.764899999, 5287319.263156645], [-9317633.7967, 5287328.891980088]]], [[[-9317403.417, 5287361.068701699], [-9317377.0837, 5287360.948534451], [-9317377.109299999, 5287343.721574006], [-9317403.540799998, 5287344.623027599], [-9317403.417, 5287361.068701699]]], [[[-9317377.040899996, 5287394.283685038], [-9317377.066099996, 5287377.108637198], [-9317398.922299998, 5287377.403276124], [-9317403.417, 5287361.068701699], [-9317413.825599998, 5287361.095006959], [-9317413.7835, 5287394.352138517], [-9317398.586899998, 5287394.315869136], [-9317377.040899996, 5287394.283685038]]], [[[-9317736.521200001, 5287469.17199395], [-9317736.461399999, 5287449.367813229], [-9317719.495399999, 5287449.292683784], [-9317719.2953, 5287434.327875595], [-9317756.122699998, 5287423.101504523], [-9317759.4158, 5287428.148628576], [-9317773.099599997, 5287449.512193277], [-9317785.343699995, 5287468.548638784], [-9317736.521200001, 5287469.17199395]]], [[[-9317602.901999999, 5287437.280343048], [-9317619.035299996, 5287437.349494017], [-9317619.617699997, 5287470.6897282535], [-9317603.378299996, 5287470.906049246], [-9317602.901999999, 5287437.280343048]]], [[[-9317621.807900002, 5287525.615529853], [-9317604.7378, 5287525.539403998], [-9317604.153699994, 5287492.4071194725], [-9317621.225699995, 5287492.223082235], [-9317621.807900002, 5287525.615529853]]], [[[-9317424.589699997, 5287535.219643826], [-9317423.952899994, 5287495.346832987], [-9317428.324999996, 5287495.301695538], [-9317437.173200002, 5287495.2121181125], [-9317437.289099999, 5287535.158962348], [-9317424.589699997, 5287535.219643826]]], [[[-9317411.1653, 5287548.624769837], [-9317428.446599998, 5287548.312295103], [-9317444.999, 5287548.020645378], [-9317445.089199996, 5287563.713433325], [-9317428.535899999, 5287564.109307723], [-9317411.357900001, 5287564.526604979], [-9317411.1653, 5287548.624769837]]], [[[-9317721.911799999, 5287543.567581565], [-9317738.5678, 5287543.35415016], [-9317739.521, 5287596.761622524], [-9317722.655699998, 5287597.103690697], [-9317721.911799999, 5287543.567581565]]], [[[-9317668.0242, 5287622.147007031], [-9317683.929900002, 5287621.9817023175], [-9317701.412999999, 5287621.799956803], [-9317701.888, 5287676.355298847], [-9317684.699099997, 5287676.6776381], [-9317668.5436, 5287676.9805473], [-9317668.0242, 5287622.147007031]]], [[[-9317792.831099996, 5287726.119795129], [-9317749.360099996, 5287727.780913404], [-9317759.0224, 5287710.548069263], [-9317792.598500002, 5287709.464969532], [-9317792.831099996, 5287726.119795129]]], [[[-9317545.545099996, 5287862.177157453], [-9317528.56, 5287862.346248568], [-9317527.7188, 5287810.730812214], [-9317544.9889, 5287810.596396236], [-9317545.545099996, 5287862.177157453]]], [[[-9317577.984699996, 5287883.599816544], [-9317578.215500003, 5287918.698330946], [-9317578.348900001, 5287939.008895464], [-9317562.014899997, 5287939.061007815], [-9317561.494199997, 5287883.796109702], [-9317577.984699996, 5287883.599816544]]], [[[-9317496.735599997, 5287939.269158292], [-9317512.221499996, 5287939.219736248], [-9317512.965599999, 5287992.407914599], [-9317495.728799997, 5287992.595040798], [-9317495.147899998, 5287939.274140356], [-9317496.735599997, 5287939.269158292]]], [[[-9317348.3883, 5287218.387547052], [-9317348.449499998, 5287224.08692129], [-9317348.5077, 5287233.186051667], [-9317348.500199994, 5287239.030104925], [-9317353.020599999, 5287239.0208383035], [-9317381.749199996, 5287238.962348936], [-9317382.118399996, 5287272.872924071], [-9317360.0537, 5287272.654610294], [-9317352.976999996, 5287272.592733142], [-9317348.456499996, 5287272.553374873], [-9317338.405, 5287272.465491378], [-9317324.1643, 5287272.324299868], [-9317316.5483, 5287272.248672222], [-9317293.754799996, 5287272.051083821], [-9317293.482299997, 5287239.156250621], [-9317293.407600002, 5287233.0707668625], [-9317293.224300003, 5287218.153888554], [-9317293.221500002, 5287217.938464384], [-9317292.9609, 5287197.85429586], [-9317292.806299997, 5287176.957155514], [-9317347.973500002, 5287176.72230133], [-9317348.171699997, 5287191.86885201], [-9317348.230299996, 5287197.906507831], [-9317348.2588, 5287207.951332186], [-9317348.383400002, 5287217.990477076], [-9317348.3883, 5287218.387547052]]], [[[-9317212.245599998, 5287231.8815497095], [-9317223.4869, 5287231.888325298], [-9317239.829299998, 5287231.777524346], [-9317239.714299997, 5287233.20787308], [-9317268.6499, 5287233.295955856], [-9317268.620199997, 5287237.225205077], [-9317268.8308, 5287250.70665314], [-9317269.092699999, 5287271.188490344], [-9317239.846099999, 5287270.941679182], [-9317234.850199997, 5287270.904114469], [-9317223.921699999, 5287270.821711235], [-9317212.680999998, 5287270.736816965], [-9317212.307500001, 5287237.477097921], [-9317212.245599998, 5287231.8815497095]]], [[[-9317313.887799999, 5287290.6860725], [-9317313.8611, 5287320.544741231], [-9317287.666399997, 5287320.277403995], [-9317287.789699994, 5287290.117918619], [-9317313.887799999, 5287290.6860725]]], [[[-9317256.207099998, 5287323.579412386], [-9317242.050499998, 5287323.680747438], [-9317241.7913, 5287289.04239197], [-9317255.737899998, 5287289.173619375], [-9317256.207099998, 5287323.579412386]]], [[[-9317168.934699995, 5287371.567293175], [-9317168.7349, 5287356.280744571], [-9317168.556299996, 5287340.997085738], [-9317203.941699997, 5287340.58387385], [-9317215.482799996, 5287340.449059363], [-9317215.6396, 5287356.035428028], [-9317215.662800001, 5287358.3524836125], [-9317215.7824, 5287370.9369631745], [-9317168.934699995, 5287371.567293175]]], [[[-9317144.6608, 5287449.249638798], [-9317145.028199999, 5287476.927165932], [-9317106.7192, 5287477.496515586], [-9317106.559700001, 5287449.599877506], [-9317106.386099998, 5287425.161187095], [-9317144.245599998, 5287425.123423091], [-9317144.6608, 5287449.249638798]]], [[[-9317351.917900002, 5287496.027581475], [-9317368.886299998, 5287495.79113297], [-9317385.437999997, 5287495.577303017], [-9317385.865800003, 5287535.552644639], [-9317369.415800001, 5287536.053441181], [-9317352.445099998, 5287536.576059158], [-9317351.917900002, 5287496.027581475]]], [[[-9317105.4919, 5287502.157406788], [-9317124.021399997, 5287501.933114518], [-9317124.572500002, 5287552.995330787], [-9317106.458999997, 5287553.22271195], [-9317105.4919, 5287502.157406788]]], [[[-9317370.259, 5287603.773073488], [-9317361.201899998, 5287603.939274977], [-9317353.289899996, 5287604.087740332], [-9317348.501099996, 5287604.181701968], [-9317336.320999995, 5287604.376201557], [-9317335.7932, 5287550.060997759], [-9317347.452699995, 5287549.88861853], [-9317347.748399997, 5287565.895176565], [-9317359.824599998, 5287565.673873505], [-9317376.065, 5287565.379932019], [-9317376.505199997, 5287603.663966395], [-9317370.259, 5287603.773073488]]], [[[-9317089.160699997, 5287624.630962077], [-9317088.298900003, 5287573.4100145865], [-9317106.828000002, 5287573.263840981], [-9317124.8367, 5287573.11358208], [-9317125.3896, 5287623.942042934], [-9317107.795699999, 5287624.277534796], [-9317089.160699997, 5287624.630962077]]], [[[-9317367.461799996, 5287734.193720797], [-9317352.139800001, 5287734.403266229], [-9317351.917199997, 5287699.04060801], [-9317367.182299998, 5287698.656291945], [-9317367.461799996, 5287734.193720797]]], [[[-9317185.0135, 5287813.647708615], [-9317167.944399998, 5287813.874292696], [-9317167.7642, 5287800.9666724345], [-9317201.780099995, 5287799.884369763], [-9317202.043499999, 5287813.421622736], [-9317185.0135, 5287813.647708615]]], [[[-9317354.751399998, 5287939.543769459], [-9317370.150299994, 5287939.42778709], [-9317387.1329, 5287939.299847776], [-9317387.460999994, 5287958.450688582], [-9317367.892999995, 5287958.681955837], [-9317354.813099999, 5287958.83649934], [-9317354.751399998, 5287939.543769459]]], [[[-9317305.755399996, 5288016.65948949], [-9317322.244199999, 5288016.45911101], [-9317323.108399997, 5288069.325052834], [-9317306.782900002, 5288069.54227068], [-9317305.755399996, 5288016.65948949]]], [[[-9316944.017699996, 5287396.373957405], [-9316944.230599998, 5287423.231436614], [-9316944.427199997, 5287452.222831637], [-9316944.4692, 5287460.420509967], [-9316940.305299997, 5287460.466942737], [-9316891.793599999, 5287461.2963558445], [-9316866.912999997, 5287461.732285956], [-9316867.183299996, 5287480.991728588], [-9316816.175099999, 5287481.567554928], [-9316757.3595, 5287482.239933546], [-9316757.0849, 5287463.579135045], [-9316756.8675, 5287451.086324471], [-9316756.447199995, 5287424.201144447], [-9316812.032699998, 5287423.920455272], [-9316811.513200002, 5287396.570549419], [-9316812.2402, 5287396.569652655], [-9316814.946599996, 5287396.566264851], [-9316814.804599999, 5287387.847463654], [-9316755.892799996, 5287387.5562125305], [-9316755.706199996, 5287371.004220955], [-9316754.453300001, 5287289.308633141], [-9316864.788199998, 5287288.9751342], [-9316876.237899998, 5287288.957796629], [-9316877.287499998, 5287342.70304206], [-9316890.0908, 5287342.643954854], [-9316917.3629, 5287342.5123288715], [-9316943.4897, 5287342.398140113], [-9316943.797499996, 5287370.47921168], [-9316944.017699996, 5287396.373957405]]], [[[-9316657.260699997, 5287426.498172267], [-9316691.817699999, 5287426.668757946], [-9316699.2787, 5287426.705625178], [-9316699.988299994, 5287472.499311568], [-9316691.1343, 5287480.792346614], [-9316656.993400002, 5287480.623853385], [-9316657.260699997, 5287426.498172267]]], [[[-9317050.6313, 5287502.861471321], [-9317051.598099997, 5287553.9529821295], [-9317070.336199999, 5287553.704277751], [-9317088.033200001, 5287553.473807713], [-9317088.298900003, 5287573.4100145865], [-9317070.706499996, 5287573.563163079], [-9317051.9691, 5287573.707742433], [-9317033.439899996, 5287573.853816395], [-9317033.068200001, 5287554.203081495], [-9317031.9976, 5287503.084866843], [-9317050.6313, 5287502.861471321]]], [[[-9316917.2826, 5287627.8061280055], [-9316899.272799999, 5287628.086020088], [-9316898.596099997, 5287566.300616515], [-9316898.022999996, 5287504.5945302555], [-9316915.615999997, 5287504.337555662], [-9316934.3544, 5287504.037137532], [-9316952.676299999, 5287503.759636858], [-9316953.5613, 5287565.572139855], [-9316971.6747, 5287565.344957968], [-9316972.353699997, 5287626.896204717], [-9316954.343499998, 5287627.20210316], [-9316937.687, 5287627.46625193], [-9316917.2826, 5287627.8061280055]]], [[[-9316987.139400002, 5287711.92750189], [-9316968.5279, 5287712.231407502], [-9316967.658499999, 5287649.339883144], [-9316986.3973, 5287648.834004847], [-9316987.139400002, 5287711.92750189]]], [[[-9316852.010999998, 5287651.3878084], [-9316870.501999995, 5287650.886015409], [-9316871.653, 5287713.414148427], [-9316853.2891, 5287713.767675375], [-9316832.230299994, 5287714.17311537], [-9316831.290500002, 5287651.950083614], [-9316852.010999998, 5287651.3878084]]], [[[-9317069.623999996, 5287772.242308006], [-9317050.978099996, 5287772.644858437], [-9317050.313699998, 5287722.100867352], [-9317030.9314, 5287722.519260704], [-9317030.617899999, 5287700.787019113], [-9317050.028699996, 5287700.411571114], [-9317068.293100001, 5287700.0583430985], [-9317088.502900003, 5287699.667550364], [-9317088.858400002, 5287721.268763771], [-9317089.689999998, 5287771.809068096], [-9317069.623999996, 5287772.242308006]]], [[[-9316673.628299998, 5287771.54123256], [-9316615.405399999, 5287772.76482643], [-9316608.694299996, 5287699.0310424585], [-9316617.577999998, 5287698.4679701105], [-9316624.577000001, 5287695.669945898], [-9316687.295399996, 5287759.106709118], [-9316673.628299998, 5287771.54123256]]], [[[-9317088.953199998, 5287850.748610694], [-9317069.8851, 5287850.917502529], [-9317069.1486, 5287798.017591958], [-9317088.298699997, 5287797.70441968], [-9317088.953199998, 5287850.748610694]]], [[[-9316814.573, 5287906.8094413215], [-9316759.7845, 5287907.46876718], [-9316759.345500002, 5287886.654118316], [-9316758.911899997, 5287866.090067418], [-9316758.469499996, 5287845.108719504], [-9316758.0218, 5287823.877073227], [-9316757.600400003, 5287803.895924331], [-9316812.218399994, 5287802.924223372], [-9316812.660800003, 5287822.43954967], [-9316813.138199996, 5287843.503898336], [-9316813.411799997, 5287855.582504239], [-9316813.6138, 5287864.488733681], [-9316814.087299997, 5287885.381600527], [-9316814.573, 5287906.8094413215]]], [[[-9317107.659900002, 5287902.218173926], [-9317089.591599999, 5287902.499959247], [-9317088.953199998, 5287850.748610694], [-9317106.9818, 5287850.588885849], [-9317107.659900002, 5287902.218173926]]], [[[-9317070.6073, 5287902.795993272], [-9317051.623299995, 5287903.092226568], [-9317051.023499997, 5287851.084401535], [-9317069.8851, 5287850.917502529], [-9317070.6073, 5287902.795993272]]], [[[-9317036.0244, 5287979.709838033], [-9317053.012599995, 5287979.470599489], [-9317071.8297, 5287979.2057531485], [-9317090.090200001, 5287978.948579183], [-9317090.369199997, 5287994.853807406], [-9317036.339799998, 5287995.278577892], [-9317036.0244, 5287979.709838033]]]]}, "properties": {"Group": 25, "Chld_Rt": 0.008106673282681, "Med_Income": 35482.42372881356, "Bay_Ld_Est": 1.739969199171802}}, {"type": "Feature", "geometry": {"type": "MultiPolygon", "coordinates": [[[[-9317219.1215, 5281175.509646519], [-9317236.513799997, 5281175.51233681], [-9317237.072999997, 5281217.200307175], [-9317228.251200002, 5281217.117007557], [-9317219.597399998, 5281217.198513634], [-9317219.1215, 5281175.509646519]]], [[[-9317360.0594, 5281216.290189106], [-9317377.3679, 5281216.210077993], [-9317377.261999998, 5281257.904526285], [-9317360.283999998, 5281257.732048257], [-9317360.0594, 5281216.290189106]]], [[[-9317643.776799997, 5281281.017281428], [-9317662.665399998, 5281280.8384263795], [-9317663.5626, 5281322.856709045], [-9317644.587399997, 5281322.703461655], [-9317643.776799997, 5281281.017281428]]], [[[-9317537.105899999, 5281282.52584157], [-9317554.409699995, 5281281.946131997], [-9317554.887200002, 5281323.635500745], [-9317538.162599996, 5281323.876930155], [-9317537.105899999, 5281282.52584157]]], [[[-9317378.4853, 5281325.801490245], [-9317378.093499996, 5281284.277823912], [-9317394.899500001, 5281283.869595991], [-9317411.708799997, 5281283.7939686915], [-9317411.605500001, 5281325.738417685], [-9317395.293099998, 5281325.559662282], [-9317378.4853, 5281325.801490245]]], [[[-9317832.224299999, 5281320.59237417], [-9317832.306000002, 5281337.984857477], [-9317832.3631, 5281361.536132781], [-9317814.391099997, 5281361.8729183525], [-9317800.910799997, 5281362.000857004], [-9317799.939399999, 5281320.981770019], [-9317799.627899997, 5281279.374106721], [-9317813.442499999, 5281279.409578808], [-9317831.999099994, 5281279.316813324], [-9317832.028899997, 5281308.776681278], [-9317832.224299999, 5281320.59237417]]], [[[-9317608.028599998, 5281363.911268179], [-9317588.806099996, 5281364.009912481], [-9317588.421899995, 5281323.401444731], [-9317607.3083, 5281322.973089384], [-9317608.028599998, 5281363.911268179]]], [[[-9317344.785000002, 5281326.119443723], [-9317361.4286, 5281326.12890958], [-9317361.560699996, 5281366.573368811], [-9317345.084999999, 5281366.728907953], [-9317344.785000002, 5281326.119443723]]], [[[-9317189.0635, 5281368.116404728], [-9317188.420399997, 5281326.345229546], [-9317204.647999998, 5281326.358780688], [-9317205.455900002, 5281367.961961646], [-9317189.0635, 5281368.116404728]]], [[[-9316998.1865, 5281370.910927861], [-9316997.786099998, 5281328.305261729], [-9317013.761799995, 5281328.071803577], [-9317014.411200002, 5281370.591977971], [-9316998.1865, 5281370.910927861]]], [[[-9316947.526100002, 5281328.694159376], [-9316947.925499996, 5281371.216725172], [-9316931.116899999, 5281371.374655684], [-9316930.548799999, 5281328.603984547], [-9316947.526100002, 5281328.694159376]]], [[[-9317057.7461, 5281394.818219996], [-9317074.553200003, 5281394.493690217], [-9317074.534100002, 5281436.687543477], [-9317058.057999998, 5281436.842484787], [-9317057.7461, 5281394.818219996]]], [[[-9316990.801399997, 5281683.150550493], [-9316991.342499994, 5281723.010030143], [-9316980.362799998, 5281723.316525018], [-9316977.864099996, 5281723.386472821], [-9316977.487199996, 5281683.2755996045], [-9316990.801399997, 5281683.150550493]]], [[[-9316934.6408, 5281790.955144918], [-9316934.972599996, 5281835.144815063], [-9316919.909, 5281835.11980523], [-9316919.412399998, 5281791.098129372], [-9316934.6408, 5281790.955144918]]], [[[-9316954.677100003, 5281957.136271649], [-9316954.969000002, 5281997.082447156], [-9316938.160699999, 5281997.406977089], [-9316938.364999998, 5281957.123019429], [-9316954.677100003, 5281957.136271649]]], [[[-9316920.3094, 5281957.542208053], [-9316920.185900003, 5281997.575569241], [-9316903.625899995, 5281997.731008807], [-9316903.417299999, 5281957.784036141], [-9316920.3094, 5281957.542208053]]], [[[-9317004.5097, 5282061.451270307], [-9317020.653099997, 5282061.216317409], [-9317020.7042, 5282102.081084277], [-9317005.305000002, 5282101.809563208], [-9316988.994399998, 5282101.962810698], [-9316988.783099998, 5282061.765636881], [-9317004.5097, 5282061.451270307]]], [[[-9316681.502099998, 5281242.39226391], [-9316681.375900002, 5281237.816265116], [-9316725.800699998, 5281236.401666214], [-9316725.928400002, 5281241.14396532], [-9316681.502099998, 5281242.39226391]]], [[[-9316910.224500002, 5281220.191620345], [-9316910.197399996, 5281261.63567171], [-9316893.223399997, 5281261.878097517], [-9316893.1647, 5281220.185143702], [-9316910.224500002, 5281220.191620345]]], [[[-9316876.3581, 5281220.509374506], [-9316876.414799998, 5281262.03582874], [-9316859.191099998, 5281262.280845205], [-9316859.050399996, 5281220.671788834], [-9316876.3581, 5281220.509374506]]], [[[-9316658.874100002, 5281396.129690948], [-9316621.434199996, 5281396.868825688], [-9316621.032299997, 5281381.4778243825], [-9316658.554099998, 5281380.654094689], [-9316658.874100002, 5281396.129690948]]], [[[-9316775.136699997, 5281439.332506065], [-9316775.7655, 5281479.772783913], [-9316764.030999998, 5281479.716287632], [-9316747.473399997, 5281480.038027485], [-9316730.581999999, 5281480.279556572], [-9316684.6482, 5281480.62650552], [-9316684.857999995, 5281467.475426386], [-9316684.737099998, 5281454.577036215], [-9316684.356699996, 5281440.5992383845], [-9316684.137099998, 5281426.037346875], [-9316684.180399995, 5281412.8877629], [-9316683.801299997, 5281399.076564776], [-9316730.231099999, 5281398.391833853], [-9316730.113200001, 5281412.457713611], [-9316730.1546, 5281425.772701164], [-9316730.2864, 5281439.836189846], [-9316747.011299996, 5281439.59605573], [-9316763.571799995, 5281439.607414776], [-9316775.136699997, 5281439.332506065]]], [[[-9316731.1358, 5281574.899076414], [-9316731.535800003, 5281590.95747355], [-9316686.353400001, 5281591.630347328], [-9316686.037400002, 5281575.654353051], [-9316685.9127, 5281562.339762531], [-9316685.865899999, 5281548.441875401], [-9316685.653200002, 5281534.6287826635], [-9316685.363699999, 5281521.482286436], [-9316730.381599998, 5281521.060606946], [-9316730.421600001, 5281534.209494537], [-9316730.715899995, 5281547.855290502], [-9316730.8453, 5281561.669180504], [-9316731.1358, 5281574.899076414]]], [[[-9316660.2479, 5281556.65705317], [-9316660.588499999, 5281616.993394465], [-9316581.875599999, 5281618.280553293], [-9316581.218900003, 5281591.657051042], [-9316581.261399997, 5281588.993056771], [-9316600.398999996, 5281588.700312335], [-9316619.7876, 5281588.486981559], [-9316618.986299997, 5281557.870876387], [-9316660.2479, 5281556.65705317]]], [[[-9316687.798299996, 5281630.399156807], [-9316687.413199997, 5281615.921758504], [-9316729.267099997, 5281615.280072266], [-9316729.405899994, 5281630.092761589], [-9316729.217999998, 5281645.574139973], [-9316687.9417, 5281645.7111459635], [-9316687.798299996, 5281630.399156807]]], [[[-9316853.4187, 5281765.894504008], [-9316853.450800002, 5281725.246466312], [-9316875.848, 5281724.8436188465], [-9316890.992299996, 5281724.618231509], [-9316905.4708, 5281724.399121548], [-9316905.6055, 5281765.344686447], [-9316853.4187, 5281765.894504008]]], [[[-9316745.374399997, 5281726.733106003], [-9316759.521500003, 5281726.683684196], [-9316774.248999998, 5281726.379281767], [-9316773.878300002, 5281766.746930488], [-9316759.3173, 5281767.049838299], [-9316745.5862, 5281767.095274478], [-9316745.374399997, 5281726.733106003]]], [[[-9316689.684699997, 5281858.501401387], [-9316689.569900002, 5281837.363116807], [-9316689.447599996, 5281824.297824727], [-9316688.8096, 5281809.48951738], [-9316688.649100002, 5281792.346627783], [-9316730.1734, 5281791.957630348], [-9316730.336999997, 5281809.433618931], [-9316730.224699998, 5281824.08230181], [-9316730.5989, 5281837.395001843], [-9316730.478800002, 5281886.7491528485], [-9316689.695399998, 5281886.298876344], [-9316689.684699997, 5281858.501401387]]], [[[-9316903.185099995, 5281835.52663836], [-9316906.929799998, 5281835.491465186], [-9316919.909, 5281835.11980523], [-9316918.9695, 5281885.730226627], [-9316902.827099996, 5281886.048279884], [-9316903.185099995, 5281835.52663836]]], [[[-9316887.100999996, 5281886.362148219], [-9316870.039499996, 5281886.272770475], [-9316861.311200002, 5281886.267389865], [-9316860.493499996, 5281835.893615205], [-9316862.242500002, 5281835.827553397], [-9316870.398400001, 5281835.834328972], [-9316876.718799997, 5281835.358943004], [-9316886.542099997, 5281835.682775404], [-9316887.100999996, 5281886.362148219]]], [[[-9316818.884899998, 5281835.984686844], [-9316833.9501, 5281836.1761963405], [-9316837.1122, 5281836.146702687], [-9316836.001000002, 5281886.259119685], [-9316819.1059, 5281886.168048042], [-9316818.884899998, 5281835.984686844]]], [[[-9316689.176299997, 5281910.8555366965], [-9316737.110299997, 5281910.5729555525], [-9316737.312900001, 5281932.210042892], [-9316689.549999997, 5281932.990329571], [-9316689.176299997, 5281910.8555366965]]], [[[-9316870.3424, 5281998.376381945], [-9316853.364499995, 5281998.369407095], [-9316853.155400002, 5281958.338935466], [-9316869.964399997, 5281958.098103779], [-9316870.3424, 5281998.376381945]]]]}, "properties": {"Group": 26, "Chld_Rt": 0.143495347794439, "Med_Income": 29038.475, "Bay_Ld_Est": 9.522871208004958}}, {"type": "Feature", "geometry": {"type": "MultiPolygon", "coordinates": [[[[-9316651.653999995, 5283513.129307803], [-9316673.404199997, 5283517.155396685], [-9316668.020100001, 5283534.611380678], [-9316646.8268, 5283529.5718444865], [-9316651.653999995, 5283513.129307803]]], [[[-9316620.866399998, 5283801.76790706], [-9316620.3166, 5283797.896758884], [-9316620.367999997, 5283791.133832854], [-9316619.349699998, 5283784.896113989], [-9316657.200799996, 5283796.67316877], [-9316652.476100001, 5283810.891624737], [-9316620.866399998, 5283801.76790706]]], [[[-9316620.766399998, 5283938.821067607], [-9316618.799000002, 5283940.036885867], [-9316606.189799996, 5283948.434421629], [-9316558.736399999, 5283978.2022405835], [-9316544.4954, 5283955.165861948], [-9316569.2505, 5283939.798046624], [-9316591.534699999, 5283925.492204176], [-9316577.347199999, 5283901.289131223], [-9316593.824799994, 5283891.127652977], [-9316623.005399998, 5283872.982647394], [-9316636.742999997, 5283895.864880098], [-9316639.2493, 5283899.464905691], [-9316610.574299999, 5283917.846857696], [-9316608.022399995, 5283918.994322273], [-9316620.766399998, 5283938.821067607]]], [[[-9316636.062599996, 5283967.325838277], [-9316650.393899996, 5283957.885161788], [-9316663.549899999, 5283977.534845819], [-9316648.215899996, 5283986.834630214], [-9316636.062599996, 5283967.325838277]]], [[[-9316833.428199999, 5284035.268181024], [-9316818.7835, 5284011.39272531], [-9316761.4176, 5284046.491433914], [-9316747.028, 5284023.363185147], [-9316732.303099995, 5283999.904527567], [-9316789.579599997, 5283963.890917473], [-9316848.517999995, 5283927.533148709], [-9316863.244699996, 5283951.241206161], [-9316877.382699998, 5283974.037848717], [-9316892.447999999, 5283998.576314301], [-9316833.428199999, 5284035.268181024]]], [[[-9316962.725700002, 5284112.978525269], [-9316988.220799997, 5284153.42984697], [-9316997.595199998, 5284148.704675462], [-9317001.753000002, 5284155.982248686], [-9316875.3893, 5284230.414114906], [-9316834.797999999, 5284164.454018332], [-9316834.939799996, 5284164.357466281], [-9316856.018399999, 5284150.004092652], [-9316878.382899994, 5284134.774676233], [-9316878.791399999, 5284135.398727289], [-9316891.840099996, 5284155.32880355], [-9316904.175499998, 5284148.1628281595], [-9316877.2003, 5284105.858484572], [-9316888.7932, 5284098.49332727], [-9316916.0516, 5284141.263691182], [-9316939.017499996, 5284127.623148897], [-9316955.6791, 5284117.27165366], [-9316962.725700002, 5284112.978525269]]], [[[-9316620.922399996, 5284328.018977949], [-9316650.519899998, 5284309.484370233], [-9316676.054300003, 5284351.265007732], [-9316646.131799996, 5284369.762948187], [-9316620.922399996, 5284328.018977949]]], [[[-9316745.7726, 5284405.272386417], [-9316733.113799995, 5284413.417235775], [-9316690.564699998, 5284440.496354324], [-9316661.762399996, 5284395.013056824], [-9316718.026000002, 5284360.423503954], [-9316745.7726, 5284405.272386417]]], [[[-9316744.4108, 5284431.660195969], [-9316789.2731, 5284402.709521913], [-9316795.4208, 5284412.80145479], [-9316802.839299997, 5284424.979470404], [-9316758.0728, 5284453.7224932425], [-9316750.0431, 5284440.755819331], [-9316747.992099997, 5284437.443555272], [-9316744.4108, 5284431.660195969]]], [[[-9316747.521199996, 5284535.011267817], [-9316745.1985, 5284531.173397535], [-9316715.046199994, 5284481.348242825], [-9316758.0728, 5284453.7224932425], [-9316766.381199997, 5284467.139444681], [-9316776.279099999, 5284483.12304727], [-9316789.323899996, 5284504.200295054], [-9316791.691099998, 5284508.010963285], [-9316747.521199996, 5284535.011267817]]], [[[-9316969.696799997, 5284590.766356405], [-9317000.489299998, 5284614.201110852], [-9317031.002399998, 5284596.262949773], [-9317050.891599996, 5284632.258442764], [-9316947.478400001, 5284690.648739936], [-9316956.104599996, 5284624.32413335], [-9316969.696799997, 5284590.766356405]]], [[[-9316866.007299997, 5284682.290457895], [-9316856.872900002, 5284667.711690672], [-9316832.1785, 5284682.587288297], [-9316830.444399998, 5284679.782893577], [-9316823.794099996, 5284668.838729534], [-9316794.841099996, 5284621.831515303], [-9316819.380899996, 5284606.847907581], [-9316843.178699996, 5284592.951582071], [-9316862.601399995, 5284580.672827892], [-9316882.480299996, 5284613.231604398], [-9316910.522700002, 5284597.021018111], [-9316926.040199997, 5284622.445801776], [-9316926.803500002, 5284624.52192064], [-9316914.884299997, 5284708.68405226], [-9316903.939399997, 5284715.168088012], [-9316891.0071, 5284723.163976099], [-9316877.1188, 5284700.530532262], [-9316870.9414, 5284690.389972368], [-9316874.952399999, 5284687.891176439], [-9316872.014200002, 5284684.2481037695], [-9316868.635399995, 5284686.604712047], [-9316865.385699995, 5284688.87144417], [-9316862.348500002, 5284684.660517686], [-9316866.007299997, 5284682.290457895]]], [[[-9316397.8883, 5283720.0829066355], [-9316384.863599997, 5283699.01453963], [-9316429.296599995, 5283671.656840658], [-9316442.548799999, 5283692.642704577], [-9316453.0565, 5283709.28233318], [-9316408.5607, 5283737.047763449], [-9316397.8883, 5283720.0829066355]]], [[[-9316293.266999997, 5284013.42639618], [-9316283.514799993, 5284019.586097336], [-9316263.1911, 5284032.425924155], [-9316255.019799996, 5284022.141786928], [-9316243.7367, 5284007.356670814], [-9316256.049299998, 5284000.382604619], [-9316276.6248, 5283987.619501613], [-9316279.8984, 5283992.535983071], [-9316286.4933, 5284002.440587862], [-9316293.266999997, 5284013.42639618]]], [[[-9316515.954500003, 5284100.029491207], [-9316532.611800002, 5284090.363226733], [-9316546.3432, 5284112.996261354], [-9316530.189400002, 5284122.81647121], [-9316515.954500003, 5284100.029491207]]], [[[-9316440.4939, 5284158.154619948], [-9316451.785299996, 5284176.520035234], [-9316468.641399998, 5284204.1536505455], [-9316452.160699999, 5284214.231931077], [-9316445.112299997, 5284218.657781493], [-9316422.254499998, 5284180.934426814], [-9316414.3867, 5284168.041888473], [-9316420.909999996, 5284164.064721278], [-9316427.3807, 5284160.185501105], [-9316437.9299, 5284153.861491421], [-9316440.4939, 5284158.154619948]]], [[[-9316524.4153, 5284252.698109808], [-9316522.332699997, 5284252.667719325], [-9316488.3216, 5284274.100183263], [-9316440.9283, 5284303.034015129], [-9316421.295099996, 5284270.974048882], [-9316418.834399998, 5284267.289028559], [-9316511.477799999, 5284208.0066652885], [-9316543.009199996, 5284256.97170903], [-9316539.403599998, 5284255.980879687], [-9316536.807000002, 5284255.380642764], [-9316534.035500001, 5284254.451989357], [-9316530.101199996, 5284253.636029822], [-9316527.092699997, 5284253.212755183], [-9316524.4153, 5284252.698109808]]], [[[-9316498.772899998, 5284396.992922192], [-9316547.542999996, 5284366.524418593], [-9316570.7436, 5284352.194657612], [-9316598.811099999, 5284398.279784868], [-9316576.513099998, 5284412.0869296435], [-9316526.914999995, 5284442.743257475], [-9316498.772899998, 5284396.992922192]]], [[[-9316516.729299998, 5284585.815097987], [-9316525.406399999, 5284599.584580482], [-9316526.149099998, 5284601.290632835], [-9316521.663299996, 5284603.96041246], [-9316522.9959, 5284606.307753981], [-9316459.463299997, 5284645.729102528], [-9316448.335600002, 5284627.275299078], [-9316480.4389, 5284607.852188718], [-9316454.7523, 5284566.135313163], [-9316458.461799996, 5284563.729881055], [-9316439.254599998, 5284532.074649876], [-9316454.9268, 5284522.932692838], [-9316471.474099996, 5284512.186317392], [-9316495.176699998, 5284497.927000937], [-9316518.943200001, 5284482.916591249], [-9316546.138499994, 5284527.442342348], [-9316522.448700001, 5284542.2010595305], [-9316498.921100002, 5284556.789191588], [-9316510.221599996, 5284575.48811076], [-9316516.729299998, 5284585.815097987]]], [[[-9316618.106299998, 5284644.870097859], [-9316558.848299999, 5284680.176276071], [-9316555.554999996, 5284675.097177962], [-9316544.001199996, 5284682.469213761], [-9316531.047500001, 5284660.980744861], [-9316515.190499999, 5284636.651313464], [-9316534.204800002, 5284624.676164833], [-9316538.886799999, 5284622.142195778], [-9316540.004499998, 5284623.529397114], [-9316587.057899995, 5284594.269632567], [-9316618.106299998, 5284644.870097859]]], [[[-9316201.533, 5283866.789965818], [-9316159.8469, 5283900.738615268], [-9316148.3418, 5283887.041778401], [-9316194.2019, 5283850.239314501], [-9316201.533, 5283866.789965818]]], [[[-9316223.896000002, 5283931.004039774], [-9316203.0019, 5283904.972257337], [-9316178.8406, 5283924.071125689], [-9316168.2678, 5283911.016573797], [-9316195.756099997, 5283888.502713222], [-9316206.6019, 5283902.466089501], [-9316216.725699997, 5283894.548424586], [-9316214.885299994, 5283890.931360415], [-9316242.182299998, 5283874.001176613], [-9316260.994600002, 5283906.580561058], [-9316223.896000002, 5283931.004039774]]], [[[-9316087.031899996, 5284069.705972103], [-9316056.574499995, 5284093.377862505], [-9316038.252899997, 5284070.277711653], [-9316069.442399995, 5284045.9210893465], [-9316087.031899996, 5284069.705972103]]], [[[-9316129.306600003, 5284098.276907212], [-9316113.358999997, 5284076.86507184], [-9316129.358099997, 5284064.218448307], [-9316143.743599994, 5284053.611275], [-9316165.533399995, 5284082.118937768], [-9316151.15, 5284092.809510762], [-9316135.332299998, 5284106.049595848], [-9316129.306600003, 5284098.276907212]]], [[[-9315940.0762, 5284093.002315913], [-9315989.615099998, 5284053.4420847315], [-9316033.0368, 5284107.547896244], [-9316003.833599998, 5284131.437702015], [-9315984.671199996, 5284147.411934217], [-9315967.567399994, 5284126.362292769], [-9315940.0762, 5284093.002315913]]], [[[-9316199.8779, 5284104.814247825], [-9316211.2663, 5284096.029606087], [-9316227.0887, 5284115.779132411], [-9316242.763699995, 5284136.2817450715], [-9316229.295599999, 5284146.949102171], [-9316216.058099996, 5284156.861280852], [-9316188.5506, 5284122.309099677], [-9316198.278099997, 5284115.763787711], [-9316200.125900002, 5284113.813914682], [-9316201.302699998, 5284110.820701665], [-9316201.357600002, 5284108.668457954], [-9316200.746399999, 5284106.798297657], [-9316199.8779, 5284104.814247825]]], [[[-9316114.2704, 5284165.274063077], [-9316100.610799994, 5284148.71703093], [-9316087.111500002, 5284131.9060143195], [-9316103.261499995, 5284119.02025205], [-9316116.2758, 5284108.638067474], [-9316128.849099997, 5284126.183636616], [-9316141.605999997, 5284143.263185423], [-9316114.2704, 5284165.274063077]]], [[[-9316069.0745, 5284152.847944022], [-9316086.176599996, 5284173.8144853795], [-9316136.936499998, 5284238.142962318], [-9316088.426199999, 5284275.596690341], [-9316037.4484, 5284212.522292151], [-9316020.4381, 5284191.886657657], [-9316037.6563, 5284178.04324594], [-9316069.0745, 5284152.847944022]]], [[[-9315877.702900002, 5284237.224970505], [-9315858.534499997, 5284213.562643005], [-9315850.288200002, 5284220.0169833], [-9315848.364899999, 5284217.5835527275], [-9315885.934899999, 5284187.890359345], [-9315887.663499998, 5284190.008027781], [-9315906.984499997, 5284214.221269496], [-9315877.702900002, 5284237.224970505]]], [[[-9316181.424599996, 5284291.555878537], [-9316148.1492, 5284319.047308692], [-9316137.401099999, 5284305.663738485], [-9316170.682699997, 5284278.422008779], [-9316181.424599996, 5284291.555878537]]], [[[-9316193.372299997, 5284404.66816378], [-9316175.337499995, 5284383.058934673], [-9316200.231999997, 5284363.274529942], [-9316191.418699998, 5284352.083856907], [-9316214.761399996, 5284333.719036975], [-9316241.441499995, 5284366.225097237], [-9316217.707699997, 5284385.813807208], [-9316193.372299997, 5284404.66816378]]], [[[-9315545.851900002, 5284502.359030066], [-9315640.573899997, 5284428.512738035], [-9315655.3125, 5284446.521741515], [-9315778.1479, 5284346.596032975], [-9315970.8133, 5284585.937955286], [-9315862.500899997, 5284672.20828773], [-9315580.093399998, 5284831.923582911], [-9315496.7464, 5284691.966989793], [-9315496.007499997, 5284667.604178087], [-9315495.143, 5284639.095804969], [-9315502.687499998, 5284586.299253359], [-9315507.418399995, 5284567.024210066], [-9315513.587300003, 5284497.513491035], [-9315527.562799996, 5284516.11854759], [-9315545.851900002, 5284502.359030066]]]]}, "properties": {"Group": 27, "Chld_Rt": 0.0243981015312, "Med_Income": 19537.6875, "Bay_Ld_Est": 7.716370590601118}}, {"type": "Feature", "geometry": {"type": "MultiPolygon", "coordinates": [[[[-9320740.9305, 5281491.435828792], [-9320750.181899998, 5281376.840844988], [-9320790.358299997, 5281370.514656784], [-9320783.4838, 5281492.893672045], [-9320740.9305, 5281491.435828792]]], [[[-9320558.618499998, 5281493.7929294715], [-9320547.331699999, 5281495.727752813], [-9320537.290199997, 5281497.475550544], [-9320529.826599998, 5281499.097402417], [-9320511.729399998, 5281406.4289527405], [-9320548.812900001, 5281379.1810065415], [-9320558.883499999, 5281381.312919019], [-9320571.405899998, 5281491.999496301], [-9320558.618499998, 5281493.7929294715]]], [[[-9320613.389599998, 5281489.22290824], [-9320608.158799997, 5281489.498912998], [-9320602.359000001, 5281390.516332248], [-9320631.580800002, 5281396.702326073], [-9320659.806499999, 5281392.405719262], [-9320656.317500003, 5281488.17837465], [-9320613.389599998, 5281489.22290824]]], [[[-9320384.227999998, 5281552.362438656], [-9320350.2367, 5281570.403685787], [-9320305.460299997, 5281499.982012661], [-9320347.910999997, 5281490.20745811], [-9320384.227999998, 5281552.362438656]]], [[[-9320247.548200002, 5281631.696379369], [-9320212.851599997, 5281652.411984642], [-9320168.7588, 5281581.87611879], [-9320203.275899995, 5281561.198178843], [-9320247.548200002, 5281631.696379369]]], [[[-9319988.014900003, 5281922.473049642], [-9319953.8703, 5281941.431594634], [-9319925.046699999, 5281960.05235776], [-9319882.288100002, 5281905.90648061], [-9319903.681899995, 5281890.9875711], [-9319926.499800002, 5281876.627745971], [-9319963.183899995, 5281855.213655537], [-9319988.014900003, 5281922.473049642]]], [[[-9319914.230099998, 5282015.748647291], [-9319969.7851, 5281967.720809363], [-9319988.082299996, 5281997.133463231], [-9319936.790799998, 5282041.262359537], [-9319914.230099998, 5282015.748647291]]], [[[-9320014.1581, 5282306.092663756], [-9319996.136, 5282278.255821698], [-9319960.364299994, 5282264.27990816], [-9319975.8982, 5282222.071779358], [-9320021.122799996, 5282233.893957212], [-9320019.5173, 5282303.00748647], [-9320014.1581, 5282306.092663756]]], [[[-9318791.294499999, 5280008.170197829], [-9318790.951899996, 5279964.9877570635], [-9318791.0463, 5279955.917174882], [-9318879.1533, 5279955.051098837], [-9318880.069699999, 5280007.548340853], [-9318791.294499999, 5280008.170197829]]], [[[-9319692.858600002, 5281880.896753893], [-9319679.255599998, 5281873.629854988], [-9319669.2538, 5281867.7185684135], [-9319658.317499997, 5281860.657427718], [-9319647.190200001, 5281852.101177752], [-9319635.3669, 5281841.725288688], [-9319624.184800003, 5281829.840639663], [-9319600.484800002, 5281800.766369538], [-9319618.0801, 5281787.658730502], [-9319632.022499997, 5281775.110574322], [-9319645.9795, 5281758.400524527], [-9319656.407999996, 5281744.745061187], [-9319680.652499998, 5281710.88594553], [-9319766.5493, 5281817.1737113185], [-9319750.798699997, 5281819.136035991], [-9319718.4086, 5281890.879959094], [-9319692.858600002, 5281880.896753893]]], [[[-9319804.234800002, 5281795.910477947], [-9319856.0276, 5281873.046159528], [-9319829.1809, 5281895.462735775], [-9319784.563699996, 5281839.59945354], [-9319766.5493, 5281817.1737113185], [-9319804.234800002, 5281795.910477947]]], [[[-9319679.714599997, 5282194.49440364], [-9319603.628299996, 5282173.606909409], [-9319614.858999994, 5282102.504557505], [-9319616.492299996, 5282090.4916684255], [-9319694.964999998, 5282109.758305097], [-9319679.714599997, 5282194.49440364]]], [[[-9319859.941299995, 5282140.582373567], [-9319952.556599999, 5282098.850930169], [-9319957.486299999, 5282110.089809909], [-9319962.419999998, 5282131.64967898], [-9319963.8336, 5282146.692046152], [-9319963.437899996, 5282158.018809455], [-9319961.526400002, 5282178.360072783], [-9319958.8227, 5282191.056597952], [-9319953.530499997, 5282208.290763761], [-9319878.144999998, 5282189.558100491], [-9319878.6494, 5282174.733647163], [-9319859.944399998, 5282171.046739618], [-9319868.853199998, 5282156.083686199], [-9319859.941299995, 5282140.582373567]]], [[[-9319774.237199998, 5282227.979181568], [-9319746.575899996, 5282216.19945072], [-9319717.891799996, 5282208.015555961], [-9319725.802999996, 5282167.84827111], [-9319730.104699995, 5282146.05265139], [-9319811.8652, 5282172.838778749], [-9319802.2256, 5282193.973182807], [-9319784.3104, 5282233.140274434], [-9319774.237199998, 5282227.979181568]]]]}, "properties": {"Group": 28, "Chld_Rt": 0.072229919354986, "Med_Income": 101313.25, "Bay_Ld_Est": 11.285837985880619}}, {"type": "Feature", "geometry": {"type": "MultiPolygon", "coordinates": [[[[-9313920.7532, 5287220.483498677], [-9313937.399699997, 5287219.997947344], [-9313938.748299997, 5287262.029176426], [-9313921.943299998, 5287262.851614521], [-9313920.7532, 5287220.483498677]]], [[[-9313835.715799997, 5287265.4342136085], [-9313818.325999998, 5287266.187201816], [-9313817.5345, 5287237.882737047], [-9313834.8638, 5287237.051331276], [-9313835.715799997, 5287265.4342136085]]], [[[-9313924.9767, 5287288.4330863], [-9313941.369599996, 5287287.787212316], [-9313942.812699998, 5287333.731351956], [-9313925.993499994, 5287333.971088585], [-9313924.9767, 5287288.4330863]]], [[[-9314047.373099996, 5287486.5516063385], [-9314030.890600001, 5287486.950071383], [-9314013.4984, 5287487.620257916], [-9314012.087199999, 5287443.007318842], [-9313995.7772, 5287443.651499004], [-9313994.4614, 5287399.536269057], [-9314011.1954, 5287399.215125579], [-9314019.102, 5287398.904842993], [-9314020.583, 5287442.760408027], [-9314029.0669, 5287442.513796132], [-9314045.7118, 5287441.944845064], [-9314047.373099996, 5287486.5516063385]]], [[[-9313929.599900002, 5287445.333840493], [-9313912.538899997, 5287445.912556404], [-9313910.8131, 5287402.057190543], [-9313927.713699996, 5287401.732161068], [-9313929.599900002, 5287445.333840493]]], [[[-9313822.768199997, 5287450.16314903], [-9313805.374299994, 5287450.7498362325], [-9313803.937699998, 5287405.054895022], [-9313820.665900001, 5287404.4843497], [-9313822.768199997, 5287450.16314903]]], [[[-9313827.021299997, 5287545.272043525], [-9313825.957999999, 5287516.723451779], [-9313842.359399999, 5287516.410777774], [-9313843.290500002, 5287544.625870492], [-9313827.021299997, 5287545.272043525]]], [[[-9313809.977099998, 5287517.192662069], [-9313811.169999996, 5287545.901277555], [-9313811.3041, 5287561.807795804], [-9313795.1587, 5287562.364391417], [-9313793.827499995, 5287517.582657628], [-9313809.977099998, 5287517.192662069]]], [[[-9313796.881699996, 5287606.137259797], [-9313781.4811, 5287606.509120671], [-9313779.837299999, 5287562.567659414], [-9313795.1587, 5287562.364391417], [-9313796.881699996, 5287606.137259797]]], [[[-9314002.901899997, 5287669.548311217], [-9313986.165399997, 5287669.786154714], [-9313969.7537, 5287669.683026094], [-9313968.799100002, 5287626.724224043], [-9313985.030099995, 5287626.248736324], [-9314002.339199997, 5287625.580442899], [-9314002.901899997, 5287669.548311217]]], [[[-9313936.708900003, 5287670.647951342], [-9313935.7544, 5287627.689248903], [-9313952.151899997, 5287627.209675892], [-9313952.527799997, 5287670.349127422], [-9313936.708900003, 5287670.647951342]]], [[[-9313918.805000002, 5287670.8305936325], [-9313902.1576, 5287671.316145141], [-9313901.373799998, 5287628.519857794], [-9313917.691999998, 5287628.208778019], [-9313918.805000002, 5287670.8305936325]]], [[[-9313781.145399999, 5287675.404721939], [-9313764.830999997, 5287675.882003217], [-9313763.6036, 5287631.930077291], [-9313780.169399993, 5287631.530117574], [-9313781.145399999, 5287675.404721939]]], [[[-9314020.228199998, 5287710.945338682], [-9314003.408299996, 5287711.185374304], [-9314002.901899997, 5287669.548311217], [-9314019.799000002, 5287669.056681598], [-9314020.228199998, 5287710.945338682]]], [[[-9313936.708900003, 5287670.647951342], [-9313937.235100001, 5287713.11751661], [-9313920.252799999, 5287713.527938668], [-9313918.805000002, 5287670.8305936325], [-9313936.708900003, 5287670.647951342]]], [[[-9313831.2305, 5287680.524784323], [-9313832.437399998, 5287716.065500835], [-9313815.2094, 5287716.648102874], [-9313814.5155, 5287681.013026135], [-9313831.2305, 5287680.524784323]]], [[[-9313919.649699999, 5287740.281399019], [-9313936.881800001, 5287739.864998484], [-9313937.610799996, 5287783.8292835755], [-9313938.540300002, 5287829.205187024], [-9313921.222799998, 5287829.540280366], [-9313920.8007, 5287784.485420852], [-9313919.649699999, 5287740.281399019]]], [[[-9313817.655, 5287786.893449617], [-9313818.2471, 5287832.110824008], [-9313723.289000003, 5287834.835412941], [-9313708.284599999, 5287835.098664996], [-9313688.061399998, 5287835.836508069], [-9313685.975600002, 5287790.821903369], [-9313706.240699999, 5287790.326985547], [-9313722.432799995, 5287789.712299017], [-9313737.5902, 5287789.419054981], [-9313736.103099994, 5287745.228883119], [-9313749.908799998, 5287744.380438365], [-9313752.149299994, 5287788.89145486], [-9313768.711500002, 5287788.325094297], [-9313785.279899996, 5287788.008334942], [-9313801.259299995, 5287787.455924151], [-9313817.655, 5287786.893449617]]], [[[-9313972.079099996, 5287827.978504232], [-9313955.019300003, 5287828.640420707], [-9313953.927199999, 5287783.435103017], [-9313970.986799998, 5287782.773086914], [-9313972.079099996, 5287827.978504232]]], [[[-9313986.907599997, 5287858.644079764], [-9313988.685199996, 5287918.997752781], [-9313876.7869, 5287921.15309169], [-9313874.919599999, 5287860.384612256], [-9313986.907599997, 5287858.644079764]]], [[[-9313772.578200001, 5288037.532131626], [-9313790.226799997, 5288037.065212884], [-9313791.528000003, 5288079.27094021], [-9313791.591599997, 5288083.013464334], [-9313773.775199996, 5288083.424783288], [-9313773.704099998, 5288079.240948193], [-9313772.578200001, 5288037.532131626]]], [[[-9313724.0008, 5288080.33630411], [-9313723.041599998, 5288038.6245979015], [-9313739.191499999, 5288038.183286953], [-9313740.736499997, 5288080.0515295], [-9313740.891099999, 5288084.183850093], [-9313723.946999999, 5288084.574941864], [-9313724.0008, 5288080.33630411]]], [[[-9313638.948999997, 5287219.207693378], [-9313639.572300002, 5287234.685252453], [-9313599.227799999, 5287236.824846924], [-9313598.6717, 5287220.679193906], [-9313638.948999997, 5287219.207693378]]], [[[-9313489.755199999, 5287258.7821701225], [-9313490.248400003, 5287269.939089884], [-9313491.2317, 5287289.989381535], [-9313491.7103, 5287306.386828622], [-9313448.1641, 5287307.020347109], [-9313447.271299995, 5287290.716164134], [-9313446.158799998, 5287268.753061208], [-9313445.763700001, 5287259.267023976], [-9313445.354000002, 5287245.200283699], [-9313444.4533, 5287225.647600659], [-9313488.2472, 5287224.674804083], [-9313489.137599995, 5287244.813277455], [-9313533.1142, 5287241.084904786], [-9313533.941899996, 5287258.140381443], [-9313489.755199999, 5287258.7821701225]]], [[[-9313602.753399998, 5287320.200979232], [-9313601.9761, 5287304.729098682], [-9313642.475899996, 5287303.250124971], [-9313643.356999999, 5287319.054906618], [-9313644.0025, 5287335.448468068], [-9313603.5767, 5287336.589658286], [-9313602.753399998, 5287320.200979232]]], [[[-9313669.106299996, 5287409.309074589], [-9313688.076000001, 5287408.434823003], [-9313689.298399994, 5287431.4783374695], [-9313690.047299996, 5287448.702608769], [-9313690.604199996, 5287454.519959163], [-9313671.0537, 5287455.491560212], [-9313670.734499998, 5287449.168630522], [-9313669.983799998, 5287431.861059202], [-9313669.106299996, 5287409.309074589]]], [[[-9313510.924899999, 5287446.943145007], [-9313510.367999999, 5287430.65599892], [-9313540.751199998, 5287429.98102965], [-9313541.315200001, 5287446.460184268], [-9313541.799999997, 5287463.10773268], [-9313498.257, 5287463.907851265], [-9313497.778299997, 5287447.510003621], [-9313510.924899999, 5287446.943145007]]], [[[-9313610.108699998, 5287494.528679315], [-9313565.649699997, 5287495.351316828], [-9313565.1019, 5287479.538163176], [-9313609.389999997, 5287478.553110569], [-9313610.108699998, 5287494.528679315]]], [[[-9313499.735900002, 5287497.60739227], [-9313499.058499997, 5287479.881526652], [-9313542.427099995, 5287478.7523929], [-9313543.1797, 5287496.143264873], [-9313499.735900002, 5287497.60739227]]], [[[-9313457.5669, 5287513.950736828], [-9313456.941800002, 5287498.3892765455], [-9313499.735900002, 5287497.60739227], [-9313500.4521, 5287513.499860516], [-9313457.5669, 5287513.950736828]]], [[[-9313501.606199998, 5287547.540374906], [-9313500.8658, 5287530.649103104], [-9313544.3238, 5287529.7673783405], [-9313545.058299996, 5287546.409248274], [-9313545.628299998, 5287563.138204807], [-9313502.4238, 5287564.180152603], [-9313501.606199998, 5287547.540374906]]], [[[-9313625.985899996, 5287610.595305887], [-9313624.5915, 5287570.062967757], [-9313639.488499997, 5287569.536961989], [-9313654.381299997, 5287568.844455797], [-9313654.635400001, 5287575.918481275], [-9313655.580799999, 5287594.387771031], [-9313656.045799999, 5287610.203217829], [-9313640.809699995, 5287610.487394487], [-9313625.985899996, 5287610.595305887]]], [[[-9313730.398400001, 5287633.148190753], [-9313732.039899997, 5287677.00655365], [-9313717.310299998, 5287677.641766218], [-9313713.840899998, 5287661.451169531], [-9313712.760200001, 5287633.990358037], [-9313730.398400001, 5287633.148190753]]], [[[-9313618.0776, 5287686.75395277], [-9313573.6972, 5287687.408097161], [-9313573.305499997, 5287671.174256087], [-9313572.591099996, 5287655.364886649], [-9313616.870199995, 5287653.963533028], [-9313617.261699997, 5287670.197274258], [-9313659.045400001, 5287668.939104996], [-9313659.786199998, 5287685.830876812], [-9313624.321500001, 5287686.615750442], [-9313618.0776, 5287686.75395277]]], [[[-9313528.738599999, 5287911.330162776], [-9313518.158799998, 5287911.176715321], [-9313518.335099999, 5287867.614179233], [-9313528.911199996, 5287867.734147237], [-9313528.738599999, 5287911.330162776]]], [[[-9313688.570699997, 5287926.520763437], [-9313687.511799999, 5287864.239331749], [-9313703.579699997, 5287863.882915182], [-9313704.216699999, 5287925.838420462], [-9313688.570699997, 5287926.520763437]]], [[[-9313637.974699998, 5287865.247999634], [-9313639.448099997, 5287927.439256083], [-9313621.383299999, 5287927.912950369], [-9313590.915499996, 5287928.76378662], [-9313590.589799998, 5287904.69894098], [-9313620.648499997, 5287904.271480218], [-9313619.410500001, 5287865.730263045], [-9313637.974699998, 5287865.247999634]]], [[[-9313691.364799999, 5288081.057806159], [-9313673.716000002, 5288081.524525626], [-9313672.673900003, 5288039.814114707], [-9313690.486099998, 5288039.178104849], [-9313691.364799999, 5288081.057806159]]], [[[-9313475.633, 5288074.978595837], [-9313519.852399997, 5288074.644199917], [-9313519.8038, 5288096.300321886], [-9313520.004899995, 5288117.952259282], [-9313475.6994, 5288118.121748996], [-9313475.667699996, 5288096.633322828], [-9313475.633, 5288074.978595837]]], [[[-9313381.755800001, 5287267.973169884], [-9313424.341100002, 5287268.945866849], [-9313426.3663, 5287308.045654636], [-9313383.587299999, 5287309.409941375], [-9313382.327400003, 5287286.024560269], [-9313381.755800001, 5287267.973169884]]], [[[-9313401.394899998, 5287434.395531949], [-9313400.671900002, 5287416.948961389], [-9313431.311700001, 5287416.46042075], [-9313432.2186, 5287433.347705416], [-9313401.394899998, 5287434.395531949]]], [[[-9313433.3672, 5287449.896011061], [-9313434.063299997, 5287464.955877106], [-9313434.793499995, 5287481.4308472425], [-9313392.086899996, 5287482.376940162], [-9313391.348600002, 5287465.568869576], [-9313390.664700001, 5287451.008504714], [-9313402.0651, 5287450.567293609], [-9313433.3672, 5287449.896011061]]], [[[-9313392.721899997, 5287498.354601418], [-9313348.689299999, 5287499.5824796045], [-9313348.062399996, 5287483.9377194755], [-9313392.086899996, 5287482.376940162], [-9313392.721899997, 5287498.354601418]]], [[[-9313328.448599998, 5287534.138736355], [-9313285.743699996, 5287535.167531493], [-9313285.106999997, 5287519.106470104], [-9313327.480799995, 5287518.168946296], [-9313328.448599998, 5287534.138736355]]], [[[-9313437.2664, 5287532.182381507], [-9313437.923499994, 5287549.07584544], [-9313438.649800003, 5287565.384615167], [-9313396.0239, 5287566.24551494], [-9313395.301799996, 5287550.10314597], [-9313394.380900001, 5287532.633058547], [-9313437.2664, 5287532.182381507]]], [[[-9313440.274900002, 5287598.247970008], [-9313410.8269, 5287598.617738432], [-9313409.978300001, 5287581.902233005], [-9313439.532599999, 5287581.273198244], [-9313440.274900002, 5287598.247970008]]], [[[-9313287.702299997, 5287585.348522472], [-9313330.825499997, 5287584.3928639265], [-9313331.712099997, 5287600.4479476325], [-9313288.4262, 5287601.5741919065], [-9313287.702299997, 5287585.348522472]]], [[[-9313272.972899996, 5287689.659190878], [-9313256.829000002, 5287690.297990528], [-9313254.040099997, 5287647.133329105], [-9313270.2692, 5287646.575836677], [-9313272.972899996, 5287689.659190878]]], [[[-9313291.270199997, 5287678.139772865], [-9313290.5301, 5287661.247901515], [-9313334.151199995, 5287660.196985932], [-9313335.055899998, 5287677.001571589], [-9313291.270199997, 5287678.139772865]]], [[[-9313337.333499998, 5287726.592492934], [-9313293.383199995, 5287727.817979925], [-9313292.7383, 5287711.4237160375], [-9313292.089500003, 5287694.862852272], [-9313335.7067, 5287693.645535881], [-9313336.686700001, 5287710.115028651], [-9313337.333499998, 5287726.592492934]]], [[[-9313359.010999998, 5287723.987672933], [-9313399.302499998, 5287723.016669533], [-9313445.8477, 5287722.311209909], [-9313450.922799997, 5287832.643605496], [-9313364.565599998, 5287830.060307787], [-9313359.010999998, 5287723.987672933]]], [[[-9313318.038999999, 5287828.099368994], [-9313317.415199997, 5287809.077366193], [-9313341.307299998, 5287808.546278607], [-9313342.110700002, 5287824.603856129], [-9313342.129699998, 5287828.851660045], [-9313318.038999999, 5287828.099368994]]], [[[-9313301.8957, 5287858.7947372645], [-9313346.140899999, 5287860.043042213], [-9313346.147100002, 5287889.859974377], [-9313346.172799997, 5287911.014698712], [-9313301.775, 5287910.601984864], [-9313301.560299996, 5287902.859663997], [-9313285.235599997, 5287902.803466362], [-9313267.4939, 5287902.687882555], [-9313251.004199997, 5287902.717675275], [-9313251.228299994, 5287856.988740496], [-9313267.228299996, 5287857.550318299], [-9313284.896399997, 5287858.250098447], [-9313301.8957, 5287858.7947372645]]], [[[-9313409.757899998, 5287932.92320913], [-9313409.907, 5287912.265195841], [-9313367.844600001, 5287912.062824551], [-9313368.0694, 5287861.503084729], [-9313409.9876, 5287863.04074775], [-9313429.1545, 5287863.714820473], [-9313453.734699998, 5287864.380124765], [-9313454.0466, 5287912.182194715], [-9313453.900499996, 5287933.006509172], [-9313409.757899998, 5287932.92320913]]], [[[-9313301.605799997, 5287930.094096356], [-9313346.0024, 5287930.423809107], [-9313345.902399998, 5287949.082023649], [-9313301.5821, 5287948.3347146], [-9313301.558, 5287937.091200803], [-9313301.605799997, 5287930.094096356]]], [[[-9313409.383499999, 5287974.6571319215], [-9313409.573400002, 5287951.499717916], [-9313453.964299995, 5287951.495632633], [-9313453.946799995, 5287974.98345689], [-9313409.383499999, 5287974.6571319215]]]]}, "properties": {"Group": 29, "Chld_Rt": 0.105004884079262, "Med_Income": 24235.696202531646, "Bay_Ld_Est": 2.58648159748921}}, {"type": "Feature", "geometry": {"type": "MultiPolygon", "coordinates": [[[[-9317042.3269, 5280266.691640132], [-9317056.053999996, 5280266.418624836], [-9317064.290400002, 5280266.271654917], [-9317070.281000001, 5280266.225322032], [-9317083.759199997, 5280266.037499466], [-9317084.3268, 5280307.056154532], [-9317071.0144, 5280307.159282583], [-9317064.7736, 5280307.124508005], [-9317056.538399994, 5280307.438077044], [-9317042.893700002, 5280307.626995652], [-9317042.3269, 5280266.691640132]]], [[[-9317186.216099994, 5280451.88619604], [-9317171.988900002, 5280452.079897417], [-9317171.078399999, 5280409.815132061], [-9317185.555799998, 5280409.702637796], [-9317186.216099994, 5280451.88619604]]], [[[-9317101.101599999, 5280452.9629127], [-9317100.6086, 5280410.861259031], [-9317114.9196, 5280410.75015972], [-9317129.1462, 5280410.47335806], [-9317129.806999996, 5280452.740215887], [-9317115.578499999, 5280452.767318139], [-9317101.101599999, 5280452.9629127]]], [[[-9317116.990999999, 5280559.768208536], [-9317102.679699996, 5280559.879208212], [-9317102.091299998, 5280516.196752352], [-9317115.154400002, 5280516.09551748], [-9317116.568899998, 5280516.084557003], [-9317130.628599996, 5280515.725850704], [-9317143.857399995, 5280515.539921276], [-9317158.585299997, 5280515.508833399], [-9317159.0908, 5280559.191787432], [-9317144.364200002, 5280559.389374824], [-9317131.3016, 5280559.57390928], [-9317116.990999999, 5280559.768208536]]], [[[-9316954.988700002, 5280560.773981159], [-9316940.3447, 5280560.8873721985], [-9316925.950200003, 5280560.998870076], [-9316925.874599999, 5280518.976626489], [-9316939.770499997, 5280518.952314163], [-9316954.662799994, 5280518.670630086], [-9316969.059199998, 5280518.808831652], [-9316969.716000002, 5280560.6599922525], [-9316954.988700002, 5280560.773981159]]], [[[-9317091.969, 5280584.343775496], [-9317106.945899997, 5280584.227594508], [-9317121.7565, 5280584.112708848], [-9317122.587599998, 5280637.612859442], [-9317107.859399997, 5280637.643947323], [-9317092.966999996, 5280637.925830701], [-9317091.969, 5280584.343775496]]], [[[-9317064.425299995, 5280637.8975327695], [-9317078.6542, 5280637.870430507], [-9317079.493500002, 5280692.452481497], [-9317065.182099996, 5280692.563381533], [-9317064.425299995, 5280637.8975327695]]], [[[-9317035.279900001, 5280742.47448024], [-9317035.005099997, 5280717.761904377], [-9317058.885399995, 5280717.576672401], [-9317059.743999999, 5280763.920736236], [-9317051.258199997, 5280764.153098237], [-9317035.8656, 5280764.355568046], [-9317035.279900001, 5280742.47448024]]], [[[-9317036.620699996, 5280808.121032921], [-9316994.270199997, 5280808.698749464], [-9316993.764699997, 5280764.931391396], [-9317035.8656, 5280764.355568046], [-9317036.620699996, 5280808.121032921]]], [[[-9316969.974800002, 5280809.0533705745], [-9316926.874800002, 5280809.553267769], [-9316926.533300001, 5280786.92138683], [-9316969.714599997, 5280786.171092687], [-9316969.974800002, 5280809.0533705745]]], [[[-9316995.946599996, 5280896.228986207], [-9317037.635099996, 5280896.072450728], [-9317037.9073, 5280909.717841419], [-9317038.356199998, 5280924.693335537], [-9316996.419199998, 5280925.018263754], [-9316995.969099998, 5280909.8763697315], [-9316995.946599996, 5280896.228986207]]], [[[-9316927.939400002, 5280968.654799014], [-9316927.803500002, 5280951.097116422], [-9316971.6538, 5280950.674341067], [-9316971.871700002, 5280968.065125531], [-9316972.145599997, 5280981.960216501], [-9316928.048199996, 5280982.717684893], [-9316927.939400002, 5280968.654799014]]], [[[-9317127.701899998, 5280996.48254568], [-9317112.975099996, 5280996.76323345], [-9317098.414199997, 5280996.959326305], [-9317097.797399998, 5280949.613765772], [-9317112.274300002, 5280949.334971173], [-9317127.0848, 5280949.136785889], [-9317127.701899998, 5280996.48254568]]], [[[-9317172.215999998, 5280995.804191969], [-9317187.358699994, 5280995.520116404], [-9317197.177000001, 5280995.385501862], [-9317201.3372, 5280995.328407754], [-9317201.7799, 5281041.5938650025], [-9317187.717999997, 5281041.786271147], [-9317172.4069, 5281041.82194252], [-9317172.215999998, 5280995.804191969]]], [[[-9316853.2033, 5280998.4018243225], [-9316868.670399996, 5280998.239310389], [-9316897.2931, 5280997.85140925], [-9316897.409500001, 5281045.2013557255], [-9316868.953299996, 5281045.587861907], [-9316853.694799995, 5281045.820323616], [-9316853.2033, 5280998.4018243225]]], [[[-9316789.8592, 5280102.973646457], [-9316817.0672, 5280102.929904242], [-9316817.131999994, 5280143.618743736], [-9316787.679899998, 5280144.012822337], [-9316787.529, 5280102.908481513], [-9316789.8592, 5280102.973646457]]], [[[-9316772.719100002, 5280103.022769284], [-9316773.1209, 5280144.291616765], [-9316758.061600002, 5280144.407897347], [-9316757.743599996, 5280103.221651935], [-9316772.719100002, 5280103.022769284]]], [[[-9316752.1781, 5280201.452047096], [-9316752.742499994, 5280242.2208014615], [-9316674.040799996, 5280243.82650998], [-9316673.806400001, 5280202.639364644], [-9316676.799799997, 5280202.366548639], [-9316676.614200002, 5280167.502996269], [-9316731.443999998, 5280167.08002187], [-9316731.791199999, 5280201.276679618], [-9316752.1781, 5280201.452047096]]], [[[-9316572.813900001, 5280212.51813357], [-9316571.276499996, 5280171.10610036], [-9316586.834999999, 5280170.882706116], [-9316600.307699997, 5280170.461624898], [-9316600.696899999, 5280176.028545793], [-9316646.686000003, 5280174.542705015], [-9316647.356199998, 5280211.231872894], [-9316572.813900001, 5280212.51813357]]], [[[-9316780.8636, 5280414.251232491], [-9316793.7608, 5280414.234791784], [-9316801.2485, 5280414.093800298], [-9316801.833599998, 5280457.526154722], [-9316794.011699997, 5280457.503337017], [-9316781.532999998, 5280457.849289291], [-9316780.8636, 5280414.251232491]]], [[[-9316838.103699997, 5280477.882536747], [-9316853.2462, 5280477.682358725], [-9316853.652999999, 5280519.535311531], [-9316838.676799998, 5280519.734194246], [-9316838.103699997, 5280477.882536747]]], [[[-9316779.031800002, 5280478.75508978], [-9316779.6007, 5280520.107348423], [-9316765.039899997, 5280520.219842713], [-9316749.896, 5280520.253620889], [-9316749.662499998, 5280479.231372011], [-9316779.031800002, 5280478.75508978]]], [[[-9316651.294799998, 5280574.123535262], [-9316651.483199999, 5280591.598710299], [-9316651.567700002, 5280608.244078287], [-9316601.228000002, 5280608.92342819], [-9316600.855300002, 5280600.692413559], [-9316600.827600002, 5280592.952029496], [-9316600.4791, 5280575.730639153], [-9316600.288699996, 5280558.172264406], [-9316651.189499998, 5280556.646467287], [-9316651.294799998, 5280574.123535262]]], [[[-9316746.785599997, 5280645.514063766], [-9316747.0115, 5280696.356302543], [-9316732.3672, 5280696.469195386], [-9316719.471300002, 5280696.7352359295], [-9316678.115999995, 5280696.804585815], [-9316678.003199998, 5280682.159602375], [-9316677.7986, 5280666.433717336], [-9316677.523200002, 5280652.28942848], [-9316677.4128, 5280637.977344926], [-9316677.209599996, 5280622.418059573], [-9316677.105799995, 5280619.755960466], [-9316718.210099999, 5280619.522004245], [-9316718.146799998, 5280622.10229837], [-9316718.347999997, 5280637.412083535], [-9316718.6632, 5280645.897381342], [-9316732.058700003, 5280645.710854041], [-9316746.785599997, 5280645.514063766]]], [[[-9316679.1801, 5280780.843406388], [-9316720.863700002, 5280780.105766605], [-9316721.244299997, 5280797.078954775], [-9316721.4462, 5280812.472340523], [-9316679.509699998, 5280812.795674451], [-9316679.559399996, 5280797.650095023], [-9316679.1801, 5280780.843406388]]], [[[-9316772.3717, 5280952.469567016], [-9316772.897400001, 5280999.062441993], [-9316779.970299998, 5280999.007838908], [-9316780.503600001, 5281046.52099685], [-9316681.570700001, 5281047.700443551], [-9316680.590899998, 5280953.006829518], [-9316772.3717, 5280952.469567016]]], [[[-9316656.169499997, 5281020.829246293], [-9316656.2518, 5281037.392316586], [-9316656.500499997, 5281053.95100291], [-9316612.992299994, 5281054.958669091], [-9316612.9626, 5281047.134683785], [-9316598.561100002, 5281047.07948285], [-9316599.645599999, 5281093.667678125], [-9316584.753199996, 5281093.957732141], [-9316574.6877, 5281094.210221625], [-9316571.8671, 5281094.280866868], [-9316570.694800003, 5281094.310260877], [-9316555.3823, 5281094.44427759], [-9316541.074299999, 5281094.802984034], [-9316539.750799999, 5281048.636966274], [-9316547.401699997, 5281048.361958012], [-9316554.557799997, 5281048.266004041], [-9316569.945099998, 5281047.796995375], [-9316574.356, 5281047.769594179], [-9316583.837199999, 5281047.4487512], [-9316582.800599998, 5281002.774156741], [-9316597.769699998, 5281002.232510035], [-9316612.329299998, 5281001.950626562], [-9316656.001599994, 5281000.8556752], [-9316656.169499997, 5281020.829246293]]], [[[-9316585.954099998, 5281123.0125565035], [-9316600.682299998, 5281122.870568531], [-9316615.325899996, 5281122.646576262], [-9316655.932799997, 5281122.275115803], [-9316656.591899997, 5281138.161128943], [-9316656.443299996, 5281155.640795411], [-9316656.859099993, 5281171.946694816], [-9316656.822999997, 5281175.026688113], [-9316656.9906, 5281191.419673721], [-9316657.118699996, 5281205.233161373], [-9316615.765200002, 5281205.782580127], [-9316601.618099995, 5281205.832599759], [-9316586.8078, 5281206.0590830445], [-9316572.7491, 5281206.440507602], [-9316558.024499994, 5281206.83209552], [-9316543.127299996, 5281206.81017456], [-9316528.649799997, 5281207.031476536], [-9316514.4233, 5281207.332192135], [-9316505.104399998, 5281207.474678322], [-9316504.977999998, 5281166.529230682], [-9316542.0463, 5281165.685672626], [-9316540.941299995, 5281123.700675063], [-9316546.930700002, 5281123.525905301], [-9316556.916300002, 5281123.4564557485], [-9316571.561299998, 5281123.315962383], [-9316585.954099998, 5281123.0125565035]]], [[[-9316381.856, 5280148.302250885], [-9316380.908999998, 5280130.430711483], [-9316422.2628, 5280129.977546007], [-9316422.864699997, 5280147.358255766], [-9316381.856, 5280148.302250885]]], [[[-9316526.8553, 5280172.0531843705], [-9316541.989499995, 5280171.507353104], [-9316556.050799998, 5280171.321423726], [-9316557.257500002, 5280212.824827374], [-9316528.236500002, 5280213.885103147], [-9316526.8553, 5280172.0531843705]]], [[[-9316464.111799996, 5280282.11859847], [-9316456.712900002, 5280282.514669917], [-9316442.491400002, 5280282.953985402], [-9316441.312299997, 5280242.531680183], [-9316462.937800001, 5280241.927559125], [-9316464.111799996, 5280282.11859847]]], [[[-9316435.100899996, 5280522.857828581], [-9316435.929299997, 5280539.3179637315], [-9316395.087199999, 5280540.34107382], [-9316394.346299998, 5280524.045246051], [-9316394.012600001, 5280507.406355776], [-9316393.2653, 5280490.860928636], [-9316392.686499998, 5280474.394716009], [-9316392.103399996, 5280457.761904455], [-9316433.3506, 5280456.31263147], [-9316433.603099996, 5280473.036713819], [-9316433.8639, 5280490.093695753], [-9316434.2783, 5280499.988409374], [-9316434.609099997, 5280506.555823305], [-9316435.100899996, 5280522.857828581]]], [[[-9316541.945799997, 5280644.709066985], [-9316540.806299997, 5280602.530584149], [-9316556.280199999, 5280602.225982705], [-9316570.585300002, 5280601.784176083], [-9316572.1417, 5280643.946616755], [-9316557.9196, 5280644.386330926], [-9316542.445499998, 5280644.690932393], [-9316541.945799997, 5280644.709066985]]], [[[-9316371.944900002, 5280649.878324097], [-9316329.694599995, 5280651.186207224], [-9316329.192599997, 5280634.468001379], [-9316371.523999998, 5280633.074925501], [-9316371.944900002, 5280649.878324097]]], [[[-9316557.429399999, 5280751.026737236], [-9316542.878599998, 5280751.641221156], [-9316528.982900001, 5280751.8230653545], [-9316527.628600001, 5280711.07013784], [-9316526.451199995, 5280670.729026399], [-9316540.425799994, 5280670.378789514], [-9316555.149199996, 5280670.009720563], [-9316556.322499998, 5280710.184531733], [-9316557.429399999, 5280751.026737236]]], [[[-9316444.628099997, 5280780.240381132], [-9316444.132199999, 5280800.313290536], [-9316444.6427, 5280817.3646968985], [-9316403.4603, 5280818.146477513], [-9316403.037300002, 5280801.259577875], [-9316402.531, 5280781.045178719], [-9316444.628099997, 5280780.240381132]]], [[[-9316487.8279, 5280823.441182909], [-9316486.4631, 5280778.942362281], [-9316501.353, 5280778.569307664], [-9316502.547200002, 5280822.905913284], [-9316487.8279, 5280823.441182909]]], [[[-9316587.949, 5280776.4821348265], [-9316604.7541, 5280776.143954437], [-9316605.0114, 5280796.3646308975], [-9316605.3806, 5280814.418322597], [-9316605.419599997, 5280818.104728083], [-9316605.441399997, 5280820.160314898], [-9316605.735400002, 5280831.88971453], [-9316605.9735, 5280848.032199175], [-9316606.038299995, 5280850.611098798], [-9316606.546599995, 5280864.249713451], [-9316590.494199999, 5280864.73516277], [-9316576.020199995, 5280865.098054061], [-9316562.132599998, 5280865.612698084], [-9316547.157299995, 5280865.90464524], [-9316532.1946, 5280866.695991379], [-9316518.712499999, 5280866.784173366], [-9316517.445400001, 5280822.865459183], [-9316523.594800001, 5280822.461715223], [-9316530.750699999, 5280822.365462341], [-9316545.307800002, 5280822.000677886], [-9316554.0379, 5280821.615367471], [-9316552.845499994, 5280777.361961833], [-9316559.4171, 5280777.197355467], [-9316573.059099998, 5280776.8553887345], [-9316587.949, 5280776.4821348265]]], [[[-9316407.576699998, 5280962.548021561], [-9316449.0205, 5280960.10313843], [-9316450.0021, 5280981.4630095465], [-9316408.1641, 5280982.677529705], [-9316407.576699998, 5280962.548021561]]], [[[-9316510.966399996, 5281049.275164824], [-9316495.408699997, 5281049.581759183], [-9316494.794600002, 5281005.146401904], [-9316510.350299995, 5281004.756607595], [-9316510.966399996, 5281049.275164824]]]]}, "properties": {"Group": 30, "Chld_Rt": 0.098187995543394, "Med_Income": 21354.98076923077, "Bay_Ld_Est": 7.173868521978648}}, {"type": "Feature", "geometry": {"type": "MultiPolygon", "coordinates": [[[[-9314457.878899997, 5288662.001607838], [-9314457.995699998, 5288658.1687074015], [-9314457.030699996, 5288622.28340561], [-9314474.431399997, 5288621.807917521], [-9314491.833099999, 5288621.4155302355], [-9314492.563599998, 5288658.469922942], [-9314492.4425, 5288661.969722635], [-9314475.0385, 5288662.195410084], [-9314457.878899997, 5288662.001607838]]], [[[-9314642.239099998, 5288710.498904273], [-9314625.5866, 5288710.881726009], [-9314609.601399994, 5288711.3391790595], [-9314593.613999996, 5288711.63013156], [-9314592.598699996, 5288665.500610395], [-9314592.645199997, 5288662.668008588], [-9314605.137199994, 5288662.589192353], [-9314608.636899997, 5288662.710256486], [-9314622.212399997, 5288662.700591291], [-9314624.297399998, 5288662.923488789], [-9314631.040299999, 5288662.669303924], [-9314640.951000001, 5288662.623767877], [-9314657.445300002, 5288662.909240092], [-9314675.2754, 5288663.427275017], [-9314675.148799999, 5288666.510673882], [-9314676.294399997, 5288709.806497123], [-9314658.642699998, 5288710.202471498], [-9314642.239099998, 5288710.498904273]]], [[[-9314575.196899999, 5288665.893097344], [-9314576.294399997, 5288711.93822236], [-9314559.2267, 5288712.409824469], [-9314558.121699996, 5288665.781598769], [-9314557.746499998, 5288662.538176031], [-9314568.741699997, 5288662.645290391], [-9314575.0705, 5288662.563086345], [-9314575.196899999, 5288665.893097344]]], [[[-9314509.223399997, 5288665.083611721], [-9314508.852599999, 5288662.173190093], [-9314514.6005, 5288662.265258619], [-9314524.847299997, 5288662.465437902], [-9314525.136100002, 5288665.460056413], [-9314526.0861, 5288713.0064763725], [-9314509.768999998, 5288713.551314811], [-9314509.223399997, 5288665.083611721]]], [[[-9314746.798000002, 5288756.9043337125], [-9314747.392399998, 5288778.720590569], [-9314705.5896, 5288779.394564132], [-9314704.914799994, 5288757.912105505], [-9314704.492500002, 5288736.760954452], [-9314746.043899998, 5288735.92237354], [-9314746.798000002, 5288756.9043337125]]], [[[-9314578.459199999, 5288782.457437173], [-9314578.255799998, 5288786.041533733], [-9314579.209499996, 5288827.424846298], [-9314562.555800002, 5288827.724268328], [-9314561.437700002, 5288786.509748058], [-9314561.3881, 5288782.678939721], [-9314561.342699997, 5288779.181232168], [-9314560.137200002, 5288737.634808377], [-9314576.956099996, 5288737.250093432], [-9314577.995199999, 5288778.798609697], [-9314578.459199999, 5288782.457437173]]], [[[-9314528.334399994, 5288828.50166956], [-9314527.633000001, 5288787.2815693505], [-9314527.6687, 5288783.616364807], [-9314527.538999997, 5288780.036552842], [-9314526.665599998, 5288738.402444703], [-9314543.733399997, 5288737.931041864], [-9314544.5236, 5288779.56624604], [-9314544.9853, 5288783.058473321], [-9314544.871699996, 5288787.14127444], [-9314545.2369, 5288828.11575891], [-9314528.334399994, 5288828.50166956]]], [[[-9314644.404299999, 5288781.017919723], [-9314645.571299994, 5288825.979948181], [-9314628.333600001, 5288826.203842115], [-9314627.248799996, 5288781.157417502], [-9314644.404299999, 5288781.017919723]]], [[[-9314477.4288, 5288788.682625265], [-9314477.290300002, 5288784.436611749], [-9314494.777899995, 5288784.209728573], [-9314511.2638, 5288783.8292982085], [-9314511.232399998, 5288787.827603521], [-9314512.014999999, 5288828.880007487], [-9314495.3633, 5288829.345830442], [-9314478.127799999, 5288829.736125316], [-9314477.4288, 5288788.682625265]]], [[[-9314644.752699995, 5288852.727253714], [-9314661.988199996, 5288852.336759547], [-9314663.256999994, 5288892.300285639], [-9314645.9316, 5288892.192174861], [-9314644.752699995, 5288852.727253714]]], [[[-9314530.677899996, 5288855.041322727], [-9314546.498800002, 5288854.75256231], [-9314548.094600001, 5288907.122523967], [-9314548.423299996, 5288926.025471541], [-9314532.512399996, 5288925.8156270115], [-9314530.677899996, 5288855.041322727]]], [[[-9314538.313899998, 5289122.561937769], [-9314554.4684, 5289122.268992355], [-9314555.6471, 5289168.148629357], [-9314539.410100002, 5289168.526070603], [-9314538.313899998, 5289122.561937769]]], [[[-9314506.3502, 5289169.038426175], [-9314488.195799999, 5289169.27397822], [-9314486.772199998, 5289123.730530905], [-9314504.673500001, 5289123.248267028], [-9314506.3502, 5289169.038426175]]], [[[-9314522.5903, 5289168.910984954], [-9314539.410100002, 5289168.526070603], [-9314540.726099998, 5289212.155410038], [-9314523.738399997, 5289212.459116725], [-9314522.5903, 5289168.910984954]]], [[[-9314489.684499998, 5289213.400627409], [-9314473.113399997, 5289213.698953485], [-9314456.958699998, 5289213.99189892], [-9314456.2021, 5289187.763816763], [-9314439.5543, 5289188.562740733], [-9314439.149899999, 5289170.243288808], [-9314437.977499995, 5289124.779853402], [-9314454.298699996, 5289124.484915163], [-9314455.719899997, 5289169.86176225], [-9314471.790399997, 5289169.486712391], [-9314488.195799999, 5289169.27397822], [-9314489.684499998, 5289213.400627409]]], [[[-9314476.9084, 5289358.583795536], [-9314493.562999995, 5289358.284373385], [-9314494.886299998, 5289402.497617311], [-9314478.226100001, 5289402.380538769], [-9314476.9084, 5289358.583795536]]], [[[-9314341.5034, 5288788.695777914], [-9314324.519800002, 5288789.248986265], [-9314323.3317, 5288742.538254828], [-9314340.319499997, 5288742.318147267], [-9314356.888699997, 5288741.936919765], [-9314371.378300002, 5288741.749095972], [-9314372.81, 5288787.957037533], [-9314358.3214, 5288788.227962149], [-9314359.643999996, 5288832.438396705], [-9314342.986999998, 5288832.487818777], [-9314341.5034, 5288788.695777914]]], [[[-9314464.5307, 5288937.275669874], [-9314481.274500001, 5288937.474952452], [-9314482.574700002, 5288979.937385], [-9314466.006199999, 5288980.402012316], [-9314450.018299999, 5288980.692665954], [-9314448.7885, 5288937.230034182], [-9314464.5307, 5288937.275669874]]], [[[-9314466.755299997, 5289006.046491249], [-9314483.243799997, 5289005.832661047], [-9314484.650199998, 5289050.043202657], [-9314468.163800001, 5289050.42353347], [-9314467.2287, 5289023.2820429085], [-9314466.755299997, 5289006.046491249]]], [[[-9314469.685800001, 5289097.131386386], [-9314453.617799997, 5289097.67303647], [-9314452.177999996, 5289050.88078735], [-9314468.163800001, 5289050.42353347], [-9314469.685800001, 5289097.131386386]]], [[[-9314397.8354, 5289054.417256099], [-9314415.071499994, 5289054.027359731], [-9314416.061199998, 5289098.243383244], [-9314399.3281, 5289098.8767033275], [-9314383.423199998, 5289099.166260929], [-9314382.013099996, 5289054.622417527], [-9314397.8354, 5289054.417256099]]], [[[-9314348.3683, 5289099.953726092], [-9314346.8781, 5289055.660779434], [-9314364.3629, 5289055.184494057], [-9314365.770900002, 5289099.561637585], [-9314348.3683, 5289099.953726092]]], [[[-9314352.126299998, 5289216.4337087255], [-9314335.473000001, 5289216.816132054], [-9314319.488, 5289217.356387208], [-9314318.254399998, 5289173.55945094], [-9314334.241399998, 5289173.185796067], [-9314350.894700002, 5289172.80327311], [-9314349.384099996, 5289126.92772123], [-9314366.7856, 5289126.452332592], [-9314368.463999998, 5289172.409092114], [-9314369.530299997, 5289216.124920321], [-9314352.126299998, 5289216.4337087255]]], [[[-9314460.0822, 5289332.813761588], [-9314441.680899996, 5289333.30230295], [-9314440.2402, 5289286.425449862], [-9314458.7257, 5289286.0192122385], [-9314457.38, 5289240.057566276], [-9314473.4504, 5289239.682616032], [-9314474.8785, 5289285.559766159], [-9314476.1539, 5289332.522011812], [-9314460.0822, 5289332.813761588]]], [[[-9314405.2849, 5289288.544621251], [-9314420.1895, 5289288.184816483], [-9314421.2809, 5289333.8166514095], [-9314406.625999996, 5289334.173267681], [-9314405.2849, 5289288.544621251]]], [[[-9314371.895800002, 5289289.393963778], [-9314388.8813, 5289288.923955719], [-9314390.2212, 5289334.469102724], [-9314373.317799997, 5289334.85501354], [-9314371.895800002, 5289289.393963778]]], [[[-9314337.588399997, 5289290.088463717], [-9314336.143900001, 5289242.878810234], [-9314352.7951, 5289242.329686991], [-9314354.409499997, 5289289.787248029], [-9314356.000299998, 5289335.412506693], [-9314339.0135, 5289335.799314264], [-9314337.588399997, 5289290.088463717]]], [[[-9314358.093199998, 5289406.936837369], [-9314341.1876, 5289407.155948635], [-9314324.782599995, 5289407.45178371], [-9314323.528400002, 5289362.071540529], [-9314339.8499, 5289361.776901151], [-9314356.587899996, 5289361.476681862], [-9314358.093199998, 5289406.936837369]]], [[[-9314393.5301, 5289448.375669976], [-9314376.624399994, 5289448.594880876], [-9314375.162199996, 5289406.465633567], [-9314392.1468, 5289405.912424966], [-9314393.5301, 5289448.375669976]]], [[[-9314174.509399999, 5288814.262931434], [-9314174.156700002, 5288793.444780597], [-9314191.3068, 5288792.889579428], [-9314191.915799998, 5288814.204342369], [-9314192.530099997, 5288835.935406901], [-9314175.210200002, 5288836.242800244], [-9314174.509399999, 5288814.262931434]]], [[[-9314245.693899995, 5288908.7105070725], [-9314244.495299997, 5288861.166371686], [-9314259.316099996, 5288860.80796201], [-9314260.847699996, 5288908.347713164], [-9314245.693899995, 5288908.7105070725]]], [[[-9314117.599299997, 5288863.891261701], [-9314118.821799995, 5288894.027069032], [-9314119.231900001, 5288912.845819533], [-9314101.7452, 5288913.155305351], [-9314100.363699999, 5288864.280659823], [-9314117.599299997, 5288863.891261701]]], [[[-9314263.593999999, 5289011.095016428], [-9314281.328500003, 5289010.615442916], [-9314282.516499998, 5289057.327678615], [-9314265.197300002, 5289057.718471766], [-9314249.3759, 5289058.00653474], [-9314248.106900001, 5289011.4621945815], [-9314263.593999999, 5289011.095016428]]], [[[-9314213.551899996, 5289012.242784439], [-9314229.370999997, 5289011.788021595], [-9314230.892899996, 5289058.5790736135], [-9314215.156899998, 5289059.032640772], [-9314213.551899996, 5289012.242784439]]], [[[-9314318.254399998, 5289173.55945094], [-9314301.768699998, 5289174.022783005], [-9314300.588199997, 5289127.893245404], [-9314316.6595, 5289127.601794604], [-9314318.254399998, 5289173.55945094]]], [[[-9314253.707399998, 5289218.874721419], [-9314235.805999998, 5289219.35628784], [-9314234.658100002, 5289175.7247560695], [-9314252.642799996, 5289175.242093607], [-9314253.707399998, 5289218.874721419]]], [[[-9314239.344299998, 5289338.256369441], [-9314223.4392, 5289338.545528523], [-9314222.017800001, 5289293.084578275], [-9314237.838499999, 5289292.713115476], [-9314239.344299998, 5289338.256369441]]], [[[-9314276.622999998, 5289451.223319331], [-9314259.468299996, 5289451.52871999], [-9314242.483799998, 5289452.081828975], [-9314241.352999996, 5289409.781796333], [-9314258.2555, 5289409.312983924], [-9314275.491, 5289408.839886939], [-9314274.232699998, 5289363.126542766], [-9314290.054599997, 5289362.838380086], [-9314306.542799998, 5289362.541448964], [-9314307.882299999, 5289408.087296045], [-9314299.390000002, 5289408.363701069], [-9314291.1442, 5289408.387316061], [-9314292.2762, 5289450.770549159], [-9314276.622999998, 5289451.223319331]]], [[[-9314223.935599996, 5289364.027698835], [-9314239.925, 5289363.820644186], [-9314241.352999996, 5289409.781796333], [-9314225.2, 5289410.240843883], [-9314223.935599996, 5289364.027698835]]]]}, "properties": {"Group": 31, "Chld_Rt": 0.359510970072141, "Med_Income": 40587.34328358209, "Bay_Ld_Est": 7.749097356088763}}, {"type": "Feature", "geometry": {"type": "MultiPolygon", "coordinates": [[[[-9319749.0344, 5282553.665336201], [-9319746.2514, 5282555.385235937], [-9319724.846699998, 5282518.6135988245], [-9319735.6864, 5282512.003628073], [-9319747.246999998, 5282504.954042197], [-9319769.572599996, 5282540.973590233], [-9319764.279499998, 5282544.244498518], [-9319757.341399997, 5282548.532041829], [-9319749.0344, 5282553.665336201]]], [[[-9319601.7894, 5282592.659163358], [-9319623.701599997, 5282579.135914573], [-9319629.629, 5282575.477602781], [-9319639.919799998, 5282569.126598177], [-9319646.103499994, 5282579.443206776], [-9319650.508200001, 5282586.671249721], [-9319656.3915, 5282596.325546108], [-9319640.174199998, 5282606.1888889335], [-9319617.875299996, 5282619.751097558], [-9319601.7894, 5282592.659163358]]], [[[-9319562.849900002, 5282616.774129432], [-9319580.0442, 5282606.585558958], [-9319610.007499997, 5282655.979595551], [-9319592.7613, 5282666.142857658], [-9319562.849900002, 5282616.774129432]]], [[[-9319560.141000003, 5282686.907602359], [-9319529.182899997, 5282636.723512683], [-9319546.144799994, 5282626.672645624], [-9319577.0289, 5282676.224414377], [-9319560.141000003, 5282686.907602359]]], [[[-9319619.116900003, 5282781.440024514], [-9319622.213699995, 5282786.60759624], [-9319573.2365, 5282818.151884603], [-9319564.1639, 5282803.33160901], [-9319554.363199998, 5282787.322020864], [-9319543.1675, 5282769.033249025], [-9319532.0097, 5282750.8068526], [-9319581.761800002, 5282721.013354499], [-9319592.720400002, 5282739.478988075], [-9319603.833000002, 5282757.192931658], [-9319613.569100002, 5282772.182596111], [-9319619.116900003, 5282781.440024514]]], [[[-9319357.817699999, 5282819.908352858], [-9319351.712499999, 5282823.523520866], [-9319344.634799996, 5282828.139281935], [-9319333.5118, 5282835.393531806], [-9319323.899499994, 5282841.35942597], [-9319316.290399997, 5282846.08180277], [-9319301.681099998, 5282855.069802938], [-9319298.078799998, 5282857.286113615], [-9319263.261799997, 5282799.823953487], [-9319281.505999997, 5282788.592939402], [-9319298.800999999, 5282777.946219137], [-9319317.096999995, 5282766.683320168], [-9319322.715500003, 5282763.224688038], [-9319334.432099996, 5282756.011889151], [-9319350.4049, 5282746.179134912], [-9319372.8543, 5282732.359054557], [-9319405.026899999, 5282783.987142559], [-9319383.002100002, 5282798.071969091], [-9319386.0852, 5282802.980175861], [-9319369.930999996, 5282812.735409987], [-9319357.817699999, 5282819.908352858]]], [[[-9319502.517099995, 5282822.041762325], [-9319469.949099997, 5282842.079729412], [-9319459.026899995, 5282824.162417762], [-9319491.4877, 5282804.326123955], [-9319502.517099995, 5282822.041762325]]], [[[-9319640.850999996, 5282816.434276257], [-9319649.9201, 5282831.351701791], [-9319658.465199998, 5282844.779497313], [-9319661.884299994, 5282850.217095909], [-9319591.083099995, 5282847.304495226], [-9319640.850999996, 5282816.434276257]]], [[[-9319513.958099999, 5282839.969735507], [-9319513.116399996, 5282838.642719133], [-9319544.077100001, 5282819.586911594], [-9319550.886599999, 5282830.197861168], [-9319567.931800002, 5282856.759113346], [-9319530.201099996, 5282865.454867063], [-9319519.777300002, 5282849.1441636], [-9319513.958099999, 5282839.969735507]]], [[[-9319228.034599997, 5282821.509381465], [-9319235.634999998, 5282816.830747054], [-9319257.724, 5282853.204427222], [-9319226.1526, 5282872.036441974], [-9319219.2483, 5282867.238537324], [-9319212.905999998, 5282861.18276704], [-9319197.661500001, 5282840.206482089], [-9319228.034599997, 5282821.509381465]]], [[[-9319566.370199999, 5282926.19969696], [-9319599.638299996, 5282906.050330128], [-9319608.415499996, 5282919.913158243], [-9319575.137399998, 5282940.669038991], [-9319566.370199999, 5282926.19969696]]], [[[-9319635.011499995, 5282961.918640335], [-9319600.7104, 5282982.873703748], [-9319591.840499999, 5282968.2350714905], [-9319625.949299997, 5282947.6058338145], [-9319635.011499995, 5282961.918640335]]], [[[-9319386.6782, 5282976.490313882], [-9319395.238500003, 5282990.316175999], [-9319352.3833, 5283016.2203998305], [-9319349.475999996, 5283009.989759179], [-9319344.0022, 5283002.622914205], [-9319386.6782, 5282976.490313882]]], [[[-9319255.853599995, 5283005.335037904], [-9319262.923, 5283019.19836527], [-9319271.1415, 5283035.314771251], [-9319278.955399996, 5283050.638036411], [-9319236.0951, 5283073.463558976], [-9319234.2953, 5283070.030832644], [-9319228.525099996, 5283059.02490486], [-9319223.803899994, 5283050.019964333], [-9319179.248, 5283073.688946547], [-9319169.917499999, 5283055.590185746], [-9319214.246699996, 5283031.790674377], [-9319212.5183, 5283028.49425681], [-9319255.853599995, 5283005.335037904]]], [[[-9319496.9704, 5283024.059143842], [-9319460.3975, 5283047.333747163], [-9319453.381299999, 5283036.050120577], [-9319490.2643, 5283013.15235908], [-9319496.9704, 5283024.059143842]]], [[[-9319253.327699998, 5283106.332379933], [-9319259.203999998, 5283117.5402801065], [-9319263.1744, 5283125.113282625], [-9319217.540300002, 5283147.965012036], [-9319208.0395, 5283129.536239742], [-9319253.327699998, 5283106.332379933]]], [[[-9319335.223699996, 5283201.305643752], [-9319338.380800001, 5283200.097398892], [-9319351.984099995, 5283194.891164854], [-9319353.714699998, 5283194.2287525395], [-9319368.4633, 5283188.583999188], [-9319370.909599999, 5283187.647773839], [-9319385.860999996, 5283181.925499937], [-9319401.851499999, 5283228.198707534], [-9319387.093599997, 5283234.001690717], [-9319369.038499998, 5283240.572705571], [-9319350.9833, 5283247.1437204555], [-9319336.1204, 5283252.324147716], [-9319320.261199998, 5283257.8444499215], [-9319304.9861, 5283263.61046649], [-9319288.212399997, 5283269.30354598], [-9319273.3646, 5283224.98010897], [-9319288.023099996, 5283219.370229778], [-9319301.166599996, 5283214.339961403], [-9319304.031800002, 5283213.243314279], [-9319307.3874, 5283211.9590434395], [-9319320.3117, 5283207.012672678], [-9319322.579900002, 5283206.144601657], [-9319335.223699996, 5283201.305643752]]], [[[-9319233.118499998, 5283242.15898784], [-9319236.493799997, 5283240.861763666], [-9319252.293399995, 5283234.074926747], [-9319267.034899998, 5283276.109215202], [-9319250.944199996, 5283281.781968018], [-9319235.7391, 5283287.142247144], [-9319219.620399999, 5283292.824764798], [-9319204.716199996, 5283253.074841849], [-9319194.582399996, 5283256.969603285], [-9319189.0247, 5283259.105604124], [-9319204.343499996, 5283298.210352752], [-9319188.1421, 5283303.92186595], [-9319173.333700001, 5283265.136167142], [-9319175.306700002, 5283264.377800656], [-9319158.389799997, 5283220.342724416], [-9319177.165299999, 5283212.964917755], [-9319196.902599996, 5283205.2091734195], [-9319213.191299997, 5283249.817582572], [-9319220.842100002, 5283246.8772808295], [-9319233.118499998, 5283242.15898784]]], [[[-9319242.4798, 5283354.312736213], [-9319241.299099999, 5283351.034651743], [-9319257.078699995, 5283345.384317815], [-9319272.5938, 5283339.828842009], [-9319273.583300002, 5283343.338093242], [-9319286.053499997, 5283376.967977903], [-9319270.603300001, 5283382.404980874], [-9319255.6345, 5283387.672295504], [-9319242.4798, 5283354.312736213]]], [[[-9319248.783999996, 5283463.71550968], [-9319233.069799997, 5283469.218275993], [-9319216.746799996, 5283426.686175549], [-9319231.954400001, 5283421.263719938], [-9319248.783999996, 5283463.71550968]]], [[[-9319200.266699996, 5282654.201904019], [-9319213.738099994, 5282658.475697265], [-9319225.552099997, 5282663.192792445], [-9319233.4372, 5282666.892455412], [-9319247.466699999, 5282674.736179355], [-9319268.438799998, 5282689.707807852], [-9319215.201300003, 5282722.21422548], [-9319206.383299999, 5282727.603398135], [-9319173.918899998, 5282747.781558378], [-9319211.9174, 5282795.9370650565], [-9319179.204399997, 5282816.20281065], [-9319171.0069, 5282818.834623448], [-9319165.5926, 5282818.590702742], [-9319159.568099996, 5282816.691847763], [-9319154.847799998, 5282813.106771305], [-9319130.9734, 5282773.459293809], [-9319109.815299995, 5282742.091669684], [-9319105.550699996, 5282735.835223388], [-9319079.586800002, 5282700.717419222], [-9319062.771399999, 5282680.349643255], [-9319152.4568, 5282626.935099491], [-9319156.7732, 5282631.275950898], [-9319164.801499996, 5282638.635818906], [-9319172.2025, 5282643.258853102], [-9319177.8284, 5282646.246482849], [-9319185.377900003, 5282649.785026601], [-9319200.266699996, 5282654.201904019]]], [[[-9319053.249699997, 5282899.602572666], [-9319025.036499996, 5282917.227539189], [-9318996.513799997, 5282935.045709513], [-9318967.243199999, 5282953.330996265], [-9318935.912499998, 5282901.12737613], [-9318921.106299996, 5282875.182501151], [-9318904.168899996, 5282850.414085796], [-9318931.4171, 5282833.195555068], [-9318933.858699996, 5282831.662481497], [-9318964.068499997, 5282883.035492951], [-9318987.1879, 5282868.179744486], [-9318992.2084, 5282864.953773389], [-9319010.562199997, 5282853.160286343], [-9319020.5846, 5282846.720101831], [-9319034.176599998, 5282837.986285443], [-9319048.8803, 5282828.538044477], [-9319056.259400003, 5282823.796536691], [-9319077.171599995, 5282810.358777316], [-9319079.5537, 5282808.828095153], [-9319111.159999996, 5282788.518408083], [-9319142.615799999, 5282843.774320767], [-9319110.790099999, 5282863.656350305], [-9319082.3333, 5282881.433667164], [-9319053.249699997, 5282899.602572666]]], [[[-9319177.884899996, 5282852.434801557], [-9319207.4399, 5282910.3937731385], [-9319187.669599999, 5282922.49485193], [-9319164.4093, 5282936.731831501], [-9319130.753699997, 5282880.984287077], [-9319154.078199996, 5282866.855717313], [-9319177.884899996, 5282852.434801557]]], [[[-9319237.085099999, 5282968.529310847], [-9319193.4536, 5282992.130436165], [-9319195.7213, 5282996.455944115], [-9319150.864100002, 5283018.631807517], [-9319141.621499998, 5283000.703234028], [-9319185.659, 5282977.26312812], [-9319183.9667, 5282974.035363224], [-9319176.031400003, 5282958.89992191], [-9319174.148200002, 5282955.3078702], [-9319218.417800002, 5282931.922368296], [-9319227.9369, 5282950.589478622], [-9319237.085099999, 5282968.529310847]]], [[[-9319055.426800001, 5283128.005656847], [-9319104.338299999, 5283103.044531286], [-9319113.498299997, 5283121.351940673], [-9319064.708899997, 5283146.299913984], [-9319055.426800001, 5283128.005656847]]], [[[-9319172.943999996, 5283114.6569732195], [-9319182.324899996, 5283132.839831718], [-9319191.629999997, 5283150.875421304], [-9319141.037799995, 5283176.39344043], [-9319132.889599998, 5283160.1083407635], [-9319083.875799997, 5283184.076048223], [-9319083.1013, 5283182.549450891], [-9319074.289299998, 5283165.182052335], [-9319123.446099995, 5283141.234273388], [-9319172.943999996, 5283114.6569732195]]], [[[-9319150.811799994, 5283195.928226756], [-9319099.943100002, 5283215.743303042], [-9319092.652, 5283201.37329988], [-9319141.5027, 5283177.322392001], [-9319150.811799994, 5283195.928226756]]], [[[-9319096.936599996, 5283244.490384358], [-9319118.344499994, 5283236.078504857], [-9319138.290799996, 5283228.240656327], [-9319155.222599998, 5283272.0966782365], [-9319158.163199997, 5283270.966551736], [-9319173.023199998, 5283309.2519539995], [-9319156.112199998, 5283315.21356578], [-9319141.561399996, 5283277.3469538195], [-9319135.9889, 5283279.488534592], [-9319126.185300002, 5283283.256353655], [-9319115.872999998, 5283287.219568445], [-9319096.936599996, 5283244.490384358]]], [[[-9319006.3577, 5283289.730816772], [-9319008.7416, 5283285.385977534], [-9319014.021799996, 5283278.60721128], [-9319017.167200001, 5283276.088489903], [-9319020.482700001, 5283274.067972781], [-9319040.488800002, 5283266.355272912], [-9319057.543199997, 5283309.6366673205], [-9319048.146199994, 5283313.248050342], [-9319037.234399997, 5283317.441535219], [-9319032.654399997, 5283319.2015912365], [-9319017.1122, 5283325.174661762], [-9319005.799799997, 5283329.521892524], [-9319006.3577, 5283289.730816772]]], [[[-9319195.543999998, 5283370.873444929], [-9319194.313, 5283367.8588108355], [-9319209.6736, 5283362.358735251], [-9319225.681099996, 5283356.626994698], [-9319226.844299998, 5283359.82955143], [-9319239.7958, 5283393.245806504], [-9319223.844699996, 5283398.85887495], [-9319208.6598, 5283404.202315267], [-9319195.543999998, 5283370.873444929]]], [[[-9319098.546499996, 5283398.287235352], [-9319099.736799994, 5283401.439074976], [-9319100.815699998, 5283404.296077307], [-9319113.285399996, 5283437.762851459], [-9319098.4203, 5283442.993398836], [-9319085.082699997, 5283409.847169199], [-9319083.976399997, 5283406.988672234], [-9319068.0369, 5283412.600843972], [-9319066.599199995, 5283409.493344503], [-9319054.579799997, 5283377.339538644], [-9319070.353499996, 5283371.79053937], [-9319086.3229, 5283366.17258863], [-9319098.546499996, 5283398.287235352]]], [[[-9319216.771599997, 5283474.925605032], [-9319201.6182, 5283480.231779972], [-9319185.044600002, 5283437.99003263], [-9319200.7644, 5283432.384935283], [-9319216.771599997, 5283474.925605032]]], [[[-9318571.784499997, 5282620.3104810035], [-9318583.858999996, 5282643.820129735], [-9318590.5665, 5282657.655852749], [-9318592.1301, 5282659.878839017], [-9318594.869900001, 5282663.773997227], [-9318603.0681, 5282676.846272633], [-9318532.660799995, 5282712.228323578], [-9318527.904899994, 5282702.28576548], [-9318523.4619, 5282690.25941934], [-9318519.683099998, 5282678.060196532], [-9318516.842199996, 5282668.182604507], [-9318513.594300002, 5282650.568103657], [-9318509.833999999, 5282622.887391345], [-9318508.381499996, 5282610.249948911], [-9318503.832299998, 5282595.810801747], [-9318500.095799997, 5282588.022677839], [-9318493.496999996, 5282576.849257968], [-9318487.011099998, 5282568.754539447], [-9318529.649499997, 5282536.552229364], [-9318540.092199998, 5282556.864204236], [-9318549.9182, 5282575.9769028], [-9318554.314099997, 5282584.912490049], [-9318570.4591, 5282617.729883969], [-9318571.784499997, 5282620.3104810035]]], [[[-9318943.817299996, 5282684.983139875], [-9318974.1004, 5282628.19734914], [-9318984.037099997, 5282635.193129639], [-9318991.800799996, 5282641.641882206], [-9319007.087799998, 5282655.125673879], [-9318962.009799998, 5282697.944216359], [-9318950.402800001, 5282689.675026038], [-9318943.817299996, 5282684.983139875]]], [[[-9318480.567700002, 5282652.215465009], [-9318489.0492, 5282651.385257857], [-9318489.7698, 5282657.121578765], [-9318493.238000002, 5282671.654189699], [-9318496.7766, 5282684.854603244], [-9318499.535199998, 5282694.816192592], [-9318503.386699997, 5282705.932718572], [-9318506.721599998, 5282715.223027984], [-9318509.194599997, 5282721.441909585], [-9318457.086799998, 5282746.993299942], [-9318446.803099994, 5282733.441353002], [-9318441.8607, 5282712.679995334], [-9318440.370699996, 5282687.391159174], [-9318480.567700002, 5282652.215465009]]], [[[-9318555.566799998, 5282748.8818918215], [-9318547.551599996, 5282737.555521921], [-9318604.8915, 5282702.131920087], [-9318604.990799999, 5282720.23555835], [-9318605.003299996, 5282722.523111975], [-9318606.776499994, 5282725.169671427], [-9318565.335299999, 5282760.774321271], [-9318555.566799998, 5282748.8818918215]]], [[[-9318632.3596, 5282763.212631497], [-9318616.6528, 5282800.485568493], [-9318597.237999998, 5282789.517905061], [-9318588.103900002, 5282783.0295943655], [-9318619.102399994, 5282743.363285684], [-9318632.3596, 5282763.212631497]]], [[[-9318820.711199997, 5282806.604012578], [-9318849.9667, 5282854.266598322], [-9318828.534600003, 5282867.290450192], [-9318799.606599998, 5282819.041876345], [-9318802.428599995, 5282817.378871168], [-9318820.711199997, 5282806.604012578]]], [[[-9318744.480200002, 5282903.055326362], [-9318732.860999998, 5282897.83962765], [-9318739.406499997, 5282859.98807364], [-9318740.998399997, 5282852.398333025], [-9318750.524499996, 5282847.645864657], [-9318781.0416, 5282896.711892852], [-9318758.207999995, 5282911.163996676], [-9318744.480200002, 5282903.055326362]]], [[[-9318877.579899997, 5282936.462103803], [-9318879.0047, 5282935.6889906535], [-9318911.181600003, 5282988.259788619], [-9318882.479999999, 5283007.191745077], [-9318849.166900001, 5282953.07481969], [-9318867.537299998, 5282941.911460405], [-9318877.579899997, 5282936.462103803]]], [[[-9318798.490599994, 5283058.522216853], [-9318768.5359, 5283076.871773686], [-9318734.110099996, 5283097.678174831], [-9318701.9793, 5283045.296988951], [-9318693.782199997, 5283032.390611806], [-9318687.6846, 5283021.46180635], [-9318685.298599996, 5283015.658026991], [-9318681.803400002, 5283007.035010057], [-9318678.546699997, 5282997.244202702], [-9318674.841999996, 5282984.128381032], [-9318672.052999996, 5282971.003791109], [-9318670.525799995, 5282959.282243758], [-9318669.941900002, 5282950.46462868], [-9318706.813799996, 5282950.444401591], [-9318725.3216, 5282979.649426253], [-9318737.060600001, 5282997.349622692], [-9318749.983899998, 5283017.035960005], [-9318768.273799997, 5283006.123196849], [-9318798.490599994, 5283058.522216853]]], [[[-9318897.053700002, 5283025.363840861], [-9318921.363900002, 5283008.649490412], [-9318922.7647, 5283007.831738118], [-9318955.272899998, 5283061.2093308205], [-9318956.3842, 5283063.034252658], [-9318940.165400002, 5283072.533611084], [-9318927.6018, 5283079.892086632], [-9318897.053700002, 5283025.363840861]]], [[[-9318581.492899997, 5283118.6170986295], [-9318571.941399999, 5283094.652979449], [-9318640.315099997, 5283037.813563999], [-9318670.356899995, 5283063.329289161], [-9318641.9792, 5283081.247301602], [-9318626.597099997, 5283090.644528301], [-9318611.5272, 5283099.851042524], [-9318581.492899997, 5283118.6170986295]]], [[[-9318850.335600002, 5283135.601975383], [-9318813.092099996, 5283079.607512403], [-9318844.617800001, 5283060.160611069], [-9318874.487499997, 5283119.721617293], [-9318850.335600002, 5283135.601975383]]], [[[-9318970.8645, 5283132.80077251], [-9318961.535399996, 5283114.521162763], [-9319008.052199999, 5283090.86393742], [-9319017.327799998, 5283108.983722943], [-9318970.8645, 5283132.80077251]]], [[[-9318990.389400002, 5283171.058171621], [-9319036.373699997, 5283146.189312656], [-9319045.9425, 5283164.881934122], [-9318999.4637, 5283188.8385815425], [-9318990.389400002, 5283171.058171621]]], [[[-9318728.7887, 5283211.182243428], [-9318691.7795, 5283153.519988812], [-9318727.614999996, 5283132.117535287], [-9318753.935799995, 5283194.876318378], [-9318728.7887, 5283211.182243428]]], [[[-9318865.6568, 5283248.991759235], [-9318867.389800001, 5283253.930557443], [-9318815.004199997, 5283274.044557194], [-9318808.149899997, 5283257.861089942], [-9318859.794100001, 5283236.382309809], [-9318865.6568, 5283248.991759235]]]]}, "properties": {"Group": 32, "Chld_Rt": 0.033497802175519, "Med_Income": 48722.25301204819, "Bay_Ld_Est": 9.66735837400396}}, {"type": "Feature", "geometry": {"type": "MultiPolygon", "coordinates": [[[[-9317886.0078, 5292681.517319888], [-9317885.458199998, 5292629.734194427], [-9317886.259099996, 5292629.731205187], [-9317903.8417, 5292629.60715143], [-9317911.040199999, 5292629.519068278], [-9317911.840600003, 5292629.512491942], [-9317920.549099999, 5292629.446927794], [-9317936.747000001, 5292629.304241062], [-9317937.464399999, 5292680.963910613], [-9317919.464499995, 5292681.238921341], [-9317911.881399998, 5292681.304286217], [-9317903.715199996, 5292681.364967932], [-9317886.0078, 5292681.517319888]]], [[[-9318021.873000002, 5292701.916839209], [-9318038.871999998, 5292701.800358206], [-9318038.941399997, 5292746.004150418], [-9318022.357699996, 5292746.290420662], [-9318021.873000002, 5292701.916839209]]], [[[-9318072.770999994, 5292788.431733352], [-9318072.8166, 5292745.478640753], [-9318089.024399996, 5292745.314032867], [-9318089.2286, 5292788.310967763], [-9318072.770999994, 5292788.431733352]]], [[[-9317939.777199997, 5292789.469799337], [-9317939.024499994, 5292747.468582658], [-9317955.4415, 5292747.180917437], [-9317955.525499994, 5292789.468603625], [-9317939.777199997, 5292789.469799337]]], [[[-9317835.451699998, 5292747.6114686765], [-9317851.6594, 5292747.447558287], [-9317851.987500003, 5292790.445290384], [-9317835.8211, 5292790.6096989885], [-9317835.451699998, 5292747.6114686765]]], [[[-9317786.220099999, 5292856.961925037], [-9317769.094699997, 5292857.2435121555], [-9317768.862099996, 5292812.746371335], [-9317785.320099996, 5292812.584453764], [-9317802.1943, 5292812.467374915], [-9317802.552899994, 5292856.840661226], [-9317786.220099999, 5292856.961925037]]], [[[-9318022.874299996, 5292855.532865433], [-9318039.623699998, 5292855.372841057], [-9318056.499399997, 5292855.088663258], [-9318056.582499998, 5292897.543451897], [-9318039.708299998, 5292897.660929349], [-9318022.8346, 5292897.695106407], [-9318022.874299996, 5292855.532865433]]], [[[-9317803.496000001, 5292964.504593179], [-9317803.130799998, 5292920.96410759], [-9317819.880099997, 5292920.84603232], [-9317820.078699995, 5292964.385222556], [-9317803.496000001, 5292964.504593179]]], [[[-9318057.360599998, 5293005.373190848], [-9318057.3201, 5292962.793248842], [-9318073.195900002, 5292962.501199328], [-9318073.2762, 5293005.331540668], [-9318057.360599998, 5293005.373190848]]], [[[-9317873.2738, 5292965.470817709], [-9317889.483, 5292965.181757448], [-9317906.733699998, 5292964.9008677965], [-9317922.6512, 5292964.609515784], [-9317922.7394, 5293006.356553772], [-9317906.0761, 5293006.531922965], [-9317889.280299999, 5293006.801553122], [-9317873.656700002, 5293006.803545964], [-9317873.2738, 5292965.470817709]]], [[[-9318339.908199996, 5293071.123991165], [-9318340.004299995, 5293026.878338412], [-9318357.004100002, 5293026.7196093565], [-9318356.656799996, 5293071.129969659], [-9318339.908199996, 5293071.123991165]]], [[[-9318271.965000002, 5293027.304007321], [-9318272.325699998, 5293071.678397033], [-9318256.700699994, 5293071.847688114], [-9318256.506600002, 5293027.474693371], [-9318271.965000002, 5293027.304007321]]], [[[-9317838.457300002, 5293072.848986553], [-9317821.4573, 5293073.00671922], [-9317820.965, 5293029.714636479], [-9317837.8399, 5293029.555907412], [-9317838.457300002, 5293072.848986553]]], [[[-9317787.9248, 5293029.870974147], [-9317804.383099997, 5293029.709156194], [-9317804.872899998, 5293073.292690608], [-9317787.831700003, 5293073.408374512], [-9317771.123399997, 5293073.568398923], [-9317771.174999997, 5293030.030599995], [-9317787.9248, 5293029.870974147]]], [[[-9318279.755899996, 5293181.645064392], [-9318272.965000002, 5293181.591955422], [-9318272.529399997, 5293136.13336163], [-9318290.195999999, 5293135.9800131945], [-9318289.838899998, 5293181.5991296135], [-9318279.755899996, 5293181.645064392]]], [[[-9317975.218299998, 5293239.6636843905], [-9317957.384900002, 5293239.815239291], [-9317957.409599997, 5293183.69399481], [-9317974.868999997, 5293183.41459973], [-9317975.218299998, 5293239.6636843905]]], [[[-9317772.005299997, 5293241.813751136], [-9317771.498299997, 5293184.563367839], [-9317788.2055, 5293184.570143487], [-9317788.588900002, 5293241.652730287], [-9317772.005299997, 5293241.813751136]]], [[[-9318363.4774, 5293259.170423604], [-9318363.650499998, 5293306.294232433], [-9318347.484299997, 5293306.334487652], [-9318346.893800002, 5293259.332440865], [-9318363.4774, 5293259.170423604]]], [[[-9317791.4833, 5293418.916867229], [-9317809.192200001, 5293418.764714465], [-9317809.373300001, 5293464.514371353], [-9317791.664299997, 5293464.666524129], [-9317775.372, 5293464.8296374725], [-9317774.9006, 5293418.910988377], [-9317791.4833, 5293418.916867229]]], [[[-9318232.743699996, 5293567.7990040295], [-9318232.408400001, 5293525.505911831], [-9318250.907800002, 5293525.52584017], [-9318267.241899999, 5293525.362029308], [-9318281.491600001, 5293525.348677342], [-9318281.286499998, 5293567.512534322], [-9318267.161699997, 5293567.526982353], [-9318250.994199997, 5293567.691988915], [-9318232.743699996, 5293567.7990040295]]], [[[-9318219.840600003, 5293960.329328167], [-9318209.0495, 5293960.244732384], [-9318203.258200001, 5293960.1993954275], [-9318203.156499997, 5293919.989698047], [-9318219.7413, 5293919.827979623], [-9318219.840600003, 5293960.329328167]]], [[[-9317837.192099994, 5294029.284553445], [-9317862.527799997, 5294029.067334585], [-9317863.416999998, 5294159.57830497], [-9317828.163300002, 5294159.884105286], [-9317810.453399997, 5294159.994607922], [-9317756.114699999, 5294160.399651372], [-9317756.152100002, 5294139.815871673], [-9317758.778399998, 5294139.669896608], [-9317782.9893, 5294139.444108555], [-9317815.214199996, 5294138.966426321], [-9317814.511699997, 5294083.857303146], [-9317837.058200002, 5294083.326611569], [-9317837.192099994, 5294029.284553445]]], [[[-9317718.185599994, 5292631.159367753], [-9317735.049799994, 5292631.007713291], [-9317735.060499996, 5292682.411104779], [-9317718.062699996, 5292682.401937755], [-9317717.384699998, 5292631.160962024], [-9317718.185599994, 5292631.159367753]]], [[[-9317668.938, 5292631.601975596], [-9317683.9287, 5292631.438463786], [-9317684.898700003, 5292682.5568804005], [-9317668.7327, 5292682.720890424], [-9317668.1372, 5292631.6048652055], [-9317668.938, 5292631.601975596]]], [[[-9317702.456399996, 5292748.896147531], [-9317702.682399996, 5292704.402996074], [-9317718.431899996, 5292704.235598243], [-9317718.663899995, 5292748.77398694], [-9317702.456399996, 5292748.896147531]]], [[[-9317565.826300003, 5292749.172951816], [-9317565.4655, 5292705.216768795], [-9317580.380500002, 5292705.209594606], [-9317580.325700002, 5292749.037538916], [-9317565.826300003, 5292749.172951816]]], [[[-9317651.4578, 5292749.451848587], [-9317633.916899998, 5292749.604698769], [-9317633.686399996, 5292704.941558774], [-9317651.393399999, 5292704.8313552], [-9317651.4578, 5292749.451848587]]], [[[-9317499.035099996, 5292750.061156819], [-9317498.4302, 5292705.394828292], [-9317514.1784, 5292705.394429719], [-9317514.7855, 5292749.76910736], [-9317499.035099996, 5292750.061156819]]], [[[-9317752.029699998, 5292812.863649473], [-9317752.636699997, 5292857.405429723], [-9317735.4709, 5292857.5200175475], [-9317735.821799997, 5292813.027360592], [-9317752.029699998, 5292812.863649473]]], [[[-9317601.679999998, 5292859.130325199], [-9317601.452799996, 5292814.049782855], [-9317618.0357, 5292813.889160626], [-9317618.387899995, 5292858.970599736], [-9317601.679999998, 5292859.130325199]]], [[[-9317687.154499998, 5293009.083146393], [-9317687.079499995, 5292965.794652882], [-9317703.663599994, 5292965.508880797], [-9317703.737699997, 5293008.922324853], [-9317687.154499998, 5293009.083146393]]], [[[-9317550.2716, 5292967.06966671], [-9317550.471299997, 5293010.317606133], [-9317533.762999998, 5293010.477032668], [-9317533.1042, 5292967.350556349], [-9317550.2716, 5292967.06966671]]], [[[-9317737.247899998, 5293073.967862099], [-9317721.331099996, 5293074.13386501], [-9317721.010299994, 5293030.301525496], [-9317737.1766, 5293030.179165613], [-9317737.247899998, 5293073.967862099]]], [[[-9317550.303999996, 5293031.481182368], [-9317550.788599996, 5293075.56481804], [-9317534.079300001, 5293075.849294809], [-9317533.7207, 5293031.641704982], [-9317550.303999996, 5293031.481182368]]], [[[-9317500.037899999, 5293076.163265495], [-9317499.972200003, 5293031.791366665], [-9317517.138599997, 5293031.635527203], [-9317517.745899998, 5293076.011710614], [-9317500.037899999, 5293076.163265495]]], [[[-9317722.001399996, 5293184.589673225], [-9317705.127499998, 5293184.581602259], [-9317704.8163, 5293139.540407063], [-9317721.649700003, 5293139.381677979], [-9317722.001399996, 5293184.589673225]]], [[[-9317640.651400002, 5293419.518403739], [-9317640.464399997, 5293374.602150991], [-9317656.088999996, 5293374.558906512], [-9317656.8173, 5293419.521094063], [-9317640.651400002, 5293419.518403739]]], [[[-9317708.745999997, 5293465.262580367], [-9317691.161999995, 5293465.415330988], [-9317691.108799996, 5293419.37511908], [-9317673.401299996, 5293419.3604717655], [-9317673.755799998, 5293374.448403959], [-9317690.797799999, 5293374.291368753], [-9317708.215000002, 5293374.1371235205], [-9317708.109199997, 5293419.217585674], [-9317708.745999997, 5293465.262580367]]], [[[-9317505.102099994, 5293468.223032862], [-9317486.435900003, 5293468.241964774], [-9317486.691699998, 5293420.120936667], [-9317504.818099998, 5293419.847719316], [-9317505.102099994, 5293468.223032862]]], [[[-9317708.8854, 5293486.864387919], [-9317709.381699996, 5293529.575276249], [-9317691.963399995, 5293529.854671389], [-9317675.1296, 5293529.971650668], [-9317674.343699997, 5293487.008569367], [-9317691.218500001, 5293486.974990141], [-9317708.8854, 5293486.864387919]]], [[[-9317624.2526, 5293530.403298228], [-9317624.177599996, 5293487.153946522], [-9317640.885600002, 5293487.119370868], [-9317641.086399997, 5293530.286219315], [-9317624.2526, 5293530.403298228]]], [[[-9317586.4453, 5293529.864336628], [-9317571.236399999, 5293529.994070028], [-9317555.360599998, 5293530.160272278], [-9317554.736599995, 5293487.8649892], [-9317570.9041, 5293487.701078707], [-9317586.528499994, 5293487.699683738], [-9317586.4453, 5293529.864336628]]], [[[-9317505.236099996, 5293488.14009975], [-9317505.5678, 5293530.474840924], [-9317487.484199997, 5293530.581656755], [-9317487.110499999, 5293488.288266864], [-9317505.236099996, 5293488.14009975]]], [[[-9317488.841099996, 5293638.173105469], [-9317488.350399999, 5293594.878612488], [-9317505.767799998, 5293594.724765801], [-9317506.133700002, 5293638.018361996], [-9317488.841099996, 5293638.173105469]]], [[[-9317742.8988, 5293680.5032680165], [-9317726.022799995, 5293680.661797879], [-9317725.947299998, 5293637.411843308], [-9317742.698300002, 5293637.252416673], [-9317742.8988, 5293680.5032680165]]], [[[-9317612.912699996, 5293858.268363509], [-9317612.716400001, 5293814.558357481], [-9317627.384499997, 5293814.382489954], [-9317627.580899999, 5293858.092495978], [-9317612.912699996, 5293858.268363509]]], [[[-9317331.606099995, 5292651.537961541], [-9317347.813699994, 5292651.374848294], [-9317362.855899997, 5292651.077617504], [-9317363.0073, 5292684.532972041], [-9317347.674499998, 5292684.702960558], [-9317331.9264, 5292684.703060194], [-9317331.606099995, 5292651.537961541]]], [[[-9317380.8298, 5292751.333181183], [-9317381.1936, 5292705.424720757], [-9317397.525, 5292705.42920463], [-9317414.106699998, 5292705.393831882], [-9317430.813099999, 5292705.401205349], [-9317432.896, 5292705.4176462125], [-9317433.370299999, 5292750.749580475], [-9317431.287300002, 5292750.73313961], [-9317414.287999999, 5292750.889975463], [-9317397.8303, 5292751.051295174], [-9317380.8298, 5292751.333181183]]], [[[-9317480.863500003, 5292793.03756571], [-9317480.911300002, 5292750.167673679], [-9317499.035099996, 5292750.061156819], [-9317498.8201, 5292793.013053881], [-9317480.863500003, 5292793.03756571]]], [[[-9317296.292800002, 5292814.947553495], [-9317296.6471, 5292859.5708406465], [-9317279.480799997, 5292859.726281506], [-9317279.419599999, 5292814.938685392], [-9317296.292800002, 5292814.947553495]]], [[[-9317398.451299997, 5292814.632686097], [-9317415.324500002, 5292814.641354922], [-9317415.215400001, 5292859.969008409], [-9317415.3023, 5292901.590793553], [-9317398.845500002, 5292901.585313263], [-9317399.174, 5292860.133715955], [-9317398.451299997, 5292814.632686097]]], [[[-9317263.647699999, 5292901.88822368], [-9317263.315799998, 5292859.7229933385], [-9317279.480799997, 5292859.726281506], [-9317279.980399998, 5292901.767856653], [-9317263.647699999, 5292901.88822368]]], [[[-9317449.898599997, 5292967.942028848], [-9317432.482599998, 5292968.054025994], [-9317432.427299995, 5292922.432724979], [-9317449.4256, 5292922.442390214], [-9317449.898599997, 5292967.942028848]]], [[[-9317399.228299996, 5293032.076939478], [-9317399.704299998, 5293077.160478644], [-9317383.2462, 5293077.280048562], [-9317383.0212, 5293032.073452028], [-9317399.228299996, 5293032.076939478]]], [[[-9317334.500699999, 5293119.223683045], [-9317334.0369, 5293077.889755514], [-9317348.537099997, 5293077.7131906], [-9317349.041799998, 5293119.172367619], [-9317334.500699999, 5293119.223683045]]], [[[-9317383.7567, 5293186.359706775], [-9317366.339999998, 5293186.513154868], [-9317366.409, 5293141.01689637], [-9317383.8254, 5293140.90489921], [-9317383.7567, 5293186.359706775]]], [[[-9317350.297999997, 5293186.677762802], [-9317350.795199998, 5293244.844749391], [-9317335.169799997, 5293245.012545867], [-9317334.673100002, 5293186.803809441], [-9317350.297999997, 5293186.677762802]]], [[[-9317281.7957, 5293245.297421237], [-9317281.886899998, 5293186.551716162], [-9317298.3028, 5293186.515346976], [-9317298.837599996, 5293245.140983914], [-9317281.7957, 5293245.297421237]]], [[[-9317483.9895, 5293308.812973267], [-9317468.197199998, 5293308.979574062], [-9317467.591500001, 5293264.435586203], [-9317483.633299999, 5293264.312528804], [-9317483.9895, 5293308.812973267]]], [[[-9317298.677599996, 5293265.305258216], [-9317314.8443, 5293265.183496164], [-9317314.747999996, 5293308.846951071], [-9317298.747499999, 5293309.011658657], [-9317290.830799995, 5293309.073835026], [-9317282.538699998, 5293309.174771987], [-9317282.0532, 5293265.339933506], [-9317298.677599996, 5293265.305258216]]], [[[-9317434.124899996, 5293355.165856674], [-9317417.542399999, 5293355.15957925], [-9317417.613199996, 5293309.412317612], [-9317434.071799997, 5293309.251097474], [-9317434.124899996, 5293355.165856674]]], [[[-9317436.583299996, 5293376.184260693], [-9317436.897699997, 5293420.684908271], [-9317420.0637, 5293420.843338467], [-9317419.582799999, 5293376.341395536], [-9317436.583299996, 5293376.184260693]]], [[[-9317470.3577, 5293420.283352516], [-9317470.975799998, 5293468.536306153], [-9317453.684799999, 5293468.524349155], [-9317453.524300002, 5293420.3999332255], [-9317470.3577, 5293420.283352516]]], [[[-9317455.995700002, 5293681.87094928], [-9317439.285199996, 5293682.15532654], [-9317438.212499999, 5293638.730700105], [-9317455.796699997, 5293638.578348037], [-9317455.995700002, 5293681.87094928]]], [[[-9317472.574899996, 5293703.4185553845], [-9317472.634699998, 5293748.502117854], [-9317457.0088, 5293748.628363826], [-9317456.366699997, 5293703.415366856], [-9317472.574899996, 5293703.4185553845]]], [[[-9317372.7953, 5293749.336317765], [-9317372.322199995, 5293703.87461522], [-9317389.739900002, 5293703.720967793], [-9317389.921199996, 5293749.222028792], [-9317372.7953, 5293749.336317765]]], [[[-9317246.007599998, 5292793.800620923], [-9317229.5511, 5292793.795040996], [-9317229.1844, 5292750.796910229], [-9317246.35, 5292750.683219182], [-9317246.007599998, 5292793.800620923]]], [[[-9317212.735099997, 5292860.029590487], [-9317195.985899994, 5292860.146569713], [-9317195.633399999, 5292815.356582196], [-9317212.3816, 5292815.364752795], [-9317230.215300001, 5292815.08974204], [-9317230.151199996, 5292859.8762420975], [-9317212.735099997, 5292860.029590487]]], [[[-9317146.3643, 5292860.335490163], [-9317129.074399995, 5292860.323034953], [-9317128.763999997, 5292815.533545634], [-9317146.303700002, 5292815.547794383], [-9317146.3643, 5292860.335490163]]], [[[-9317163.210799994, 5292968.54246908], [-9317163.278399998, 5292923.338865586], [-9317179.318599999, 5292923.341256987], [-9317179.2103, 5292968.419810282], [-9317163.210799994, 5292968.54246908]]], [[[-9317025.101999996, 5292968.02712277], [-9317025.0368, 5292923.9056269415], [-9317041.743599998, 5292923.91359827], [-9317041.9768, 5292967.869788697], [-9317025.101999996, 5292968.02712277]]], [[[-9317062.133800002, 5292968.8635143], [-9317061.6593, 5292923.78047711], [-9317079.0753, 5292923.669077806], [-9317079.133599998, 5292968.707076994], [-9317062.133800002, 5292968.8635143]]], [[[-9317147.660699999, 5293011.706908891], [-9317147.4203, 5292968.5837207], [-9317163.210799994, 5292968.54246908], [-9317162.992699997, 5293011.703820001], [-9317147.660699999, 5293011.706908891]]], [[[-9316942.109199997, 5293077.815223606], [-9316942.046299996, 5293033.443125425], [-9316958.628499996, 5293033.408649427], [-9316959.109099995, 5293077.6589855645], [-9316942.109199997, 5293077.815223606]]], [[[-9317096.8014, 5293078.338740569], [-9317096.717000002, 5293120.376636044], [-9317079.885000002, 5293120.36766831], [-9317079.511199996, 5293078.326086086], [-9317091.552199995, 5293078.296990736], [-9317090.952599995, 5293033.212455127], [-9317096.4529, 5293033.131147579], [-9317112.7849, 5293033.136129662], [-9317112.9682, 5293078.175627274], [-9317096.8014, 5293078.338740569]]], [[[-9316890.8171, 5293078.364348455], [-9316891.2993, 5293033.580132625], [-9316908.0478, 5293033.588602155], [-9316908.108499998, 5293078.210601475], [-9316890.8171, 5293078.364348455]]], [[[-9316924.892699998, 5293120.799714309], [-9316925.1081, 5293078.096212919], [-9316942.109199997, 5293077.815223606], [-9316942.474599997, 5293120.814859821], [-9316924.892699998, 5293120.799714309]]], [[[-9317214.554500002, 5293186.975491924], [-9317214.088, 5293140.80824685], [-9317230.962099997, 5293140.775564407], [-9317230.846499998, 5293186.813175754], [-9317214.554500002, 5293186.975491924]]], [[[-9317064.341000002, 5293246.444096939], [-9317063.848899996, 5293187.860409071], [-9317063.510299996, 5293141.4025093885], [-9317080.1345, 5293141.368133032], [-9317080.182599999, 5293187.698790377], [-9317080.549200002, 5293246.323132026], [-9317064.341000002, 5293246.444096939]]], [[[-9317197.1391, 5293186.962040308], [-9317214.554500002, 5293186.975491924], [-9317214.338899998, 5293245.595150388], [-9317197.090100002, 5293245.583093755], [-9317197.1391, 5293186.962040308]]], [[[-9317163.8057, 5293187.238844709], [-9317164.174099999, 5293245.73823574], [-9317147.839299995, 5293246.024904676], [-9317147.472100003, 5293187.400563031], [-9317163.8057, 5293187.238844709]]], [[[-9317026.756599998, 5293246.853225404], [-9317008.380500002, 5293247.12345347], [-9317008.5623, 5293187.670193225], [-9317026.269399997, 5293187.6863351725], [-9317026.756599998, 5293246.853225404]]], [[[-9317148.213599995, 5293356.188877212], [-9317148.454600003, 5293310.151359492], [-9317164.497699998, 5293309.862099878], [-9317164.546099998, 5293356.193659999], [-9317148.213599995, 5293356.188877212]]], [[[-9317234.719799995, 5293533.286229682], [-9317234.2707, 5293490.158938873], [-9317250.688099999, 5293489.997619064], [-9317251.470700001, 5293533.127600206], [-9317234.719799995, 5293533.286229682]]]]}, "properties": {"Group": 33, "Chld_Rt": 0.077533537429024, "Med_Income": 17139.483870967742, "Bay_Ld_Est": 3.512302969724135}}, {"type": "Feature", "geometry": {"type": "MultiPolygon", "coordinates": [[[[-9320306.5665, 5287588.103003243], [-9320287.5469, 5287579.655324402], [-9320268.332600001, 5287571.121057437], [-9320247.488400001, 5287561.862997016], [-9320227.174100002, 5287552.83989054], [-9320246.867499998, 5287506.399729395], [-9320266.7623, 5287515.420743078], [-9320286.937299997, 5287524.568799304], [-9320305.386399997, 5287532.934074536], [-9320325.100900002, 5287541.873282993], [-9320306.5665, 5287588.103003243]]], [[[-9320310.6089, 5287637.560402002], [-9320290.909599997, 5287628.610033061], [-9320306.5665, 5287588.103003243], [-9320326.3623, 5287596.895540259], [-9320310.6089, 5287637.560402002]]], [[[-9320356.090999996, 5287610.099591013], [-9320365.180199997, 5287614.135756352], [-9320347.978699999, 5287654.538960872], [-9320329.1427, 5287645.98097882], [-9320344.759800002, 5287605.066814575], [-9320356.090999996, 5287610.099591013]]], [[[-9320279.905299997, 5287656.419987163], [-9320298.544999998, 5287664.673665112], [-9320281.704799997, 5287705.20660404], [-9320262.6422, 5287696.67931113], [-9320245.852299998, 5287734.179372469], [-9320228.4144, 5287726.428483527], [-9320244.266999995, 5287688.459411332], [-9320225.4888, 5287680.059459965], [-9320206.402699996, 5287671.521605257], [-9320187.529799998, 5287663.079007584], [-9320204.635100001, 5287623.0896126265], [-9320223.343999999, 5287631.374278761], [-9320242.688999997, 5287639.940331673], [-9320261.189899998, 5287648.132530904], [-9320279.905299997, 5287656.419987163]]], [[[-9320318.921600001, 5287721.854454684], [-9320337.466699999, 5287730.150082001], [-9320321.939800002, 5287767.99898813], [-9320303.053099997, 5287759.604217596], [-9320283.8581, 5287751.07254011], [-9320299.872699995, 5287713.333439061], [-9320317.279000001, 5287672.968993138], [-9320335.307400001, 5287680.952045728], [-9320318.921600001, 5287721.854454684]]], [[[-9320375.501399996, 5287747.163616148], [-9320359.7946, 5287784.824400203], [-9320341.5189, 5287776.7012514435], [-9320357.434200002, 5287739.081918358], [-9320375.501399996, 5287747.163616148]]], [[[-9320235.741799999, 5287802.7949887505], [-9320217.406399997, 5287794.71936874], [-9320233.8557, 5287757.142581918], [-9320252.368699996, 5287765.392175226], [-9320235.741799999, 5287802.7949887505]]], [[[-9320293.166899998, 5287828.087312413], [-9320291.133199995, 5287832.628858592], [-9320275.883199997, 5287866.759855581], [-9320257.816299997, 5287858.71990671], [-9320238.605199995, 5287850.170691737], [-9320253.548199998, 5287815.984493968], [-9320255.354099998, 5287811.43298373], [-9320271.507599995, 5287773.920664277], [-9320291.612399997, 5287782.8796033515], [-9320309.072799996, 5287790.659986432], [-9320293.166899998, 5287828.087312413]]], [[[-9320156.920700002, 5287887.479645692], [-9320175.221199997, 5287895.784939251], [-9320149.984399999, 5287948.215045503], [-9320125.937699998, 5287937.134943283], [-9320150.460700002, 5287884.547902585], [-9320156.920700002, 5287887.479645692]]], [[[-9320153.329600003, 5287994.852611706], [-9320156.005, 5287996.078796447], [-9320170.3031, 5288002.784550344], [-9320194.2899, 5288012.821409626], [-9320204.989600003, 5288017.476148877], [-9320217.108300002, 5288022.535032902], [-9320285.900100002, 5288052.0895138355], [-9320289.249, 5288054.142621085], [-9320290.928699998, 5288055.793676026], [-9320292.1921, 5288057.448517333], [-9320293.124600003, 5288059.355749846], [-9320294.148999998, 5288062.2617859235], [-9320294.3342, 5288064.425494925], [-9320294.682499997, 5288066.17150797], [-9320294.4535, 5288068.588604599], [-9320294.049199997, 5288070.007794458], [-9320293.479999999, 5288071.594979386], [-9320292.910099996, 5288073.0991632035], [-9320291.842599994, 5288074.857033552], [-9320291.0193, 5288075.946909193], [-9320289.622399999, 5288078.124269074], [-9320287.720700001, 5288079.722912761], [-9320285.8967, 5288080.654757427], [-9320224.638400001, 5288103.918690214], [-9320208.915399998, 5288067.160646331], [-9320196.177599998, 5288067.603551538], [-9320184.189599996, 5288068.040079704], [-9320180.358399997, 5288067.98976089], [-9320162.625099996, 5288068.558911517], [-9320154.883099996, 5288068.87537202], [-9320144.978799997, 5288069.543665666], [-9320135.925399998, 5287994.919172039], [-9320139.3322, 5287994.05697664], [-9320141.411099995, 5287993.706040287], [-9320143.991100002, 5287993.517120552], [-9320145.658699999, 5287993.752672383], [-9320149.158199998, 5287993.972381246], [-9320151.242099999, 5287994.204345993], [-9320153.329600003, 5287994.852611706]]], [[[-9320027.071500001, 5287336.191990417], [-9320010.094199996, 5287375.1861605905], [-9319991.925399998, 5287367.484197601], [-9320008.7045, 5287328.302303714], [-9320027.071500001, 5287336.191990417]]], [[[-9319988.7756, 5287493.662996808], [-9319970.211, 5287485.671176946], [-9319950.376499996, 5287477.132626016], [-9319967.768299997, 5287435.287320391], [-9319948.044599999, 5287426.759232143], [-9319942.747099996, 5287439.347000515], [-9319930.454499999, 5287468.556410793], [-9319883.848899994, 5287448.492764464], [-9319896.115799997, 5287419.645450641], [-9319907.485299995, 5287392.908338045], [-9319920.059999999, 5287363.336833481], [-9319966.274899997, 5287383.44003603], [-9319985.788900001, 5287391.9284668295], [-9320004.2794, 5287399.971601312], [-9319986.944200002, 5287443.578561666], [-9320005.550399998, 5287451.623390363], [-9319988.7756, 5287493.662996808]]], [[[-9320082.222599994, 5287484.77400783], [-9320065.118299998, 5287526.527146962], [-9320045.726000002, 5287518.179209349], [-9320062.7299, 5287476.346158262], [-9320044.1296, 5287468.303920071], [-9320025.747999998, 5287460.356341043], [-9320005.550399998, 5287451.623390363], [-9320022.924499996, 5287408.081993636], [-9320042.944899999, 5287416.79043229], [-9320061.853199998, 5287425.015312413], [-9320080.327799998, 5287433.051372586], [-9320099.9198, 5287441.57338278], [-9320082.222599994, 5287484.77400783]]], [[[-9320156.572999999, 5287466.215740069], [-9320139.1247, 5287509.376310177], [-9320119.995300002, 5287501.105494933], [-9320137.484499997, 5287457.912840627], [-9320156.572999999, 5287466.215740069]]], [[[-9319978.046999997, 5287516.759222965], [-9319998.848999996, 5287525.7801370695], [-9319981.157199996, 5287568.112790624], [-9319960.9962, 5287558.629242231], [-9319978.046999997, 5287516.759222965]]], [[[-9319984.069199996, 5287617.690555158], [-9319973.057299998, 5287612.805845498], [-9319964.252999997, 5287608.561131179], [-9319981.157199996, 5287568.112790624], [-9320000.2186, 5287577.079002073], [-9320017.326199993, 5287533.792881837], [-9320036.2679, 5287542.007001451], [-9320018.749, 5287585.795512806], [-9320002.942599995, 5287626.0628058715], [-9319984.069199996, 5287617.690555158]]], [[[-9320113.480999999, 5287575.4901238475], [-9320095.112399995, 5287621.047665868], [-9320114.942899996, 5287629.723324011], [-9320098.1168, 5287668.280676044], [-9320078.493499998, 5287659.576221344], [-9320060.0672, 5287651.402654945], [-9320076.6472, 5287612.969157389], [-9320094.1587, 5287567.1111975005], [-9320113.480999999, 5287575.4901238475]]], [[[-9320037.403199999, 5287594.570014753], [-9320056.6429, 5287603.619924983], [-9320040.5761, 5287642.756590092], [-9320021.507400002, 5287634.2979503805], [-9320037.403199999, 5287594.570014753]]], [[[-9320031.7986, 5287894.463796532], [-9320007.017900001, 5287883.147246196], [-9320028.616400002, 5287829.273042678], [-9320054.2058, 5287840.746427788], [-9320031.7986, 5287894.463796532]]], [[[-9320081.7869, 5287916.790999012], [-9320105.2652, 5287864.03636263], [-9320118.594199996, 5287870.085679595], [-9320126.348400002, 5287873.604807548], [-9320103.318900002, 5287926.712572754], [-9320081.7869, 5287916.790999012]]], [[[-9320025.401200002, 5288039.6145333685], [-9320028.608599998, 5288039.471647868], [-9320031.783099998, 5288089.998014799], [-9320028.236399999, 5288090.368979071], [-9320007.254199997, 5288090.799229837], [-9320003.840699999, 5288090.911824418], [-9319985.938800002, 5288091.232270574], [-9319983.175099997, 5288040.954508409], [-9320005.156499997, 5288040.515788155], [-9320025.401200002, 5288039.6145333685]]], [[[-9320035.107499996, 5288142.906406779], [-9320031.783099998, 5288089.998014799], [-9320034.310199998, 5288089.7337663], [-9320057.2838, 5288088.453476276], [-9320059.698699998, 5288088.432750899], [-9320082.506499996, 5288087.237255565], [-9320089.357599998, 5288138.229646364], [-9320076.212799998, 5288139.7584416345], [-9320063.894899998, 5288140.61396118], [-9320038.013200002, 5288142.66866282], [-9320035.107499996, 5288142.906406779]]], [[[-9319867.396299995, 5287281.219265858], [-9319865.452099998, 5287280.358764838], [-9319870.664999995, 5287268.97376637], [-9319868.6265, 5287270.630001652], [-9319856.824299999, 5287265.390570792], [-9319875.199500002, 5287222.575265378], [-9319894.471899997, 5287231.046656482], [-9319881.636199998, 5287260.059769007], [-9319920.3623, 5287277.15490309], [-9319910.608600002, 5287300.3449873645], [-9319867.396299995, 5287281.219265858]]], [[[-9319793.118799997, 5287283.051567082], [-9319809.950499998, 5287244.580914294], [-9319818.817, 5287248.517238065], [-9319828.207300002, 5287252.686124295], [-9319811.786500001, 5287291.360443847], [-9319793.118799997, 5287283.051567082]]], [[[-9319865.570700001, 5287404.158722366], [-9319826.896799996, 5287387.616395795], [-9319831.277199998, 5287376.971331665], [-9319812.960199997, 5287368.360043423], [-9319830.787399998, 5287325.403742374], [-9319849.1649, 5287333.502276926], [-9319851.833499996, 5287334.678241904], [-9319838.235, 5287366.361839535], [-9319875.005000003, 5287382.511081456], [-9319865.570700001, 5287404.158722366]]], [[[-9319840.233399998, 5287548.766459582], [-9319852.8401, 5287519.536720704], [-9319861.348999996, 5287499.808166852], [-9319873.577799996, 5287471.454573895], [-9319921.569199998, 5287492.2669243375], [-9319909.8261, 5287520.935981715], [-9319905.147199998, 5287532.358248189], [-9319901.694599997, 5287540.787293818], [-9319888.828899996, 5287572.196484686], [-9319840.233399998, 5287548.766459582]]], [[[-9319821.615699997, 5287504.9408829715], [-9319809.250599999, 5287533.879370372], [-9319771.905000001, 5287516.158187399], [-9319783.8973, 5287487.486838376], [-9319821.615699997, 5287504.9408829715]]], [[[-9319956.616299996, 5287631.849069004], [-9319939.715399997, 5287670.0113437995], [-9319920.574999997, 5287661.451069888], [-9319937.7738, 5287623.363426599], [-9319956.616299996, 5287631.849069004]]], [[[-9319795.2289, 5287653.572939579], [-9319808.566800002, 5287622.870601297], [-9319857.092399996, 5287644.405452411], [-9319843.791599995, 5287675.109584737], [-9319795.2289, 5287653.572939579]]], [[[-9319899.482599996, 5287655.526903225], [-9319900.748099996, 5287652.583901186], [-9319920.574999997, 5287661.451069888], [-9319919.438399998, 5287664.499193397], [-9319902.987800002, 5287701.361749484], [-9319883.106299995, 5287692.5447996715], [-9319899.482599996, 5287655.526903225]]], [[[-9319839.074799996, 5287744.285779236], [-9319822.997299999, 5287737.076639386], [-9319800.658299996, 5287788.907098519], [-9319777.715299997, 5287778.429229046], [-9319797.911900003, 5287733.412733145], [-9319765.732099999, 5287719.5041183], [-9319774.253099997, 5287700.162468144], [-9319824.8371, 5287722.394011729], [-9319835.3925, 5287697.844515184], [-9319855.6433, 5287706.8152113985], [-9319839.074799996, 5287744.285779236]]], [[[-9319937.9149, 5287788.604488215], [-9319952.052399999, 5287794.943561424], [-9319961.005999995, 5287798.958204847], [-9319937.8831, 5287851.575533017], [-9319915.536399998, 5287841.370281333], [-9319937.9149, 5287788.604488215]]], [[[-9319839.1185, 5287857.976782654], [-9319839.5562, 5287879.875228387], [-9319788.822699998, 5287897.132785806], [-9319782.265599998, 5287889.943672988], [-9319816.1224, 5287846.848155921], [-9319839.1185, 5287857.976782654]]], [[[-9319863.113199994, 5287869.013540271], [-9319864.773599995, 5287868.416290904], [-9319866.516600002, 5287867.735143651], [-9319868.2624, 5287867.387096929], [-9319872.181099998, 5287867.936418877], [-9319886.808300002, 5287874.223380124], [-9319887.081199998, 5287925.4375638915], [-9319901.810399998, 5287933.889130989], [-9319916.535999997, 5287941.923998611], [-9319914.091499995, 5287948.191031981], [-9319861.793499997, 5287948.140214959], [-9319860.689699998, 5287926.247248331], [-9319860.337900002, 5287875.533163735], [-9319860.823899996, 5287873.946776151], [-9319861.0579, 5287872.112481279], [-9319861.713399997, 5287870.857699621], [-9319863.113199994, 5287869.013540271]]], [[[-9319840.041599996, 5287907.3532830225], [-9319840.466600003, 5287927.753026221], [-9319793.6681, 5287928.07108096], [-9319793.390500002, 5287924.825667237], [-9319793.494499996, 5287907.835745727], [-9319840.041599996, 5287907.3532830225]]], [[[-9319922.2244, 5288041.894523631], [-9319942.624299994, 5288041.55265462], [-9319962.191499997, 5288041.218059429], [-9319964.706099996, 5288091.58121412], [-9319953.132099995, 5288091.764055754], [-9319942.974499999, 5288092.017841943], [-9319927.819700003, 5288092.23127343], [-9319923.1593, 5288092.6043301495], [-9319922.2244, 5288041.894523631]]], [[[-9319701.985399997, 5287362.725833877], [-9319683.145099996, 5287353.8545819335], [-9319663.885199998, 5287344.785940887], [-9319680.2479, 5287305.967638272], [-9319696.921400001, 5287266.411494059], [-9319716.557599995, 5287275.064830205], [-9319736.440899998, 5287283.827273477], [-9319718.847199999, 5287324.1147843255], [-9319701.985399997, 5287362.725833877]]], [[[-9319642.870500002, 5287288.394824102], [-9319662.1199, 5287297.444931475], [-9319645.641899997, 5287336.195677128], [-9319625.696599996, 5287326.803899941], [-9319642.870500002, 5287288.394824102]]], [[[-9319737.526199998, 5287332.896359027], [-9319755.247899996, 5287292.115225615], [-9319774.179399999, 5287300.45798045], [-9319756.175399996, 5287341.6640836755], [-9319739.296799999, 5287380.294264849], [-9319720.728299998, 5287371.551051673], [-9319737.526199998, 5287332.896359027]]], [[[-9319653.707500001, 5287413.306678181], [-9319634.992999999, 5287404.485146827], [-9319652.871199999, 5287367.236688943], [-9319671.4944, 5287375.98069922], [-9319653.707500001, 5287413.306678181]]], [[[-9319729.058000002, 5287448.824968125], [-9319710.270200001, 5287439.968861056], [-9319692.4434, 5287431.565822412], [-9319709.454699997, 5287393.803912836], [-9319727.767199999, 5287402.401948984], [-9319746.818599999, 5287411.346836082], [-9319729.058000002, 5287448.824968125]]], [[[-9319686.600499999, 5287502.569921257], [-9319705.318799999, 5287511.678619138], [-9319688.002199998, 5287551.309501711], [-9319669.1433, 5287542.199807132], [-9319686.600499999, 5287502.569921257]]], [[[-9319725.232599996, 5287569.293438939], [-9319705.5175, 5287559.770233354], [-9319723.100599999, 5287520.331558349], [-9319742.557499997, 5287529.799462793], [-9319725.232599996, 5287569.293438939]]], [[[-9319560.404900001, 5287563.093266632], [-9319542.1019, 5287600.656496628], [-9319532.620299997, 5287595.717482588], [-9319531.304399999, 5287595.032050903], [-9319523.173799999, 5287590.796702902], [-9319540.369499998, 5287553.202883346], [-9319560.404900001, 5287563.093266632]]], [[[-9319551.828799998, 5287672.153828595], [-9319529.209899997, 5287661.84684468], [-9319554.467899999, 5287607.0980997], [-9319560.032099998, 5287609.996562025], [-9319569.539999995, 5287614.949226967], [-9319576.534699997, 5287618.303448065], [-9319551.828799998, 5287672.153828595]]], [[[-9319692.727599999, 5287674.021104417], [-9319707.2727, 5287690.218975065], [-9319686.092299994, 5287733.3333191145], [-9319663.724199994, 5287723.141021735], [-9319687.411, 5287671.471784664], [-9319692.727599999, 5287674.021104417]]], [[[-9319419.215699995, 5287770.983441158], [-9319427.658599997, 5287752.440514042], [-9319464.180199994, 5287769.050501652], [-9319455.598600002, 5287787.604389537], [-9319419.215699995, 5287770.983441158]]], [[[-9319485.306599997, 5287823.955590493], [-9319446.781499999, 5287806.667344574], [-9319455.598600002, 5287787.604389537], [-9319493.991, 5287805.1432328215], [-9319485.306599997, 5287823.955590493]]], [[[-9319697.037200002, 5287824.313402033], [-9319698.987699999, 5287828.293669339], [-9319699.4593, 5287834.535293662], [-9319700.019399995, 5287868.7567648925], [-9319700.125699997, 5287875.251776977], [-9319665.100699997, 5287876.062258506], [-9319651.173499998, 5287892.72675143], [-9319622.233699998, 5287867.348236879], [-9319622.7956, 5287866.526196959], [-9319627.1677, 5287861.823929394], [-9319634.095999999, 5287854.267539309], [-9319642.027299996, 5287847.118781427], [-9319648.149299998, 5287842.567470349], [-9319656.093099998, 5287836.834215393], [-9319668.439799996, 5287829.896198724], [-9319684.027299995, 5287822.179984355], [-9319689.7589, 5287820.546964763], [-9319693.091799995, 5287820.767371097], [-9319695.7674, 5287821.992858175], [-9319697.037200002, 5287824.313402033]]], [[[-9319771.3477, 5287879.211119773], [-9319775.717699999, 5287883.837261526], [-9319728.2605, 5287884.9933984], [-9319727.467199996, 5287860.432838596], [-9319751.692899998, 5287859.55918454], [-9319771.3477, 5287879.211119773]]], [[[-9319649.0371, 5287931.249137215], [-9319642.253299994, 5287929.269465734], [-9319597.251899997, 5287916.136655211], [-9319598.5431, 5287911.461489894], [-9319601.065499997, 5287904.776860408], [-9319606.532, 5287891.986716225], [-9319641.9405, 5287912.660273216], [-9319648.6979, 5287914.0161907375], [-9319648.832500001, 5287920.8529723855], [-9319649.0371, 5287931.249137215]]], [[[-9319647.098099995, 5288005.707027076], [-9319646.263499998, 5287962.383028875], [-9319649.649399996, 5287962.360709239], [-9319670.467399998, 5287962.222905445], [-9319670.586899994, 5287968.883920256], [-9319671.295700002, 5288008.4107913645], [-9319650.5121, 5288006.190984439], [-9319647.098099995, 5288005.707027076]]], [[[-9319731.4378, 5288012.883685382], [-9319730.717699997, 5287987.156224951], [-9319730.6345, 5287983.90941611], [-9319773.325199999, 5287983.627032914], [-9319773.3523, 5287986.7909402745], [-9319773.404899996, 5288012.35748015], [-9319731.4378, 5288012.883685382]]], [[[-9319615.899500001, 5288034.339527477], [-9319633.655599996, 5288036.524559665], [-9319640.0408, 5288037.31042992], [-9319640.905699996, 5288079.193618623], [-9319634.595700001, 5288079.446209117], [-9319616.597100003, 5288080.166714751], [-9319616.509299995, 5288074.3960932875], [-9319615.899500001, 5288034.339527477]]], [[[-9319777.9026, 5288148.482927446], [-9319777.9134, 5288120.583584628], [-9319777.364000002, 5288095.354128868], [-9319798.0957, 5288094.843367984], [-9319803.007299999, 5288094.634719274], [-9319804.295499995, 5288147.756941488], [-9319777.9026, 5288148.482927446]]]]}, "properties": {"Group": 34, "Chld_Rt": 0.112983935416105, "Med_Income": 30347.8, "Bay_Ld_Est": 11.537924645638512}}, {"type": "Feature", "geometry": {"type": "MultiPolygon", "coordinates": [[[[-9316123.743500002, 5291577.117422383], [-9316140.1557, 5291576.95769708], [-9316156.7321, 5291576.796477158], [-9316157.261999995, 5291618.798552723], [-9316140.644900002, 5291619.141518728], [-9316124.235499997, 5291619.480399432], [-9316123.743500002, 5291577.117422383]]], [[[-9316140.516000003, 5291770.764586826], [-9316123.188999996, 5291770.969649037], [-9316107.112199998, 5291771.159765026], [-9316106.8402, 5291754.635916103], [-9316070.5186, 5291755.759872219], [-9316070.3971, 5291737.930819505], [-9316106.557699997, 5291737.47794889], [-9316106.413700001, 5291728.734706364], [-9316106.2766, 5291720.403880062], [-9316105.987199994, 5291702.826721528], [-9316105.693700003, 5291685.000359861], [-9316122.858400002, 5291684.864548508], [-9316173.2555, 5291684.465683609], [-9316173.6343, 5291728.024262486], [-9316156.7656, 5291728.202620762], [-9316140.065199995, 5291728.379185509], [-9316140.516000003, 5291770.764586826]]], [[[-9316273.470899997, 5291726.968660468], [-9316290.256599998, 5291726.790900026], [-9316290.790499995, 5291768.985687116], [-9316273.715399995, 5291769.188058993], [-9316273.470899997, 5291726.968660468]]], [[[-9316358.314999996, 5291791.847532889], [-9316358.6041, 5291835.161794402], [-9316341.747299999, 5291835.315142685], [-9316341.071500001, 5291792.05189761], [-9316358.314999996, 5291791.847532889]]], [[[-9316046.0728, 5291879.297003754], [-9315994.090299996, 5291879.746586245], [-9315994.097899996, 5291862.9523088895], [-9315994.105600001, 5291846.46034408], [-9315994.1098, 5291837.543425681], [-9315994.113300001, 5291829.96379598], [-9315994.121099997, 5291813.295466127], [-9315994.128699996, 5291796.788755007], [-9316045.6928, 5291796.233951126], [-9316045.7644, 5291811.895801915], [-9316045.846299998, 5291829.814831926], [-9316045.919199998, 5291845.722598363], [-9316045.994699996, 5291862.218150252], [-9316046.0728, 5291879.297003754]]], [[[-9316157.6336, 5291836.987326428], [-9316173.881500002, 5291836.839856997], [-9316174.2766, 5291877.840543813], [-9316157.8656, 5291878.021990999], [-9316157.6336, 5291836.987326428]]], [[[-9316358.898899999, 5291983.1731816465], [-9316358.753499996, 5291942.625661111], [-9316376.165499996, 5291942.471814622], [-9316376.392299999, 5291982.947692898], [-9316358.898899999, 5291983.1731816465]]], [[[-9316259.269299997, 5291984.457261885], [-9316242.442699999, 5291984.6738825375], [-9316242.048099998, 5291943.655157239], [-9316258.793899998, 5291943.507588152], [-9316259.269299997, 5291984.457261885]]], [[[-9316141.896799998, 5291985.968425136], [-9316125.569500001, 5291986.1784694465], [-9316108.9925, 5291986.391801946], [-9316108.788000003, 5291970.156811046], [-9316108.5844, 5291953.9956546975], [-9316108.468999999, 5291944.832023168], [-9316125.254199998, 5291944.684254801], [-9316141.5409, 5291944.540771028], [-9316141.896799998, 5291985.968425136]]], [[[-9316047.004499998, 5292012.761830163], [-9316047.201300003, 5292031.172294923], [-9315994.385400001, 5292032.005098755], [-9315994.273299994, 5292013.328790414], [-9316047.004499998, 5292012.761830163]]], [[[-9316287.311500002, 5292162.065588316], [-9316286.814299997, 5292112.030694158], [-9316303.2243, 5292111.243625744], [-9316320.3862, 5292110.420487078], [-9316320.7952, 5292160.416819901], [-9316312.311599998, 5292160.834616845], [-9316303.228800002, 5292161.281907667], [-9316287.311500002, 5292162.065588316]]], [[[-9315765.780399997, 5291333.94110313], [-9315765.501199998, 5291318.610267055], [-9315806.148299998, 5291317.854087961], [-9315806.403099999, 5291333.345546078], [-9315806.674299998, 5291349.838600416], [-9315766.082300002, 5291350.514269225], [-9315765.780399997, 5291333.94110313]]], [[[-9316038.388, 5291380.580484878], [-9316038.759700002, 5291395.991732364], [-9315991.557399997, 5291396.880733585], [-9315991.3806, 5291381.086165352], [-9316038.388, 5291380.580484878]]], [[[-9315767.905300003, 5291450.594463117], [-9315808.3222, 5291450.043844324], [-9315808.594899997, 5291466.623289304], [-9315768.204200001, 5291467.0094996765], [-9315767.905300003, 5291450.594463117]]], [[[-9316041.2086, 5291497.518923333], [-9315992.693899997, 5291498.386601352], [-9315992.501699997, 5291481.229135741], [-9316040.790799996, 5291480.196052885], [-9316041.2086, 5291497.518923333]]], [[[-9315942.244499998, 5291580.021373851], [-9315959.4864, 5291579.786219957], [-9315976.229199998, 5291579.5577420285], [-9315976.287099997, 5291620.580541111], [-9315959.627899999, 5291620.816791089], [-9315942.468800003, 5291621.0600159615], [-9315942.244499998, 5291580.021373851]]], [[[-9315926.366399998, 5291662.169205543], [-9315909.6225, 5291662.402067711], [-9315909.5652, 5291621.526238498], [-9315926.101, 5291621.291981349], [-9315926.366399998, 5291662.169205543]]], [[[-9315794.1721, 5291664.0062957425], [-9315777.845299998, 5291664.232980144], [-9315777.497900002, 5291623.397107096], [-9315793.948799996, 5291623.164145301], [-9315810.651199998, 5291622.927696044], [-9315811.1651, 5291663.770145407], [-9315794.1721, 5291664.0062957425]]], [[[-9315993.364799999, 5291644.834176631], [-9315993.3918, 5291628.419137823], [-9316044.116, 5291627.289801177], [-9316044.260200001, 5291644.19736786], [-9316044.399499994, 5291660.527313031], [-9315993.337799996, 5291661.23775688], [-9315993.364799999, 5291644.834176631]]], [[[-9315878.731399998, 5291730.288615521], [-9315879.027099999, 5291773.837630365], [-9315861.371599998, 5291773.971747826], [-9315860.8244, 5291730.49158525], [-9315878.731399998, 5291730.288615521]]], [[[-9315795.143899996, 5291774.474140271], [-9315778.734700002, 5291774.59869214], [-9315778.317599999, 5291731.426322145], [-9315794.6012, 5291731.241885728], [-9315795.143899996, 5291774.474140271]]], [[[-9315960.245, 5291837.979955113], [-9315943.790799998, 5291838.191892598], [-9315943.5635, 5291797.332100122], [-9315960.224200001, 5291797.153143991], [-9315960.245, 5291837.979955113]]], [[[-9315812.528399998, 5291798.739536354], [-9315812.755500002, 5291839.879022581], [-9315795.470300002, 5291840.101621702], [-9315795.0356, 5291798.927260946], [-9315812.528399998, 5291798.739536354]]], [[[-9315880.417099996, 5291989.841490918], [-9315862.427099997, 5291990.110423383], [-9315862.273599997, 5291947.890718729], [-9315880.2228, 5291947.659550422], [-9315880.417099996, 5291989.841490918]]], [[[-9315875.2411, 5292597.340422532], [-9315873.929100001, 5292600.017093873], [-9315871.550999999, 5292604.86824309], [-9315848.891199997, 5292605.304274587], [-9315847.9846, 5292563.855078123], [-9315881.055900002, 5292563.300074627], [-9315880.656099996, 5292576.051205351], [-9315879.622100001, 5292582.308296947], [-9315878.251, 5292588.068276787], [-9315877.362000002, 5292591.5746634165], [-9315875.2411, 5292597.340422532]]], [[[-9315767.604799995, 5291434.102304268], [-9315725.535399998, 5291434.674644894], [-9315725.205399996, 5291417.851377628], [-9315767.2991, 5291417.320089301], [-9315767.604799995, 5291434.102304268]]], [[[-9315615.394699998, 5291536.283146351], [-9315615.1431, 5291519.539889873], [-9315658.8148, 5291518.820976589], [-9315701.693500001, 5291518.114717758], [-9315702.020799996, 5291535.113156053], [-9315659.056699999, 5291535.69346805], [-9315615.394699998, 5291536.283146351]]], [[[-9315410.571900003, 5291844.824529464], [-9315394.535799997, 5291845.040352977], [-9315394.350100001, 5291803.360211783], [-9315410.343699995, 5291803.155348851], [-9315410.571900003, 5291844.824529464]]], [[[-9315520.944199996, 5291839.673262877], [-9315525.139099995, 5291822.392038012], [-9315531.9681, 5291802.02651026], [-9315552.709399996, 5291801.7862746045], [-9315569.5368, 5291801.591375815], [-9315569.763499998, 5291842.648060041], [-9315569.994899997, 5291884.558374375], [-9315553.751099996, 5291884.755166362], [-9315513.682999998, 5291885.240520153], [-9315515.084699998, 5291870.21986158], [-9315517.2775, 5291855.969332391], [-9315520.944199996, 5291839.673262877]]], [[[-9315587.492499996, 5291951.04188163], [-9315604.697300002, 5291950.7783298325], [-9315604.938499996, 5291993.373384162], [-9315588.0268, 5291993.607741009], [-9315587.492499996, 5291951.04188163]]], [[[-9315570.700499998, 5291993.84787707], [-9315559.9557, 5291993.996741494], [-9315553.957299998, 5291994.079842531], [-9315546.209399998, 5291994.1871564435], [-9315513.722099999, 5291994.637237183], [-9315513.4697, 5291975.977170941], [-9315513.425700001, 5291972.7279607225], [-9315513.272399997, 5291961.398620716], [-9315545.847499998, 5291960.04758141], [-9315545.7542, 5291951.242758925], [-9315553.549299998, 5291951.561412485], [-9315558.921, 5291951.47920824], [-9315570.250499997, 5291951.305732359], [-9315570.700499998, 5291993.84787707]]], [[[-9315329.1297, 5291954.316998589], [-9315329.453799998, 5291996.551948589], [-9315311.958199997, 5291996.875086038], [-9315311.676300002, 5291954.551753992], [-9315329.1297, 5291954.316998589]]], [[[-9315588.2835, 5292064.113881786], [-9315571.1829, 5292064.279585646], [-9315571.003499998, 5292017.98055476], [-9315587.7466, 5292017.814053783], [-9315588.2835, 5292064.113881786]]], [[[-9315796.621299999, 5292062.696680403], [-9315813.853999997, 5292062.490920665], [-9315830.4803, 5292062.2924347455], [-9315830.613799997, 5292103.971488192], [-9315814.301400002, 5292103.230952363], [-9315796.9271, 5292102.442289688], [-9315781.185400002, 5292101.727561014], [-9315763.909899998, 5292100.943282566], [-9315747.2494, 5292100.186903736], [-9315730.713500002, 5292097.062045835], [-9315730.706600001, 5292063.48315095], [-9315747.114300001, 5292063.287455004], [-9315763.662299998, 5292063.089965495], [-9315780.732200002, 5292062.886198582], [-9315796.621299999, 5292062.696680403]]], [[[-9315746.211700002, 5292218.035831707], [-9315728.967299998, 5292218.638164791], [-9315728.060699996, 5292175.49118862], [-9315727.3727, 5292142.749081271], [-9315745.262499996, 5292139.870836047], [-9315778.308200002, 5292137.91855957], [-9315779.0129, 5292173.739191557], [-9315761.196699994, 5292174.351887338], [-9315761.957899999, 5292217.485810438], [-9315746.211700002, 5292218.035831707]]], [[[-9315558.143400002, 5292602.073297204], [-9315515.407300001, 5292602.826487788], [-9315515.187099999, 5292584.246126059], [-9315557.8382, 5292583.996723228], [-9315558.143400002, 5292602.073297204]]]]}, "properties": {"Group": 35, "Chld_Rt": 0.018099547484013, "Med_Income": 23199.555555555555, "Bay_Ld_Est": 0.0}}, {"type": "Feature", "geometry": {"type": "MultiPolygon", "coordinates": [[[[-9315053.511499997, 5287859.859503126], [-9315051.8764, 5287822.897400979], [-9315071.941599997, 5287822.39979284], [-9315072.993799996, 5287859.366877027], [-9315053.511499997, 5287859.859503126]]], [[[-9315427.391900001, 5287941.9332652455], [-9315439.174699994, 5287952.798740342], [-9315449.521699997, 5287960.868183589], [-9315456.356600001, 5287965.449387439], [-9315467.0284, 5287971.908030959], [-9315483.404399997, 5287994.4885227345], [-9315487.5012, 5288003.21798961], [-9315493.014999999, 5288017.105882128], [-9315494.832999999, 5288024.302767666], [-9315496.018399997, 5288032.561928217], [-9315495.5017, 5288037.611246747], [-9315487.021200001, 5288038.373900593], [-9315470.248899994, 5288025.077378453], [-9315366.946099997, 5287975.701371804], [-9315363.834699994, 5287967.294941902], [-9315393.931099998, 5287899.204127154], [-9315400.767999995, 5287911.902900419], [-9315407.035, 5287922.595497779], [-9315414.4757, 5287929.575663168], [-9315427.391900001, 5287941.9332652455]]], [[[-9315266.428999998, 5288060.56549386], [-9315247.6118, 5288060.969837908], [-9315228.380199997, 5288061.627370288], [-9315228.003500002, 5288015.743188909], [-9315247.069899999, 5288015.253452336], [-9315264.9704, 5288014.773380985], [-9315284.619599994, 5288014.278861642], [-9315302.1876, 5288013.8847806435], [-9315320.7558, 5288013.565530198], [-9315321.962899994, 5288059.109835327], [-9315303.0609, 5288059.348476047], [-9315285.994399998, 5288059.9883719385], [-9315266.428999998, 5288060.56549386]]], [[[-9315306.321900003, 5288111.621952909], [-9315285.8651, 5288112.458142025], [-9315285.832199994, 5288111.207246147], [-9315285.0911, 5288081.815278689], [-9315305.738999998, 5288081.229288687], [-9315327.469399994, 5288080.634131703], [-9315328.4916, 5288123.931728933], [-9315307.004199998, 5288133.852208215], [-9315306.321900003, 5288111.621952909]]], [[[-9315224.615599997, 5288140.691780965], [-9315222.479800003, 5288083.412128855], [-9315244.543299995, 5288082.814580476], [-9315246.013599997, 5288140.1829132475], [-9315224.615599997, 5288140.691780965]]], [[[-9315099.734699996, 5288145.04729808], [-9315097.591399997, 5288086.768343991], [-9315119.321200002, 5288086.090484795], [-9315139.387, 5288085.592876547], [-9315141.0302, 5288143.79271545], [-9315120.631200003, 5288144.29311367], [-9315099.734699996, 5288145.04729808]]], [[[-9315185.2931, 5288199.727711882], [-9315163.644299999, 5288200.155372029], [-9315162.009199997, 5288142.954433842], [-9315170.0839, 5288142.554972191], [-9315183.156899998, 5288142.3645578055], [-9315184.053299997, 5288160.262612505], [-9315184.715599999, 5288180.078063532], [-9315185.2931, 5288199.727711882]]], [[[-9315061.017899998, 5288176.190162567], [-9315080.664499998, 5288175.60128293], [-9315081.4684, 5288202.577849529], [-9315062.070000002, 5288203.236478037], [-9315039.258799996, 5288204.089606232], [-9315038.6195, 5288176.861644784], [-9315061.017899998, 5288176.190162567]]], [[[-9315059.530299997, 5288263.646165457], [-9315039.503999999, 5288264.550309991], [-9315039.079899998, 5288222.912730943], [-9315058.811399998, 5288222.251312467], [-9315059.530299997, 5288263.646165457]]], [[[-9315059.914700001, 5288285.786447317], [-9315060.588200001, 5288317.178517923], [-9315040.687300002, 5288317.507931849], [-9315040.097, 5288286.115363036], [-9315059.914700001, 5288285.786447317]]], [[[-9315053.406299999, 5288406.266853133], [-9315052.816999998, 5288364.7965671765], [-9315071.7187, 5288364.475224195], [-9315072.390299998, 5288405.778212485], [-9315053.406299999, 5288406.266853133]]], [[[-9315327.4272, 5288349.0515575325], [-9315337.727299998, 5288325.56442399], [-9315344.692799997, 5288311.765308516], [-9315350.855399996, 5288301.637574115], [-9315358.843899999, 5288290.745292598], [-9315367.5914, 5288281.012536191], [-9315383.2076, 5288265.976574585], [-9315397.776600001, 5288255.279889102], [-9315408.392999995, 5288250.028995525], [-9315424.0045, 5288244.57044963], [-9315438.7866, 5288239.535080082], [-9315456.882499998, 5288232.390504991], [-9315478.134600002, 5288224.220422419], [-9315494.5663, 5288217.255998766], [-9315503.105099998, 5288212.52184474], [-9315511.313999997, 5288208.206881379], [-9315520.425299998, 5288202.218742546], [-9315530.277099999, 5288195.1419236995], [-9315553.285, 5288171.115235709], [-9315566.771799996, 5288157.031347257], [-9315606.3648, 5288172.294091045], [-9315687.913299996, 5288204.085022725], [-9315685.9306, 5288216.09398276], [-9315562.4049, 5288857.753259373], [-9315129.8925, 5288855.180421944], [-9315136.380399995, 5288846.332974057], [-9315151.428399999, 5288822.80587538], [-9315162.503600001, 5288802.309665336], [-9315172.776799997, 5288785.568038389], [-9315195.917899998, 5288723.246509698], [-9315195.6865, 5288709.1870273715], [-9315222.0489, 5288639.662933791], [-9315269.681599995, 5288506.713400182], [-9315327.4272, 5288349.0515575325]]], [[[-9314765.972799998, 5288095.892888934], [-9314772.1797, 5288101.338779758], [-9314773.189500002, 5288153.630891229], [-9314752.375399997, 5288154.300380613], [-9314751.7399, 5288137.649335885], [-9314731.582999999, 5288138.350112607], [-9314710.358599994, 5288139.087856207], [-9314689.132899998, 5288139.8255998185], [-9314688.039799996, 5288097.694501821], [-9314708.9392, 5288097.274115514], [-9314730.1701, 5288096.68463807], [-9314750.6521, 5288096.1845387835], [-9314765.972799998, 5288095.892888934]]], [[[-9314982.265600001, 5288302.079283701], [-9314981.880800001, 5288285.592645127], [-9315001.6126, 5288284.931425897], [-9315022.5953, 5288284.509744194], [-9315023.146699997, 5288300.995286713], [-9315023.434499994, 5288315.817119717], [-9314982.8025, 5288316.816023102], [-9314982.265600001, 5288302.079283701]]], [[[-9315024.279299999, 5288347.790796955], [-9315003.298399994, 5288348.462279254], [-9314983.731699996, 5288348.955503386], [-9314983.3382, 5288331.386062895], [-9315023.9709, 5288330.4705592], [-9315024.279299999, 5288347.790796955]]], [[[-9314740.524999997, 5288355.440055537], [-9314735.196799997, 5288355.64999964], [-9314716.380999997, 5288356.303048321], [-9314695.063600002, 5288356.560222354], [-9314694.564200003, 5288336.159974192], [-9314739.691799996, 5288334.959197651], [-9314740.524999997, 5288355.440055537]]], [[[-9314735.9259, 5288373.54985081], [-9314737.668899996, 5288434.082603083], [-9314718.187199997, 5288434.824531797], [-9314696.789, 5288435.415504025], [-9314696.462899998, 5288415.846461885], [-9314695.210899996, 5288374.631556109], [-9314716.525699997, 5288374.04118176], [-9314735.9259, 5288373.54985081]]], [[[-9314930.414600002, 5288489.308066694], [-9314931.464799996, 5288464.980456683], [-9314933.412899999, 5288428.236551624], [-9314945.901499994, 5288427.801119395], [-9314966.799899999, 5288427.2138339], [-9314967.931799999, 5288463.766128812], [-9314968.124599999, 5288487.333774981], [-9314947.395900002, 5288488.336265594], [-9314930.414600002, 5288489.308066694]]], [[[-9315044.5591, 5288454.727173123], [-9315045.0029, 5288468.215608704], [-9314985.803800002, 5288469.866066329], [-9314985.524799999, 5288456.126634421], [-9315044.5591, 5288454.727173123]]], [[[-9314718.996199995, 5288513.604489448], [-9314740.810199996, 5288512.927128214], [-9314741.970599998, 5288553.060532196], [-9314720.147199996, 5288553.581556321], [-9314719.615699999, 5288538.501450468], [-9314718.996199995, 5288513.604489448]]], [[[-9314947.5513, 5288507.323802488], [-9314969.032900002, 5288506.731634536], [-9314970.089399999, 5288554.445047427], [-9314949.7133, 5288568.0205705], [-9314948.389499996, 5288538.548680427], [-9314947.5513, 5288507.323802488]]], [[[-9314721.8835, 5288600.282815041], [-9314723.3399, 5288637.74683235], [-9314702.188999996, 5288638.086011204], [-9314700.802199999, 5288600.785505173], [-9314721.8835, 5288600.282815041]]], [[[-9314741.619899997, 5288694.481072659], [-9314726.469899999, 5288694.772025141], [-9314725.492700001, 5288656.635128741], [-9314740.145299999, 5288656.015858291], [-9314756.048399994, 5288655.553024636], [-9314773.3659, 5288654.911932758], [-9314789.4349, 5288654.364503665], [-9314790.084699996, 5288676.364696587], [-9314799.544799997, 5288676.031097631], [-9314805.655500002, 5288692.793348915], [-9314790.585800001, 5288693.332806715], [-9314782.713, 5288693.317561603], [-9314774.095599996, 5288693.300821878], [-9314757.444299996, 5288693.936433499], [-9314741.619899997, 5288694.481072659]]], [[[-9314582.569599994, 5287990.817939795], [-9314570.997799998, 5287991.099127293], [-9314569.662600001, 5287922.741870701], [-9314581.899099998, 5287922.3660240825], [-9314582.569599994, 5287990.817939795]]], [[[-9314568.700199999, 5288063.789983247], [-9314587.761499995, 5288063.195922325], [-9314587.8746, 5288067.270251662], [-9314589.1316, 5288111.559079303], [-9314570.319999997, 5288112.213821753], [-9314568.807499997, 5288067.596178083], [-9314568.700199999, 5288063.789983247]]], [[[-9314624.2626, 5288110.625042502], [-9314607.3631, 5288111.080701808], [-9314606.021400003, 5288066.709969103], [-9314623.083, 5288066.001719329], [-9314623.382299999, 5288077.324150097], [-9314624.2626, 5288110.625042502]]], [[[-9314533.342099996, 5288068.452395059], [-9314534.6864, 5288112.989528664], [-9314518.120099999, 5288113.439408771], [-9314516.778699998, 5288069.0686759865], [-9314533.342099996, 5288068.452395059]]], [[[-9314660.963500002, 5288157.639358007], [-9314661.467499997, 5288177.370711808], [-9314661.648700003, 5288180.657477266], [-9314661.829899998, 5288183.944442017], [-9314662.871600002, 5288230.236361257], [-9314645.221099999, 5288230.621673896], [-9314627.989699997, 5288231.166312845], [-9314610.757199999, 5288231.627552093], [-9314609.300700001, 5288185.425907752], [-9314609.175, 5288182.506818401], [-9314626.224199997, 5288181.945539387], [-9314626.252899997, 5288178.306243273], [-9314625.677099995, 5288159.242386006], [-9314642.8235, 5288158.615941644], [-9314660.963500002, 5288157.639358007]]], [[[-9314714.2911, 5288273.620651342], [-9314692.891899997, 5288274.0449237125], [-9314692.302399997, 5288252.81277222], [-9314713.6169, 5288252.222497575], [-9314714.2911, 5288273.620651342]]], [[[-9314629.841699999, 5288302.794807405], [-9314629.823700001, 5288299.433908575], [-9314629.3619, 5288282.18471567], [-9314643.2674, 5288281.962515708], [-9314646.349599998, 5288281.993105581], [-9314664.330499995, 5288281.435612879], [-9314664.707099998, 5288298.587356645], [-9314664.874099994, 5288301.669558943], [-9314629.841699999, 5288302.794807405]]], [[[-9314668.170799997, 5288418.302518889], [-9314668.0627, 5288421.719416419], [-9314650.421799997, 5288422.322046656], [-9314650.438299999, 5288418.772426998], [-9314649.930599997, 5288403.705176427], [-9314667.743599998, 5288403.067273204], [-9314668.170799997, 5288418.302518889]]], [[[-9314580.3211, 5288424.716625032], [-9314598.553199999, 5288424.093767627], [-9314598.704900002, 5288427.90325167], [-9314599.873099998, 5288471.862079803], [-9314581.975299997, 5288472.417978329], [-9314580.477099996, 5288428.6314298855], [-9314580.3211, 5288424.716625032]]], [[[-9314544.599699998, 5288429.8278223], [-9314544.5768, 5288425.9372302815], [-9314563.012699995, 5288425.307696905], [-9314563.078799998, 5288429.178858878], [-9314564.410400001, 5288472.9681972945], [-9314546.0145, 5288473.615765761], [-9314544.599699998, 5288429.8278223]]], [[[-9314507.9072, 5288427.189521441], [-9314527.632899996, 5288426.515846982], [-9314527.782799996, 5288430.281787818], [-9314529.115699997, 5288474.154625636], [-9314509.220899997, 5288474.827801913], [-9314507.9699, 5288430.870368651], [-9314507.9072, 5288427.189521441]]], [[[-9314657.445300002, 5288662.909240092], [-9314640.951000001, 5288662.623767877], [-9314640.6611, 5288659.545948921], [-9314639.537200002, 5288617.915631011], [-9314656.605899995, 5288617.527129752], [-9314656.931599999, 5288642.593283624], [-9314657.485199999, 5288659.577036994], [-9314657.445300002, 5288662.909240092]]]]}, "properties": {"Group": 36, "Chld_Rt": 0.039628741088327, "Med_Income": 21941.06976744186, "Bay_Ld_Est": 9.537081339712918}}, {"type": "Feature", "geometry": {"type": "MultiPolygon", "coordinates": [[[[-9317280.902499998, 5285317.524828952], [-9317258.670700002, 5285331.667773709], [-9317248.238900002, 5285315.670210919], [-9317270.536299996, 5285301.348012174], [-9317292.253799997, 5285287.398072371], [-9317302.853199998, 5285303.560839603], [-9317280.902499998, 5285317.524828952]]], [[[-9317221.210899996, 5285332.128613356], [-9317200.487899996, 5285345.466259644], [-9317193.763100002, 5285334.467984919], [-9317191.374599999, 5285330.561459601], [-9317186.597399997, 5285322.748409024], [-9317206.703099998, 5285310.26657957], [-9317211.5914, 5285317.632640511], [-9317214.298600001, 5285321.712142564], [-9317221.210899996, 5285332.128613356]]], [[[-9317311.783899996, 5285387.009784903], [-9317299.807199996, 5285394.496411904], [-9317291.135800002, 5285381.439852407], [-9317335.073699998, 5285352.996329893], [-9317344.241899999, 5285366.7201849455], [-9317323.020300003, 5285379.985890775], [-9317319.5341, 5285382.16513932], [-9317311.783899996, 5285387.009784903]]], [[[-9317351.4893, 5285476.643652796], [-9317347.543099998, 5285479.059847832], [-9317332.5834, 5285488.345095405], [-9317301.2275, 5285507.434521172], [-9317287.1415, 5285484.718859825], [-9317273.468199996, 5285462.588689483], [-9317320.483899996, 5285434.601720326], [-9317331.4089, 5285427.8348997645], [-9317358.625099998, 5285472.274693101], [-9317351.4893, 5285476.643652796]]], [[[-9317285.129799996, 5285530.703290222], [-9317263.799699996, 5285543.993708711], [-9317257.7351, 5285534.00918005], [-9317250.2308, 5285521.724139569], [-9317240.374199996, 5285505.816151717], [-9317247.781799994, 5285501.463732338], [-9317261.684299996, 5285493.294962293], [-9317264.049799995, 5285497.033294047], [-9317271.453899994, 5285508.797112114], [-9317279.1659, 5285521.135858986], [-9317285.129799996, 5285530.703290222]]], [[[-9317225.170900002, 5285574.195600577], [-9317245.3271, 5285606.240752515], [-9317217.9519, 5285622.695471923], [-9317203.028299998, 5285598.5895173075], [-9317188.7376, 5285575.429555038], [-9317200.655299997, 5285568.286489227], [-9317211.946200002, 5285561.451015308], [-9317220.622999994, 5285556.260714368], [-9317229.667699998, 5285571.289370802], [-9317225.170900002, 5285574.195600577]]], [[[-9317417.324699998, 5285692.803499602], [-9317402.823399996, 5285669.876396731], [-9317387.7053, 5285645.955773566], [-9317435.377899997, 5285617.0961443195], [-9317450.391799996, 5285641.015670905], [-9317441.505, 5285646.464640304], [-9317456.3153, 5285669.8365403265], [-9317417.324699998, 5285692.803499602]]], [[[-9317460.212, 5285760.56608063], [-9317445.7112, 5285737.534652403], [-9317431.211499996, 5285714.399199342], [-9317478.151299998, 5285686.13213381], [-9317492.444599995, 5285709.057642708], [-9317506.842200002, 5285731.95804246], [-9317513.629699996, 5285742.754647102], [-9317466.794299997, 5285770.945089917], [-9317460.212, 5285760.56608063]]], [[[-9317434.623699997, 5285869.496260246], [-9317412.563599998, 5285882.938136594], [-9317389.876399994, 5285896.71341203], [-9317375.170699997, 5285873.263787911], [-9317360.156599998, 5285849.3174536005], [-9317382.429400003, 5285835.278927013], [-9317376.2591, 5285825.449337936], [-9317398.111299999, 5285811.980060907], [-9317444.219500002, 5285783.680510262], [-9317451.210899998, 5285795.025141058], [-9317405.4138, 5285823.483220855], [-9317419.4023, 5285845.444306486], [-9317434.623699997, 5285869.496260246]]], [[[-9317224.047100002, 5285888.620565984], [-9317233.816099998, 5285904.2537485175], [-9317244.203399997, 5285920.671903434], [-9317231.134400003, 5285928.639301594], [-9317213.150799995, 5285939.66568015], [-9317206.982199999, 5285929.627940118], [-9317190.775299998, 5285939.652926093], [-9317187.3824, 5285934.163401558], [-9317182.446899999, 5285926.216230491], [-9317178.128399994, 5285919.262680038], [-9317168.566399997, 5285903.813235429], [-9317153.864499997, 5285879.920806349], [-9317178.850799996, 5285864.940472258], [-9317200.805499995, 5285851.732453634], [-9317224.537200002, 5285837.471129647], [-9317243.5511, 5285869.17551572], [-9317241.982399996, 5285870.204409165], [-9317245.063299999, 5285875.665635384], [-9317224.047100002, 5285888.620565984]]], [[[-9317739.402099999, 5286000.760792668], [-9317746.497900002, 5286012.15833476], [-9317754.0041, 5286024.313447938], [-9317757.2952, 5286029.542012927], [-9317768.401099999, 5286047.44850797], [-9317746.967299996, 5286060.635803243], [-9317733.584299998, 5286068.861870475], [-9317722.292199997, 5286075.8284747], [-9317708.281999998, 5286084.413947338], [-9317697.094699997, 5286091.277423151], [-9317675.242600001, 5286104.695786509], [-9317661.052900001, 5286081.692251667], [-9317646.348099995, 5286058.008168781], [-9317631.642499996, 5286034.402404205], [-9317617.6583, 5286011.790858543], [-9317602.850700002, 5285987.95014119], [-9317649.164700001, 5285959.988768439], [-9317678.227899997, 5285942.48771406], [-9317696.3144, 5285931.5652611], [-9317710.814599996, 5285954.752730675], [-9317724.285400001, 5285976.475776039], [-9317735.391099999, 5285994.382071071], [-9317739.402099999, 5286000.760792668]]], [[[-9317488.169199994, 5286056.300121695], [-9317511.587499999, 5286042.217451885], [-9317533.1245, 5286029.18749003], [-9317563.547599997, 5286010.812184059], [-9317578.457999997, 5286034.835842814], [-9317595.603099998, 5286024.556871048], [-9317608.867299998, 5286046.0443661325], [-9317623.263199998, 5286069.283651087], [-9317638.2748, 5286093.69840211], [-9317653.082, 5286117.617339639], [-9317606.453999998, 5286145.732960158], [-9317584.603799999, 5286158.865055285], [-9317562.021499999, 5286172.485889996], [-9317546.130500002, 5286182.019846634], [-9317531.428300003, 5286157.997281209], [-9317546.901499998, 5286148.642479371], [-9317536.615499998, 5286132.484982614], [-9317489.048899997, 5286160.80118091], [-9317484.627099996, 5286153.690495238], [-9317469.817699997, 5286130.109539543], [-9317456.243199999, 5286108.384996986], [-9317441.331299998, 5286084.621200757], [-9317488.169199994, 5286056.300121695]]], [[[-9317194.9179, 5286204.301981872], [-9317180.7273, 5286181.557711335], [-9317173.2203, 5286169.583943437], [-9317220.791599998, 5286140.775019844], [-9317214.209699998, 5286130.317490453], [-9317238.049599996, 5286115.614155633], [-9317251.720999999, 5286138.224208501], [-9317265.8039, 5286161.462000493], [-9317242.593499996, 5286175.493655374], [-9317194.9179, 5286204.301981872]]], [[[-9317176.486099996, 5285448.25692358], [-9317161.8611, 5285425.250112225], [-9317204.174799995, 5285398.14197759], [-9317218.733699996, 5285421.188545237], [-9317197.181599997, 5285434.988526742], [-9317188.2385, 5285440.722169644], [-9317176.486099996, 5285448.25692358]]], [[[-9316874.426400002, 5285480.638360841], [-9316864.792699998, 5285465.541949577], [-9316867.390300002, 5285399.311563782], [-9316888.6531, 5285386.537586148], [-9316893.956800003, 5285395.243719489], [-9316926.601599997, 5285448.857360345], [-9316874.426400002, 5285480.638360841]]], [[[-9317003.6768, 5285551.603094366], [-9316983.915999997, 5285563.733890826], [-9316980.182099996, 5285557.880478855], [-9316956.797999999, 5285571.698098279], [-9316906.7181, 5285492.380158112], [-9316971.9337, 5285453.207487803], [-9316985.9383, 5285475.314341979], [-9317017.723299997, 5285455.677289664], [-9317057.207699997, 5285518.783035549], [-9317021.032300001, 5285540.988834384], [-9317003.6768, 5285551.603094366]]], [[[-9316748.5615, 5285680.8001428135], [-9316753.8206, 5285673.476925446], [-9316760.8526, 5285665.672641221], [-9316767.359299997, 5285658.5151269715], [-9316776.520000001, 5285644.456674251], [-9316797.5183, 5285620.159009898], [-9316839.874299997, 5285688.726487406], [-9316812.023299996, 5285697.231347885], [-9316784.380699996, 5285705.6594848335], [-9316757.781099997, 5285713.809424051], [-9316729.8258, 5285722.313188654], [-9316717.498, 5285701.196762161], [-9316732.341400001, 5285692.567250713], [-9316740.294699997, 5285686.77352314], [-9316748.5615, 5285680.8001428135]]], [[[-9317160.8614, 5285683.819066853], [-9317177.415999997, 5285710.378783186], [-9317161.003000002, 5285720.194023092], [-9317144.5526, 5285693.608898086], [-9317160.8614, 5285683.819066853]]], [[[-9317177.768699998, 5285787.708599001], [-9317188.8487, 5285781.2875310145], [-9317191.8268, 5285786.565815905], [-9317210.233799998, 5285815.949859723], [-9317199.3613, 5285822.450441423], [-9317177.768699998, 5285787.708599001]]], [[[-9316739.738999996, 5285801.016855867], [-9316782.32, 5285867.42801101], [-9316740.176299997, 5285880.455579867], [-9316739.738999996, 5285801.016855867]]], [[[-9317007.345599998, 5285905.612453868], [-9317035.678899998, 5285888.446194145], [-9317046.461, 5285881.884233214], [-9317055.230299996, 5285876.547359017], [-9317070.016200002, 5285899.920857436], [-9317061.051099999, 5285905.395535312], [-9317050.279099999, 5285911.973737844], [-9317022.049800001, 5285929.140894658], [-9317007.345599998, 5285905.612453868]]], [[[-9317148.437699996, 5285937.043426545], [-9317124.277999997, 5285897.702449101], [-9317141.005499998, 5285887.6292371815], [-9317165.269299999, 5285926.971210748], [-9317148.437699996, 5285937.043426545]]], [[[-9317112.882500002, 5285904.537326943], [-9317137.038899997, 5285944.320910158], [-9317124.0744, 5285952.184781419], [-9317098.978000002, 5285912.86233674], [-9317112.882500002, 5285904.537326943]]], [[[-9316969.5296, 5286103.020521277], [-9317017.204799999, 5286074.291610933], [-9317019.330599999, 5286077.699634235], [-9317024.608299995, 5286086.16055556], [-9316976.933499996, 5286114.837553176], [-9316969.5296, 5286103.020521277]]], [[[-9317121.678199999, 5286209.773472522], [-9317107.901999997, 5286218.516179666], [-9317103.485599998, 5286211.495369925], [-9317150.331699997, 5286182.316876663], [-9317172.440199994, 5286217.7407728145], [-9317139.360699998, 5286237.706353293], [-9317121.678199999, 5286209.773472522]]]]}, "properties": {"Group": 37, "Chld_Rt": 0.107911617873672, "Med_Income": 21898.7, "Bay_Ld_Est": 1.354567020713938}}, {"type": "Feature", "geometry": {"type": "MultiPolygon", "coordinates": [[[[-9320764.6268, 5288322.873512772], [-9320768.029399997, 5288325.769884224], [-9320781.001699997, 5288336.8120264625], [-9320744.973499997, 5288378.873781926], [-9320728.545599999, 5288364.705794007], [-9320764.6268, 5288322.873512772]]], [[[-9320813.252700001, 5288364.264184034], [-9320815.131699994, 5288365.863625218], [-9320835.993699998, 5288383.621288482], [-9320799.802899998, 5288426.160526304], [-9320777.0632, 5288406.549136771], [-9320813.252700001, 5288364.264184034]]], [[[-9320921.857599996, 5288460.4958034465], [-9320949.044299997, 5288428.059190221], [-9320964.811999997, 5288441.686126858], [-9320980.202599997, 5288454.987037481], [-9320952.153, 5288487.050096354], [-9320937.301899998, 5288474.353409918], [-9320921.857599996, 5288460.4958034465]]], [[[-9320771.775199994, 5288488.117254118], [-9320772.1684, 5288495.026378336], [-9320772.549099999, 5288500.519999007], [-9320773.186999997, 5288506.844029861], [-9320774.175199999, 5288515.163875008], [-9320775.054999998, 5288520.569911092], [-9320778.9604, 5288537.8789915675], [-9320779.818700003, 5288541.682796393], [-9320784.043099996, 5288558.386755793], [-9320743.7979, 5288569.382965386], [-9320744.603500001, 5288571.971047352], [-9320746.3181, 5288577.619411208], [-9320750.115000002, 5288592.911055899], [-9320751.823900001, 5288597.893318035], [-9320768.096599996, 5288611.244549102], [-9320796.266300002, 5288604.003917807], [-9320808.833100002, 5288650.951292267], [-9320775.851999994, 5288650.821160759], [-9320751.864799997, 5288650.612810889], [-9320746.377699997, 5288650.578833223], [-9320723.880399996, 5288650.439136163], [-9320711.526099999, 5288608.7368775625], [-9320706.370699998, 5288590.458784929], [-9320700.197899995, 5288570.107456961], [-9320694.3519, 5288549.003638553], [-9320733.4719, 5288536.838039388], [-9320732.511999998, 5288531.765901085], [-9320728.561400002, 5288517.974854347], [-9320689.115399998, 5288530.97624415], [-9320683.027499996, 5288510.79072016], [-9320676.927399997, 5288489.189792526], [-9320716.302899998, 5288477.68810357], [-9320707.698299997, 5288465.020412823], [-9320738.534099998, 5288429.107316462], [-9320756.574400002, 5288444.691506101], [-9320773.357999995, 5288459.3704552], [-9320772.4195, 5288466.3744377345], [-9320771.9914, 5288474.623238413], [-9320771.715399995, 5288481.205240349], [-9320771.775199994, 5288488.117254118]]], [[[-9321056.722699998, 5288521.702632851], [-9321055.171499997, 5288515.719574273], [-9321048.181899995, 5288497.29122394], [-9321039.288700001, 5288480.212116023], [-9321095.742799997, 5288443.521717883], [-9321099.548200002, 5288446.415200011], [-9321112.9495, 5288456.6056099], [-9321119.502500001, 5288461.588369713], [-9321087.519799998, 5288510.190879826], [-9321056.722699998, 5288521.702632851]]], [[[-9320796.504899997, 5288497.147242339], [-9320797.381200003, 5288492.558962085], [-9320798.284099996, 5288491.051987831], [-9320799.020499999, 5288489.546508207], [-9320800.0915, 5288488.20453986], [-9320801.501499996, 5288487.526082603], [-9320803.496600002, 5288487.092344232], [-9320805.410299996, 5288486.909203628], [-9320807.917299997, 5288487.886883557], [-9320810.176499996, 5288489.116456571], [-9320855.912899999, 5288529.195654972], [-9320835.3784, 5288552.527351856], [-9320809.793899994, 5288560.161665465], [-9320805.487700002, 5288543.792102076], [-9320802.8976, 5288533.237303458], [-9320799.265599998, 5288517.777763956], [-9320796.388999997, 5288502.9781486355], [-9320796.504899997, 5288497.147242339]]], [[[-9320981.149300002, 5288517.4464568], [-9320949.084600002, 5288554.425916316], [-9320933.808699999, 5288541.29857972], [-9320967.8441, 5288500.572211014], [-9320976.0999, 5288511.410688012], [-9320978.353499994, 5288514.104489232], [-9320981.149300002, 5288517.4464568]]], [[[-9321007.686699996, 5288552.3619473735], [-9320982.8897, 5288583.476523522], [-9320965.487099998, 5288568.521467105], [-9320994.2902, 5288534.572197309], [-9321007.686699996, 5288552.3619473735]]], [[[-9320813.478199998, 5288725.535369237], [-9320782.173199996, 5288726.640091973], [-9320766.937799996, 5288727.272016883], [-9320755.198099997, 5288727.623750563], [-9320753.3914, 5288682.58151431], [-9320780.627999997, 5288682.928166261], [-9320812.108599998, 5288682.904750562], [-9320813.478199998, 5288725.535369237]]], [[[-9320867.327599999, 5288683.174778393], [-9320892.314199997, 5288683.374060916], [-9320922.131499998, 5288683.614594923], [-9320922.830900002, 5288725.751491151], [-9320892.9424, 5288726.927457383], [-9320880.1156, 5288726.789055666], [-9320867.543699998, 5288727.23126362], [-9320838.317, 5288727.901749705], [-9320837.177100003, 5288682.936835058], [-9320867.327599999, 5288683.174778393]]], [[[-9320980.796799997, 5288725.830407042], [-9320986.791199997, 5288725.61159482], [-9321027.335599998, 5288723.926262429], [-9321028.293, 5288747.821035601], [-9320987.501700003, 5288749.841860173], [-9320945.450399995, 5288750.624143783], [-9320944.574200002, 5288726.478573485], [-9320980.796799997, 5288725.830407042]]], [[[-9320842.2979, 5288841.054178537], [-9320883.929699998, 5288839.859678908], [-9320884.5602, 5288864.507443371], [-9320842.927599996, 5288865.618742541], [-9320842.2979, 5288841.054178537]]], [[[-9320776.376, 5288914.170450734], [-9320819.024000002, 5288913.467082913], [-9320819.462499997, 5288935.201437281], [-9320777.0823, 5288936.568814619], [-9320776.500399996, 5288917.500860927], [-9320776.376, 5288914.170450734]]], [[[-9320595.520999998, 5288089.36798338], [-9320625.577, 5288055.097881413], [-9320639.560199995, 5288067.737170399], [-9320609.6813, 5288101.635013114], [-9320595.520999998, 5288089.36798338]]], [[[-9320696.775500001, 5288265.117467875], [-9320704.671799997, 5288271.839066119], [-9320713.5598, 5288279.404725263], [-9320677.953699999, 5288321.073294551], [-9320661.496699998, 5288306.879599828], [-9320696.775500001, 5288265.117467875]]], [[[-9320590.029499996, 5288379.258197827], [-9320628.693299996, 5288333.7003302565], [-9320648.580599999, 5288351.017578812], [-9320637.798199998, 5288384.924097705], [-9320635.255199997, 5288400.433954449], [-9320586.9851, 5288402.770242651], [-9320591.290899996, 5288422.396877235], [-9320591.927199999, 5288425.297533497], [-9320635.376099996, 5288422.589184832], [-9320638.457399996, 5288441.801212491], [-9320643.456099998, 5288461.246400956], [-9320649.293399997, 5288481.350616928], [-9320608.077100001, 5288491.868248945], [-9320611.084699998, 5288502.585960681], [-9320613.825999998, 5288511.390460837], [-9320654.959100002, 5288500.873326876], [-9320660.967299998, 5288521.475849354], [-9320620.168499997, 5288532.156694084], [-9320623.253899999, 5288542.207507227], [-9320625.8271, 5288550.846702826], [-9320666.214499999, 5288540.752545653], [-9320671.882399997, 5288560.525256394], [-9320631.403699998, 5288569.70410916], [-9320629.344499998, 5288562.725933151], [-9320589.889499996, 5288574.727523044], [-9320583.548299998, 5288554.1277896715], [-9320578.222399997, 5288535.351491552], [-9320572.1305, 5288514.6663662465], [-9320566.304799998, 5288495.894452912], [-9320560.122299999, 5288474.377323823], [-9320599.334400002, 5288463.210828149], [-9320596.6323, 5288449.32582045], [-9320595.157499999, 5288442.509263191], [-9320554.285199996, 5288454.273107959], [-9320548.797099998, 5288435.998006736], [-9320542.960799998, 5288415.976991904], [-9320536.9565, 5288395.791071132], [-9320582.6419, 5288382.070272931], [-9320590.029499996, 5288379.258197827]]], [[[-9320686.755799994, 5288441.2994191935], [-9320703.746899996, 5288460.7237826185], [-9320671.4332, 5288470.248389794], [-9320665.086899996, 5288449.065956077], [-9320664.048699997, 5288444.577516524], [-9320663.2681, 5288441.003185759], [-9320686.755799994, 5288441.2994191935]]], [[[-9320633.998400003, 5288609.658658843], [-9320641.587599996, 5288649.320164802], [-9320612.030999996, 5288650.3257444175], [-9320601.739999998, 5288616.0178636005], [-9320595.385099996, 5288593.835627125], [-9320634.669899995, 5288581.419031234], [-9320637.661699997, 5288590.304739544], [-9320677.7162, 5288580.213172735], [-9320683.822199997, 5288602.480801534], [-9320661.418799996, 5288608.024043998], [-9320657.311999999, 5288609.040285192], [-9320642.389899999, 5288607.337216807], [-9320633.998400003, 5288609.658658843]]], [[[-9320644.4377, 5288729.451470335], [-9320620.6325, 5288729.956252989], [-9320619.068399996, 5288683.995623122], [-9320646.211599994, 5288683.1774687], [-9320668.940199997, 5288682.314276429], [-9320697.005199997, 5288682.154252568], [-9320698.2409, 5288728.617373287], [-9320669.595, 5288729.032379159], [-9320667.4115, 5288729.084491542], [-9320658.6872, 5288729.293439275], [-9320647.194999997, 5288729.392980901], [-9320644.4377, 5288729.451470335]]], [[[-9320508.637200002, 5287949.393701359], [-9320513.290999994, 5287953.600652779], [-9320522.5577, 5287961.976791667], [-9320491.098499998, 5287998.9049201235], [-9320477.1578, 5287986.827508602], [-9320508.637200002, 5287949.393701359]]], [[[-9320560.336899998, 5288345.202416514], [-9320593.534899998, 5288303.190183836], [-9320610.652399998, 5288318.032941521], [-9320574.191999996, 5288367.9852861315], [-9320572.247800002, 5288364.6708199335], [-9320560.336899998, 5288345.202416514]]], [[[-9320522.493, 5288331.538215063], [-9320522.610399997, 5288325.874009312], [-9320522.981499996, 5288320.623912579], [-9320546.474599997, 5288321.586646203], [-9320560.336899998, 5288345.202416514], [-9320525.537499998, 5288356.163749863], [-9320524.323999997, 5288350.677602907], [-9320523.441599999, 5288344.9385665115], [-9320522.633100001, 5288338.116330267], [-9320522.493, 5288331.538215063]]], [[[-9320477.785999997, 5288429.533183148], [-9320475.0465, 5288420.895283698], [-9320471.956499994, 5288410.261669837], [-9320467.931, 5288397.387423475], [-9320415.098899998, 5288412.918503941], [-9320407.299299998, 5288387.334419326], [-9320400.1927, 5288364.826160627], [-9320392.985499999, 5288340.319696944], [-9320390.665999996, 5288332.094711371], [-9320387.227899997, 5288319.715284142], [-9320385.251499994, 5288312.653311205], [-9320382.8436, 5288303.846122082], [-9320380.688400002, 5288295.36994119], [-9320443.391499996, 5288285.000776204], [-9320441.4378, 5288270.942992517], [-9320488.906799998, 5288213.15107909], [-9320505.601999996, 5288227.331221589], [-9320462.799800001, 5288285.499281293], [-9320504.447899997, 5288286.471879369], [-9320502.661900003, 5288291.8172329925], [-9320501.217699999, 5288298.159297901], [-9320500.0973, 5288303.415771579], [-9320498.976900002, 5288308.6722452855], [-9320498.213300003, 5288316.674034344], [-9320497.932699999, 5288322.756135398], [-9320497.647200001, 5288328.255335223], [-9320497.8728, 5288335.082553503], [-9320497.9992, 5288340.078365858], [-9320453.284499997, 5288350.459089676], [-9320460.1321, 5288371.886938155], [-9320500.920799997, 5288360.124389477], [-9320505.412399994, 5288378.741059797], [-9320511.660699997, 5288398.258586842], [-9320517.655499997, 5288417.362104831], [-9320477.785999997, 5288429.533183148]]], [[[-9320537.5401, 5288482.484733617], [-9320497.2554, 5288494.826199078], [-9320498.542599998, 5288499.229246255], [-9320503.597799998, 5288515.5924320305], [-9320505.7445, 5288523.0695115365], [-9320509.510900002, 5288534.863349048], [-9320512.696599998, 5288546.912268285], [-9320515.357300002, 5288556.0504673105], [-9320555.648599999, 5288544.458403138], [-9320561.571900003, 5288564.8953225445], [-9320521.277699998, 5288576.154186544], [-9320527.455699999, 5288597.172014976], [-9320475.860299999, 5288611.360232601], [-9320467.809899997, 5288585.694737171], [-9320460.777599996, 5288562.1857779045], [-9320453.486100001, 5288537.596608259], [-9320445.952800002, 5288513.925334265], [-9320438.656999998, 5288488.836564295], [-9320437.808599997, 5288485.828096068], [-9320437.110599998, 5288483.353107099], [-9320429.325299995, 5288459.434524522], [-9320482.331499998, 5288444.73485005], [-9320484.206, 5288449.6324165575], [-9320489.699100003, 5288468.490419261], [-9320490.547000002, 5288470.862179876], [-9320530.878499996, 5288459.607999937], [-9320531.7877, 5288462.54632067], [-9320537.5401, 5288482.484733617]]], [[[-9320587.312999997, 5288652.2887769025], [-9320573.660000002, 5288652.9067520145], [-9320557.597099999, 5288654.12845352], [-9320534.1305, 5288656.330326112], [-9320525.514699996, 5288623.090699084], [-9320532.613699999, 5288615.783308072], [-9320527.455699999, 5288597.172014976], [-9320567.326600002, 5288585.083836627], [-9320573.323, 5288604.354156818], [-9320587.312999997, 5288652.2887769025]]], [[[-9320513.051899998, 5288693.90823502], [-9320529.097499996, 5288690.687829346], [-9320549.900199998, 5288688.592273914], [-9320571.371799996, 5288686.823840762], [-9320596.681399997, 5288685.85532767], [-9320597.557500001, 5288729.323132385], [-9320572.320199998, 5288729.041845085], [-9320559.413, 5288729.237042328], [-9320559.785700003, 5288753.053597204], [-9320511.735399999, 5288753.552799966], [-9320507.889799997, 5288732.597742992], [-9320498.4986, 5288696.36608611], [-9320513.051899998, 5288693.90823502]]], [[[-9320367.876499994, 5288132.914086112], [-9320368.106199997, 5288130.580189775], [-9320368.757999998, 5288128.90890757], [-9320369.320099998, 5288126.488921221], [-9320370.304199995, 5288124.731549012], [-9320371.792199997, 5288123.469493301], [-9320373.037099998, 5288122.958931698], [-9320374.447700001, 5288122.363973958], [-9320375.942199994, 5288121.851319885], [-9320377.5229, 5288121.671068914], [-9320379.605499996, 5288121.736333914], [-9320382.9384, 5288121.957437777], [-9320385.280099997, 5288123.103212171], [-9320432.020099998, 5288164.090230469], [-9320408.996500002, 5288188.524152031], [-9320365.857199999, 5288188.397009822], [-9320365.5885, 5288176.57338274], [-9320365.862800002, 5288169.741880717], [-9320366.481200002, 5288154.579276389], [-9320367.876499994, 5288132.914086112]]], [[[-9320417.868299998, 5288212.932266955], [-9320422.683199998, 5288220.802528995], [-9320455.932499995, 5288184.703907437], [-9320473.382699996, 5288199.543873819], [-9320432.3218, 5288247.202970939], [-9320436.324899996, 5288257.495411874], [-9320375.554499997, 5288269.846440753], [-9320373.980800001, 5288261.198578245], [-9320372.046699999, 5288249.389298821], [-9320370.8241, 5288242.820550344], [-9320370.285699999, 5288238.328026214], [-9320368.6716, 5288225.016655473], [-9320367.760499997, 5288215.94681267], [-9320417.868299998, 5288212.932266955]]], [[[-9320005.264999999, 5288489.157209843], [-9320049.7303, 5288488.358585231], [-9320050.240799997, 5288509.008736026], [-9320005.278699998, 5288510.144845576], [-9320005.186399998, 5288499.401924539], [-9320005.264999999, 5288489.157209843]]], [[[-9320439.362399997, 5288782.495998353], [-9320438.515499998, 5288761.598433918], [-9320449.989099996, 5288759.333787147], [-9320453.7293, 5288758.46850236], [-9320440.540399995, 5288706.778100114], [-9320466.721399996, 5288700.638603907], [-9320469.387999995, 5288710.44330444], [-9320472.394699996, 5288721.07801681], [-9320475.005399998, 5288734.048121295], [-9320478.771999996, 5288755.503477103], [-9320482.080099998, 5288781.710326924], [-9320439.362399997, 5288782.495998353]]]]}, "properties": {"Group": 38, "Chld_Rt": 0.143143532066063, "Med_Income": 48427.53846153846, "Bay_Ld_Est": 8.997755539594321}}, {"type": "Feature", "geometry": {"type": "MultiPolygon", "coordinates": [[[[-9317055.106499994, 5289081.850696305], [-9317097.2161, 5289099.748664309], [-9317091.198199999, 5289112.752750254], [-9317045.1583, 5289092.303566335], [-9317055.106499994, 5289081.850696305]]], [[[-9317046.362799997, 5289171.835158228], [-9317031.282600002, 5289165.253053153], [-9317040.3854, 5289145.199344728], [-9317047.030499997, 5289130.560244393], [-9317052.0833, 5289119.428717167], [-9317067.491199998, 5289126.223855108], [-9317046.362799997, 5289171.835158228]]], [[[-9317054.428, 5289256.805775403], [-9317038.663599998, 5289250.139572643], [-9317057.690799996, 5289205.157401956], [-9317073.365100002, 5289212.0375343645], [-9317054.428, 5289256.805775403]]], [[[-9317024.494699996, 5289371.697090968], [-9317013.733, 5289367.381525902], [-9317009.439499997, 5289365.659823593], [-9317025.7135, 5289328.081795601], [-9317040.944099998, 5289334.534068869], [-9317024.494699996, 5289371.697090968]]], [[[-9316962.960399998, 5289498.795076984], [-9316996.033499995, 5289498.826563635], [-9316996.205599997, 5289540.550273733], [-9316996.217999998, 5289543.538317934], [-9316979.760399997, 5289543.487799772], [-9316963.310400002, 5289543.437181987], [-9316962.960399998, 5289498.795076984]]], [[[-9317046.264399996, 5289540.679907099], [-9317046.094199996, 5289498.874092559], [-9317063.250099996, 5289498.890334088], [-9317063.498699997, 5289540.724446771], [-9317063.516599994, 5289543.744874405], [-9317046.276599994, 5289543.691964861], [-9317046.264399996, 5289540.679907099]]], [[[-9317129.678699998, 5289588.860875139], [-9317129.543199996, 5289547.057350788], [-9317129.533099996, 5289543.946947026], [-9317129.523199994, 5289540.894833449], [-9317129.387199998, 5289498.952510275], [-9317146.641400002, 5289498.968652166], [-9317146.892799996, 5289540.93967205], [-9317146.911199998, 5289543.999956221], [-9317146.929699996, 5289547.10278724], [-9317147.179600002, 5289588.828392063], [-9317129.678699998, 5289588.860875139]]], [[[-9316962.354399998, 5289614.668977167], [-9316978.848399999, 5289614.624437485], [-9316978.6112, 5289654.7940453505], [-9316978.592299998, 5289657.983963162], [-9316962.391099997, 5289658.001898603], [-9316962.354399998, 5289614.668977167]]], [[[-9316996.128599996, 5289657.964333821], [-9317010.1632, 5289657.948690126], [-9317010.1569, 5289661.038767325], [-9317010.074199999, 5289702.071569568], [-9316996.001500001, 5289702.016467915], [-9316996.119699998, 5289661.040361591], [-9316996.128599996, 5289657.964333821]]], [[[-9317045.1932, 5289657.909331799], [-9317062.105699994, 5289657.890300299], [-9317078.473899996, 5289657.871966294], [-9317078.479899997, 5289661.030696388], [-9317078.558700003, 5289702.339804074], [-9317062.144099997, 5289702.275535404], [-9317045.066799995, 5289702.208576424], [-9317045.184300002, 5289661.034682035], [-9317045.1932, 5289657.909331799]]], [[[-9317145.902299996, 5289657.795740671], [-9317164.149399994, 5289657.775015279], [-9317164.146900002, 5289661.020034762], [-9317164.1152, 5289702.674200406], [-9317145.773099996, 5289702.602458649], [-9317145.892900001, 5289661.022326516], [-9317145.902299996, 5289657.795740671]]], [[[-9317307.402299998, 5289703.220035682], [-9317264.911999997, 5289702.987572424], [-9317264.992099997, 5289680.040869012], [-9317307.394499995, 5289680.224906581], [-9317307.402299998, 5289703.220035682]]], [[[-9317096.413299995, 5289728.446433823], [-9317096.4214, 5289773.489702786], [-9317078.136799999, 5289773.401619837], [-9317078.251699997, 5289728.38674865], [-9317096.413299995, 5289728.446433823]]], [[[-9317232.733899998, 5289817.730262586], [-9317188.239199998, 5289817.555093096], [-9317188.5212, 5289772.7353181355], [-9317211.220999999, 5289772.744186216], [-9317232.7717, 5289772.752556091], [-9317232.7685, 5289776.463299528], [-9317232.757199997, 5289789.97795452], [-9317232.745, 5289804.556380716], [-9317232.733899998, 5289817.730262586]]], [[[-9316936.293500002, 5289050.872816052], [-9316919.527899997, 5289050.980229365], [-9316918.814299997, 5288996.89503677], [-9316936.0532, 5288996.770186223], [-9316936.293500002, 5289050.872816052]]], [[[-9316871.123299997, 5289101.808847734], [-9316870.6253, 5289051.2932026675], [-9316889.087500002, 5289051.175127727], [-9316903.169900002, 5289051.084952361], [-9316904.122399995, 5289101.855679156], [-9316871.123299997, 5289101.808847734]]], [[[-9316826.864999996, 5289187.634980561], [-9316804.287599994, 5289192.268699712], [-9316781.532199994, 5289196.23910672], [-9316782.0842, 5289126.0916310875], [-9316840.880599998, 5289126.463093855], [-9316840.783899998, 5289148.661481316], [-9316840.760999998, 5289153.903610099], [-9316856.628399996, 5289154.141752815], [-9316856.624799997, 5289179.213198048], [-9316840.630099999, 5289183.984721092], [-9316826.864999996, 5289187.634980561]]], [[[-9316876.160100002, 5289312.213418327], [-9316885.762899999, 5289316.064256128], [-9316901.579200001, 5289322.406923893], [-9316917.996, 5289282.446871995], [-9316932.174899997, 5289288.4539476605], [-9316916.255500002, 5289328.292238061], [-9316903.903999997, 5289323.339267657], [-9316886.6323, 5289364.927061354], [-9316874.4574, 5289360.087183718], [-9316876.160100002, 5289312.213418327]]], [[[-9316825.573199995, 5289291.926945538], [-9316839.101899996, 5289297.352315263], [-9316843.466599999, 5289299.102614542], [-9316841.714299994, 5289359.911814996], [-9316823.299999997, 5289359.813170085], [-9316777.906299997, 5289359.569945643], [-9316777.974999998, 5289305.259451172], [-9316825.122499999, 5289305.384501019], [-9316825.573199995, 5289291.926945538]]], [[[-9316949.876, 5289390.068558518], [-9316967.465099994, 5289348.827914355], [-9316979.0068, 5289353.456253441], [-9316982.6928, 5289354.934332709], [-9316965.146899998, 5289396.13920584], [-9316949.876, 5289390.068558518]]], [[[-9316929.774499997, 5289447.436749785], [-9316929.687999995, 5289434.946809702], [-9316913.467700003, 5289435.062094708], [-9316913.426899998, 5289428.644795056], [-9316913.2695, 5289403.805808197], [-9316929.5181, 5289410.352940373], [-9316946.946099997, 5289417.375461319], [-9316946.732000003, 5289447.409647355], [-9316929.774499997, 5289447.436749785]]], [[[-9316863.574999997, 5289474.352960178], [-9316846.416699998, 5289474.289986864], [-9316846.360799996, 5289428.446209906], [-9316863.479199998, 5289428.496927328], [-9316863.574999997, 5289474.352960178]]], [[[-9316896.056599997, 5289474.472529772], [-9316880.227000002, 5289474.414239582], [-9316880.0736, 5289428.546150143], [-9316896.018399999, 5289428.593280485], [-9316896.056599997, 5289474.472529772]]], [[[-9316846.214599997, 5289540.160377211], [-9316845.926699996, 5289498.682681566], [-9316864.826799998, 5289498.700816283], [-9316864.8111, 5289540.209002178], [-9316864.810000002, 5289543.1337741325], [-9316846.234699998, 5289543.076480369], [-9316846.214599997, 5289540.160377211]]], [[[-9316913.909800002, 5289658.055904217], [-9316897.373800002, 5289658.0741385715], [-9316880.964400003, 5289658.092273304], [-9316881.038499998, 5289701.5647937115], [-9316846.4694, 5289701.428683638], [-9316846.3928, 5289658.130435929], [-9316846.316600002, 5289614.982249526], [-9316930.779599998, 5289614.754369789], [-9316930.939599998, 5289658.03687271], [-9316931.1012, 5289701.761585361], [-9316913.9423, 5289701.694128167], [-9316913.909800002, 5289658.055904217]]], [[[-9316879.581699999, 5289772.443269354], [-9316864.5449, 5289772.370630807], [-9316864.421399994, 5289727.68328076], [-9316879.326899996, 5289727.732503585], [-9316879.581699999, 5289772.443269354]]], [[[-9316944.9583, 5289727.948725302], [-9316944.550799998, 5289772.757438517], [-9316929.149299998, 5289772.682906798], [-9316928.976899998, 5289727.896214315], [-9316944.9583, 5289727.948725302]]], [[[-9316405.136300001, 5288867.159694904], [-9316742.286399996, 5288869.007542402], [-9316741.723900001, 5288970.956915144], [-9316405.419399997, 5288971.100797161], [-9316405.136300001, 5288867.159694904]]], [[[-9316488.022949217, 5289145.159409109], [-9316522.338256836, 5289145.289494994], [-9316538.246337887, 5289145.323308814], [-9316555.239135735, 5289145.597833243], [-9316571.14697266, 5289145.631586255], [-9316588.471679691, 5289145.736737496], [-9316605.37976074, 5289145.845233637], [-9316621.125366211, 5289146.380112317], [-9316637.86279297, 5289145.990280329], [-9316656.105712889, 5289146.30567326], [-9316668.34765625, 5289146.364239285], [-9316675.590332031, 5289146.395438006], [-9316725.235473627, 5289146.592056853], [-9316725.160034176, 5289167.415166826], [-9316725.019653322, 5289180.492966018], [-9316724.91760254, 5289218.057932063], [-9316724.742919918, 5289227.054658874], [-9316723.956176758, 5289351.998379165], [-9316636.080322271, 5289351.234162388], [-9316620.587646477, 5289351.113867889], [-9316603.262817377, 5289351.008777431], [-9316585.854614258, 5289350.904355968], [-9316569.697143544, 5289350.956049757], [-9316552.205566404, 5289350.852236457], [-9316536.213256842, 5289350.735834179], [-9316519.387939448, 5289350.62636497], [-9316502.229614254, 5289350.519632482], [-9316486.65429688, 5289350.483142742], [-9316471.747558592, 5289350.607511938], [-9316453.337768551, 5289350.344542548], [-9316437.096191406, 5289350.313465446], [-9316419.93786621, 5289350.206732966], [-9316403.030151367, 5289350.181068524], [-9316385.622680658, 5289350.1594179375], [-9316385.747680658, 5289305.172374491], [-9316385.805419918, 5289246.952451227], [-9316385.65844727, 5289189.652740882], [-9316385.751953132, 5289165.751964739], [-9316385.743530272, 5289144.762887321], [-9316421.89099121, 5289144.878012438], [-9316437.712646479, 5289144.910609926], [-9316453.956909182, 5289144.943754768], [-9316471.442138672, 5289144.851374932], [-9316488.022949217, 5289145.159409109]]], [[[-9316716.114827953, 5289296.44295139], [-9316716.591552727, 5289233.724435287], [-9316645.072875977, 5289233.180616577], [-9316644.263671877, 5289339.552398071], [-9316644.263700044, 5289339.552398029], [-9316645.072899997, 5289233.1806222275], [-9316716.591499994, 5289233.724464469], [-9316716.114827953, 5289296.44295139]]], [[[-9316715.787963994, 5289339.445588571], [-9316663.546349972, 5289339.523607003], [-9316715.78796387, 5289339.445604775], [-9316715.787963994, 5289339.445588571]]], [[[-9316552.545299996, 5289425.222613879], [-9316535.970499996, 5289425.1945150355], [-9316536.120500002, 5289383.297233471], [-9316553.1941, 5289383.237847241], [-9316552.545299996, 5289425.222613879]]], [[[-9316689.893600002, 5289425.740649116], [-9316671.903599996, 5289425.807707724], [-9316672.716399997, 5289383.571745306], [-9316690.0429, 5289383.843168256], [-9316689.893600002, 5289425.740649116]]], [[[-9316689.621599998, 5289472.886439163], [-9316671.380999997, 5289472.87248938], [-9316652.637999998, 5289472.5296235755], [-9316652.5453, 5289431.550236335], [-9316671.951599997, 5289431.554520918], [-9316689.777699996, 5289431.821858587], [-9316689.621599998, 5289472.886439163]]], [[[-9316776.704499997, 5289554.507134498], [-9316776.9198, 5289517.685677644], [-9316823.6125, 5289517.480316864], [-9316823.637600001, 5289569.887870057], [-9316793.573399998, 5289569.8014810225], [-9316776.6155, 5289569.75275641], [-9316776.704499997, 5289554.507134498]]], [[[-9316606.067199998, 5289541.311334213], [-9316616.0647, 5289541.378392819], [-9316615.617600001, 5289587.066733297], [-9316605.8691, 5289586.949355794], [-9316606.067199998, 5289541.311334213]]], [[[-9316694.7786, 5289611.443985706], [-9316738.256200003, 5289611.41329618], [-9316737.727199996, 5289667.641500671], [-9316694.166099995, 5289667.672887698], [-9316694.7786, 5289611.443985706]]], [[[-9316823.427399997, 5289631.7745049745], [-9316823.4517, 5289667.595964588], [-9316775.867599998, 5289667.058100627], [-9316776.084899994, 5289631.907625804], [-9316823.427399997, 5289631.7745049745]]]]}, "properties": {"Group": 39, "Chld_Rt": 0.022811228264122, "Med_Income": 39147.47826086957, "Bay_Ld_Est": 2.123878774353362}}, {"type": "Feature", "geometry": {"type": "MultiPolygon", "coordinates": [[[[-9319990.445799997, 5286023.149740014], [-9320007.358100003, 5286011.141896329], [-9320036.679199997, 5286022.590056172], [-9320022.714799996, 5286060.150551272], [-9320017.658800002, 5286054.353135336], [-9319990.445799997, 5286023.149740014]]], [[[-9320046.475699998, 5286091.876365591], [-9320067.5442, 5286034.6411441825], [-9320083.127299998, 5286040.725327002], [-9320061.116699997, 5286097.610111044], [-9320046.475699998, 5286091.876365591]]], [[[-9320044.685699996, 5286097.476990592], [-9320023.507499998, 5286152.858791233], [-9320007.4881, 5286146.701869915], [-9320028.838099997, 5286091.400778799], [-9320044.685699996, 5286097.476990592]]], [[[-9319923.239499997, 5286163.049282739], [-9319919.066699997, 5286171.284417964], [-9319877.767300002, 5286154.607093437], [-9319882.579199998, 5286146.78108457], [-9319923.239499997, 5286163.049282739]]], [[[-9319905.734799996, 5286197.593447339], [-9319902.455000002, 5286204.065932182], [-9319858.3939, 5286186.115293978], [-9319862.184499996, 5286179.95020193], [-9319905.734799996, 5286197.593447339]]], [[[-9320072.483999994, 5286264.640930706], [-9320051.033500003, 5286256.372813706], [-9320041.651199998, 5286252.7564404495], [-9320023.976499995, 5286297.564535478], [-9320004.837899998, 5286290.172661913], [-9319986.448199999, 5286283.07004646], [-9320001.804699998, 5286237.397067397], [-9320003.767399998, 5286238.153741733], [-9320013.970599996, 5286242.086774297], [-9320034.697199998, 5286187.112601463], [-9320052.947999999, 5286194.10810224], [-9320073.2725, 5286201.898340265], [-9320104.324599996, 5286213.800466528], [-9320072.483999994, 5286264.640930706]]], [[[-9319964.125100002, 5286222.8730853], [-9319973.778199999, 5286226.594081614], [-9319982.705399994, 5286230.035086513], [-9319966.517099999, 5286275.372075589], [-9319945.835000003, 5286267.383750677], [-9319964.125100002, 5286222.8730853]]], [[[-9320141.158399995, 5286292.09902292], [-9320135.2156, 5286289.542332452], [-9320131.4625, 5286287.927549108], [-9320126.203099998, 5286285.664899456], [-9320122.471899997, 5286284.059482382], [-9320144.6188, 5286229.282896033], [-9320149.2156, 5286231.110213714], [-9320163.499099994, 5286236.788658992], [-9320141.158399995, 5286292.09902292]]], [[[-9320108.015899999, 5286406.610842028], [-9320093.2456, 5286444.484121625], [-9320077.708, 5286437.858885801], [-9320074.629999997, 5286436.546413334], [-9320058.4997, 5286429.668487735], [-9320054.5761, 5286427.9953145385], [-9320069.688899996, 5286390.76651399], [-9320073.4586, 5286392.325000244], [-9320078.011899998, 5286394.207220389], [-9320094.951800002, 5286353.816709533], [-9320099.8435, 5286355.892930819], [-9320113.608999996, 5286361.735385871], [-9320097.442600003, 5286402.2398863835], [-9320102.473799996, 5286404.319794468], [-9320108.015899999, 5286406.610842028]]], [[[-9319920.6812, 5286447.956613686], [-9319929.658299997, 5286451.5246615615], [-9319950.039299997, 5286459.625382772], [-9319925.858599998, 5286498.22036438], [-9319904.258899998, 5286489.117253511], [-9319920.6812, 5286447.956613686]]], [[[-9320069.337499997, 5286511.693235627], [-9320067.431199998, 5286510.889231619], [-9320059.856299996, 5286507.693841265], [-9320055.967799999, 5286506.053449885], [-9320073.296499996, 5286465.9498022515], [-9320077.579400001, 5286467.75250893], [-9320092.613299996, 5286474.080316238], [-9320069.337499997, 5286511.693235627]]], [[[-9319970.880200002, 5286592.357787982], [-9319974.6534, 5286593.938693734], [-9319984.221700002, 5286597.9473549705], [-9319968.125999998, 5286636.636999743], [-9319952.014400002, 5286629.758574871], [-9319948.3257, 5286628.183946468], [-9319964.801399997, 5286589.811160666], [-9319956.634399997, 5286586.389485195], [-9319950.571499996, 5286583.849334562], [-9319967.819899997, 5286542.813542034], [-9319972.770999994, 5286544.887471872], [-9319987.906899998, 5286551.227336141], [-9319970.880200002, 5286592.357787982]]], [[[-9320010.1062, 5286608.791595264], [-9320033.889999999, 5286570.488060595], [-9320049.116099998, 5286576.865589331], [-9320031.413899997, 5286617.718541508], [-9320023.315, 5286614.325462948], [-9320010.1062, 5286608.791595264]]], [[[-9319893.820499994, 5286721.618909658], [-9319879.031799996, 5286715.301164881], [-9319874.736499997, 5286713.466273791], [-9319890.882200003, 5286676.040175657], [-9319894.699, 5286677.654560911], [-9319895.836699998, 5286678.135727826], [-9319900.4385, 5286680.08211727], [-9319910.1456, 5286684.187829216], [-9319893.820499994, 5286721.618909658]]], [[[-9319876.023200002, 5286787.27632687], [-9319893.051999997, 5286748.500288767], [-9319897.124699999, 5286750.2402219195], [-9319916.9108, 5286758.693873825], [-9319894.330700003, 5286795.037971446], [-9319880.369799996, 5286789.118990069], [-9319876.023200002, 5286787.27632687]]], [[[-9319666.900700001, 5285696.725370713], [-9319668.836999994, 5285693.803696302], [-9319692.715499997, 5285657.771804875], [-9319719.0269, 5285675.254222552], [-9319687.6288, 5285704.3876666585], [-9319685.015700001, 5285706.812032681], [-9319666.900700001, 5285696.725370713]]], [[[-9319685.188299997, 5285955.324570678], [-9319681.199799996, 5285953.764092132], [-9319664.940999996, 5285947.403306155], [-9319666.5233, 5285943.346719588], [-9319687.852999996, 5285888.663610918], [-9319708.1824, 5285896.401236623], [-9319686.747599997, 5285951.328665482], [-9319685.188299997, 5285955.324570678]]], [[[-9319763.5843, 5285981.653125325], [-9319762.070600001, 5285985.403016846], [-9319758.717099996, 5285984.09124234], [-9319743.8013, 5285978.255763871], [-9319742.4467, 5285977.72577309], [-9319744.000399996, 5285973.924267527], [-9319766.597899998, 5285918.634742131], [-9319786.0358, 5285926.032890955], [-9319763.5843, 5285981.653125325]]], [[[-9319634.191099994, 5285935.3728446495], [-9319632.903899996, 5285938.614566681], [-9319610.528299998, 5285994.966465871], [-9319595.276500002, 5285989.133179456], [-9319578.703500003, 5285982.794613275], [-9319601.626100002, 5285926.4800799955], [-9319602.9772, 5285923.160737628], [-9319607.614100002, 5285924.974802625], [-9319618.324999996, 5285929.165406356], [-9319626.793099996, 5285932.478371713], [-9319634.191099994, 5285935.3728446495]]], [[[-9319820.915499998, 5286008.424286091], [-9319819.802600002, 5286011.121370274], [-9319797.033699995, 5286066.2949174], [-9319781.845700001, 5286060.486441286], [-9319766.339699998, 5286054.556303473], [-9319788.663399996, 5285999.041286939], [-9319789.787300002, 5285996.246355258], [-9319800.7872, 5286000.549653262], [-9319805.710899996, 5286002.476013832], [-9319818.7838, 5286007.590290426], [-9319820.915499998, 5286008.424286091]]], [[[-9319573.2099, 5286115.937391263], [-9319553.414300002, 5286107.594743692], [-9319568.316499997, 5286068.778171984], [-9319561.1437, 5286065.7565567335], [-9319580.6699, 5286014.90454199], [-9319600.445199994, 5286022.40133601], [-9319580.628099997, 5286073.964588972], [-9319588.002499998, 5286077.0713973325], [-9319573.2099, 5286115.937391263]]], [[[-9319795.305, 5286150.794826116], [-9319803.151000002, 5286131.233690065], [-9319835.814299997, 5286149.08767567], [-9319823.641999999, 5286169.129879073], [-9319817.947899997, 5286178.5053067515], [-9319812.256799998, 5286187.8760513645], [-9319798.328699999, 5286210.808842914], [-9319764.871899996, 5286196.709531375], [-9319777.144299997, 5286165.336244587], [-9319780.0283, 5286157.963502878], [-9319781.6182, 5286157.217490187], [-9319795.305, 5286150.794826116]]], [[[-9319701.791699998, 5286287.345047344], [-9319683.481399996, 5286279.642194051], [-9319699.886899998, 5286240.888191782], [-9319704.4932, 5286242.849427089], [-9319720.745000001, 5286204.913279871], [-9319739.498100001, 5286212.774860954], [-9319725.496800002, 5286241.96869962], [-9319717.2084, 5286248.262926786], [-9319713.061500002, 5286258.775459022], [-9319701.791699998, 5286287.345047344]]], [[[-9319660.438299997, 5286224.0927917], [-9319665.9281, 5286226.42997276], [-9319680.273899997, 5286232.537771398], [-9319664.325299999, 5286271.583522491], [-9319644.070400001, 5286263.062416758], [-9319660.438299997, 5286224.0927917]]], [[[-9319826.5304, 5286336.180436877], [-9319777.9004, 5286317.091596767], [-9319795.809400002, 5286287.628625857], [-9319836.965600003, 5286308.827763996], [-9319826.5304, 5286336.180436877]]], [[[-9319667.739199996, 5286299.427325472], [-9319688.039799996, 5286307.953114589], [-9319674.539099997, 5286339.0251898235], [-9319656.8126, 5286340.3801092785], [-9319650.5188, 5286337.749485027], [-9319667.739199996, 5286299.427325472]]], [[[-9319699.482099999, 5286372.69710103], [-9319684.127900003, 5286397.086250005], [-9319640.474, 5286378.692704501], [-9319652.606200002, 5286350.244277712], [-9319699.482099999, 5286372.69710103]]], [[[-9319828.035399994, 5286456.99276546], [-9319808.208899997, 5286448.63676378], [-9319823.235999998, 5286409.224926008], [-9319811.769499997, 5286404.667143312], [-9319827.580499997, 5286364.966746276], [-9319847.125999998, 5286372.866291592], [-9319831.366099996, 5286412.456286531], [-9319843.569999998, 5286417.307113701], [-9319828.035399994, 5286456.99276546]]], [[[-9319671.2691, 5286418.811893451], [-9319652.170200001, 5286449.484011988], [-9319617.480099998, 5286432.372149105], [-9319630.5546, 5286401.720258099], [-9319671.2691, 5286418.811893451]]], [[[-9319600.021, 5286531.963024891], [-9319597.849699996, 5286535.515230072], [-9319586.388900002, 5286554.2635997515], [-9319548.877499996, 5286540.656910065], [-9319551.931299997, 5286533.5518022105], [-9319557.277500002, 5286521.112308572], [-9319559.825899996, 5286515.18296578], [-9319600.021, 5286531.963024891]]], [[[-9319854.795799999, 5286732.155259943], [-9319837.722399997, 5286771.038013196], [-9319836.514799997, 5286770.526057133], [-9319833.042199995, 5286769.053759996], [-9319821.625799999, 5286764.21349347], [-9319818.344999999, 5286762.8227027645], [-9319817.268399997, 5286762.366246805], [-9319834.246399997, 5286723.375383212], [-9319838.883699996, 5286725.356846383], [-9319854.795799999, 5286732.155259943]]], [[[-9319457.166599996, 5286067.031165213], [-9319437.8649, 5286058.896269571], [-9319453.737600002, 5286020.508654089], [-9319464.9811, 5286025.245291143], [-9319483.1089, 5285977.919276022], [-9319503.035599997, 5285985.473562714], [-9319483.931399995, 5286033.228732153], [-9319472.6276, 5286028.466686599], [-9319457.166599996, 5286067.031165213]]], [[[-9319531.000199998, 5286053.057701892], [-9319522.6078, 5286049.522437018], [-9319511.727200001, 5286044.938549624], [-9319502.801299999, 5286041.178295263], [-9319521.886999998, 5285992.620118258], [-9319541.8075, 5286000.172013644], [-9319561.336800002, 5286007.575643196], [-9319542.0117, 5286057.696690834], [-9319531.000199998, 5286053.057701892]]], [[[-9319378.1837, 5286103.914600549], [-9319393.9123, 5286067.894355743], [-9319413.007500002, 5286075.900016986], [-9319398.318999996, 5286112.488116457], [-9319392.517499996, 5286110.017815134], [-9319378.1837, 5286103.914600549]]], [[[-9319493.4737, 5286153.0037689945], [-9319508.9191, 5286116.110368143], [-9319529.032400003, 5286124.542892024], [-9319512.955299996, 5286161.298688784], [-9319508.009100001, 5286159.192675116], [-9319493.4737, 5286153.0037689945]]], [[[-9319451.310399994, 5286135.051337963], [-9319455.211399999, 5286136.71235456], [-9319469.203300001, 5286142.6698940545], [-9319451.9742, 5286182.247327205], [-9319434.077399999, 5286174.7179496195], [-9319451.310399994, 5286135.051337963]]], [[[-9319400.990700003, 5286233.450284376], [-9319407.758199995, 5286236.279194158], [-9319392.254899995, 5286274.102448962], [-9319373.496299999, 5286266.197722926], [-9319353.589199996, 5286257.8092394825], [-9319369.761999998, 5286220.3965063915], [-9319362.640899997, 5286217.420028209], [-9319379.114499995, 5286178.204291072], [-9319398.565699996, 5286186.374161476], [-9319382.158699999, 5286225.578539778], [-9319389.069400001, 5286228.46723419], [-9319400.990700003, 5286233.450284376]]], [[[-9319320.772399995, 5286199.918472129], [-9319343.435999999, 5286209.392245771], [-9319350.749699999, 5286212.44933357], [-9319334.8909, 5286249.930121291], [-9319307.679699998, 5286238.463625468], [-9319314.7384, 5286221.352861416], [-9319320.772399995, 5286199.918472129]]], [[[-9319439.259300001, 5286249.446463511], [-9319455.404599998, 5286210.247365467], [-9319475.048699996, 5286218.498044986], [-9319458.856899997, 5286257.638155758], [-9319446.753299994, 5286252.579079328], [-9319439.259300001, 5286249.446463511]]], [[[-9319402.2747, 5286350.823889898], [-9319418.314299999, 5286312.62010357], [-9319438.404199999, 5286321.054322618], [-9319422.0851, 5286359.134853181], [-9319402.2747, 5286350.823889898]]], [[[-9319402.2747, 5286350.823889898], [-9319386.2228, 5286389.05677256], [-9319366.9146, 5286380.96631482], [-9319383.1008, 5286342.780064432], [-9319402.2747, 5286350.823889898]]], [[[-9319499.293299997, 5286391.524782661], [-9319480.531199997, 5286383.653834231], [-9319496.617199998, 5286345.492892592], [-9319515.225399999, 5286353.304753644], [-9319534.539699998, 5286361.4130469505], [-9319518.7602, 5286399.6914659], [-9319499.293299997, 5286391.524782661]]], [[[-9319321.157699997, 5286435.7459964445], [-9319302.3896, 5286427.79154851], [-9319319.4169, 5286387.246194361], [-9319337.871, 5286394.950742199], [-9319357.058399994, 5286402.961487151], [-9319339.668999998, 5286443.591636364], [-9319321.157699997, 5286435.7459964445]]], [[[-9319379.041299999, 5286460.278729417], [-9319363.341200002, 5286496.169053148], [-9319343.923099995, 5286487.998084721], [-9319359.257999994, 5286451.8941307375], [-9319379.041299999, 5286460.278729417]]], [[[-9319437.139099995, 5286484.901737685], [-9319455.549699998, 5286492.704432597], [-9319474.736, 5286500.835943156], [-9319459.747499997, 5286536.734538196], [-9319440.259, 5286528.534374698], [-9319421.9788, 5286520.8424804825], [-9319437.139099995, 5286484.901737685]]]]}, "properties": {"Group": 40, "Chld_Rt": 0.070671355319508, "Med_Income": 36000.81538461539, "Bay_Ld_Est": 5.642737087174541}}, {"type": "Feature", "geometry": {"type": "MultiPolygon", "coordinates": [[[[-9320100.139799997, 5283046.766591566], [-9320116.8508, 5283040.496692283], [-9320132.317799997, 5283034.497417516], [-9320136.533099998, 5283032.679470577], [-9320130.949599998, 5283077.640502714], [-9320113.550799996, 5283082.589762555], [-9320100.139799997, 5283046.766591566]]], [[[-9320233.2392, 5283106.999774251], [-9320273.8459, 5283106.0786943715], [-9320274.3818, 5283123.384613737], [-9320233.7847, 5283124.888592527], [-9320233.2392, 5283106.999774251]]], [[[-9320275.419300001, 5283155.916350997], [-9320300.296299996, 5283155.172033933], [-9320301.6463, 5283196.5225843685], [-9320236.081599997, 5283198.356175154], [-9320234.823500002, 5283157.503529937], [-9320275.419300001, 5283155.916350997]]], [[[-9320181.591999998, 5283150.05916355], [-9320183.486099998, 5283199.113146644], [-9320102.859399999, 5283201.307536932], [-9320096.1475, 5283203.97960541], [-9320024.543700002, 5283232.486552024], [-9319995.886499995, 5283155.541203241], [-9320025.7345, 5283143.853432476], [-9320039.5878, 5283181.170919855], [-9320055.4423, 5283175.077882408], [-9320069.891299995, 5283169.525396562], [-9320084.733200002, 5283163.821655952], [-9320093.272099998, 5283160.54008452], [-9320100.295600003, 5283157.840913815], [-9320113.048199998, 5283152.940079129], [-9320142.158399995, 5283151.460113749], [-9320159.215599999, 5283151.011729971], [-9320176.433799997, 5283150.227556574], [-9320181.591999998, 5283150.05916355]]], [[[-9320397.756799998, 5283263.131991138], [-9320380.6996, 5283263.918057782], [-9320379.563499998, 5283220.809442132], [-9320396.372999996, 5283220.274769367], [-9320397.756799998, 5283263.131991138]]], [[[-9320301.512200002, 5283223.856160228], [-9320318.986800002, 5283223.233703878], [-9320319.699999996, 5283265.4297090825], [-9320302.558199998, 5283266.049674442], [-9320286.4984, 5283266.662166739], [-9320269.438600002, 5283267.115134032], [-9320268.389399996, 5283224.421920943], [-9320285.695099995, 5283223.4678598605], [-9320301.512200002, 5283223.856160228]]], [[[-9320235.4786, 5283267.020973425], [-9320234.184499998, 5283224.995553288], [-9320250.745900001, 5283224.712573302], [-9320251.958099997, 5283266.905091125], [-9320235.4786, 5283267.020973425]]], [[[-9320151.510499999, 5283269.109047031], [-9320168.070799997, 5283268.659766452], [-9320169.1913, 5283309.68798236], [-9320152.381199999, 5283310.138956853], [-9320135.652, 5283310.256433424], [-9320122.254999997, 5283310.766594569], [-9320118.102699997, 5283312.127489319], [-9320103.0772, 5283317.809708171], [-9320090.926200002, 5283280.330200844], [-9320106.248599995, 5283274.437939249], [-9320119.301299999, 5283269.418531512], [-9320135.280699998, 5283269.223135821], [-9320134.055099994, 5283229.289176937], [-9320150.4652, 5283226.915433099], [-9320151.510499999, 5283269.109047031]]], [[[-9320056.673599998, 5283335.531929856], [-9320043.679299997, 5283298.499012297], [-9320058.3571, 5283292.854657055], [-9320071.285399996, 5283330.185500598], [-9320056.673599998, 5283335.531929856]]], [[[-9319983.973999996, 5283324.157428295], [-9319992.445900002, 5283321.38512086], [-9320008.005199999, 5283316.293572976], [-9320023.542400002, 5283311.208999956], [-9320028.643499998, 5283326.489024248], [-9320040.111099996, 5283359.454005044], [-9320001.4102, 5283371.79462464], [-9319995.6434, 5283356.519282945], [-9319957.055199994, 5283369.68333454], [-9319951.080199996, 5283352.750267968], [-9319989.6127, 5283339.248135114], [-9319983.973999996, 5283324.157428295]]], [[[-9320214.8893, 5283333.7035202], [-9320221.131099999, 5283333.628490629], [-9320237.442499997, 5283333.264104046], [-9320238.061000003, 5283373.879709189], [-9320221.584200002, 5283374.411691729], [-9320215.3441, 5283374.583074005], [-9320214.8893, 5283333.7035202]]], [[[-9320156.674899997, 5283376.365947836], [-9320139.116700001, 5283376.988703202], [-9320139.822899995, 5283335.281532392], [-9320156.550399996, 5283334.914455481], [-9320156.674899997, 5283376.365947836]]], [[[-9320097.451899998, 5283348.424958123], [-9320117.976099996, 5283340.802532433], [-9320122.889699994, 5283377.518792551], [-9320110.024699999, 5283382.686565937], [-9320097.451899998, 5283348.424958123]]], [[[-9320396.573099997, 5283414.050219907], [-9320396.178499997, 5283369.853620767], [-9320413.160200002, 5283370.150052311], [-9320435.8769, 5283369.2409291575], [-9320434.440899998, 5283378.074091038], [-9320430.4865, 5283395.665186176], [-9320427.026099997, 5283412.503793772], [-9320413.7977, 5283413.34605796], [-9320396.573099997, 5283414.050219907]]], [[[-9320014.312599996, 5283407.579741814], [-9320008.031000001, 5283390.143787334], [-9320046.314800002, 5283377.639656906], [-9320052.256300002, 5283394.079202648], [-9320014.312599996, 5283407.579741814]]], [[[-9320044.364899997, 5283491.356981443], [-9320005.257899998, 5283505.199090517], [-9319999.235299997, 5283489.092842075], [-9319985.4663, 5283448.402303376], [-9320028.658599997, 5283447.433893837], [-9320038.9296, 5283475.912747078], [-9320077.542400002, 5283462.823225755], [-9320082.895, 5283478.351357576], [-9320044.364899997, 5283491.356981443]]], [[[-9320241.318900002, 5283482.149966251], [-9320258.545, 5283481.612802352], [-9320253.577000001, 5283514.610270014], [-9320234.431399995, 5283520.654983219], [-9320223.760699999, 5283482.772920932], [-9320241.318900002, 5283482.149966251]]], [[[-9320264.3669, 5283622.995823314], [-9320264.8014, 5283661.116928148], [-9320232.756199997, 5283661.258816763], [-9320236.106799996, 5283640.591704529], [-9320234.057599999, 5283633.280953788], [-9320264.3669, 5283622.995823314]]], [[[-9320218.610599998, 5283744.848947196], [-9320215.979099998, 5283761.265879113], [-9320165.697599998, 5283760.453706245], [-9320166.7476, 5283744.047934128], [-9320218.610599998, 5283744.848947196]]], [[[-9320161.3458, 5283849.476962029], [-9320163.0664, 5283812.498334082], [-9320184.2942, 5283812.765371681], [-9320181.925299998, 5283854.736008355], [-9320166.107399995, 5283854.5307481075], [-9320161.3458, 5283849.476962029]]], [[[-9319852.260499997, 5282741.965823346], [-9319874.836899996, 5282777.354053791], [-9319856.976199996, 5282788.398340909], [-9319834.995399995, 5282752.7171661835], [-9319848.2601, 5282744.423962079], [-9319852.260499997, 5282741.965823346]]], [[[-9319826.060899999, 5283013.272426263], [-9319845.705800002, 5283067.59989524], [-9319830.1578, 5283073.369398399], [-9319810.842500001, 5283019.330489019], [-9319812.909100002, 5283018.543027543], [-9319826.060899999, 5283013.272426263]]], [[[-9319852.215, 5283135.602573231], [-9319837.319199994, 5283140.926183927], [-9319824.403099999, 5283103.409216739], [-9319838.728099996, 5283098.066674438], [-9319852.215, 5283135.602573231]]], [[[-9319884.073000003, 5283124.088675886], [-9319899.8704, 5283117.917520315], [-9319913.475899996, 5283156.438668278], [-9319898.0129, 5283161.905462949], [-9319884.073000003, 5283124.088675886]]], [[[-9319807.616899999, 5283193.86346921], [-9319803.055300001, 5283195.476056612], [-9319787.224199994, 5283201.072783096], [-9319774.593100002, 5283163.4379390795], [-9319790.397499999, 5283157.683082727], [-9319794.949299997, 5283156.108358894], [-9319807.616899999, 5283193.86346921]]], [[[-9319730.580799999, 5283218.214595258], [-9319715.626599997, 5283224.474332048], [-9319700.334600002, 5283230.364899516], [-9319687.119599996, 5283194.598320428], [-9319702.840899996, 5283188.844958561], [-9319718.571699996, 5283183.674396001], [-9319734.370700002, 5283177.586838792], [-9319746.583799997, 5283211.5160402395], [-9319730.580799999, 5283218.214595258]]], [[[-9319856.816699997, 5283250.530712113], [-9319872.593599997, 5283245.176511222], [-9319888.2012, 5283239.407206591], [-9319902.6184, 5283278.342664823], [-9319806.979199996, 5283312.890339681], [-9319792.696599994, 5283273.5965719195], [-9319778.050999999, 5283234.7663345635], [-9319811.440699998, 5283222.718859633], [-9319825.349500002, 5283261.737716748], [-9319841.2045, 5283255.633818088], [-9319856.816699997, 5283250.530712113]]], [[[-9319737.3183, 5283289.903793289], [-9319752.845700001, 5283284.551485416], [-9319768.624499999, 5283279.4471836295], [-9319783.228199996, 5283320.630939254], [-9319767.5355, 5283326.150942843], [-9319752.0901, 5283331.336053537], [-9319737.3183, 5283289.903793289]]], [[[-9319945.440299997, 5283336.766778941], [-9319930.366600001, 5283294.04855373], [-9319944.893499998, 5283288.453321439], [-9319960.268900001, 5283331.9144686805], [-9319945.440299997, 5283336.766778941]]], [[[-9319906.705000002, 5283302.621253922], [-9319923.301599998, 5283349.827702072], [-9319905.194799999, 5283356.042999661], [-9319888.720199998, 5283309.183600377], [-9319906.705000002, 5283302.621253922]]], [[[-9319871.5865, 5283315.43546595], [-9319888.4799, 5283361.780320079], [-9319877.820299998, 5283365.43903266], [-9319848.571399998, 5283375.47844673], [-9319832.230900003, 5283329.361570388], [-9319871.5865, 5283315.43546595]]], [[[-9319937.056599995, 5283441.24968376], [-9319922.857800001, 5283446.176924358], [-9319909.348699996, 5283406.899593313], [-9319924.047299998, 5283402.05226482], [-9319937.056599995, 5283441.24968376]]], [[[-9319893.182899997, 5283526.621876944], [-9319909.7407, 5283520.880669788], [-9319919.310499998, 5283517.562728548], [-9319924.134999996, 5283533.568838276], [-9319866.344100002, 5283553.783977821], [-9319861.071399998, 5283537.755647925], [-9319846.893, 5283497.98319864], [-9319864.331000002, 5283492.034439686], [-9319877.907599997, 5283531.917988366], [-9319893.182899997, 5283526.621876944]]], [[[-9319754.863399997, 5283573.707668143], [-9319736.8472, 5283580.326014122], [-9319723.089499999, 5283541.13307482], [-9319741.191199997, 5283534.847031327], [-9319756.553099995, 5283529.5790186245], [-9319771.828199996, 5283523.812104114], [-9319780.048499998, 5283520.924511769], [-9319794.058899999, 5283560.531856833], [-9319786.168599999, 5283563.00105725], [-9319770.89, 5283568.268472256], [-9319754.863399997, 5283573.707668143]]], [[[-9319929.575899996, 5283549.845772083], [-9319934.757999998, 5283564.792500465], [-9319877.632100001, 5283584.919856901], [-9319872.618399998, 5283570.22163261], [-9319929.575899996, 5283549.845772083]]], [[[-9319865.506899996, 5283624.543644667], [-9319871.783599999, 5283641.3143998], [-9319877.2991, 5283656.342336552], [-9319882.735899996, 5283672.036771331], [-9319888.254900001, 5283687.5641085375], [-9319837.514499996, 5283704.400527831], [-9319831.829199998, 5283688.874186827], [-9319826.225899998, 5283673.180748269], [-9319820.5423, 5283657.904207317], [-9319814.774800003, 5283642.545163905], [-9319865.506899996, 5283624.543644667]]], [[[-9319745.828399999, 5283853.543506146], [-9319747.2196, 5283814.326943699], [-9319747.510599997, 5283793.999305528], [-9319779.3852, 5283783.63595568], [-9319789.915900001, 5283813.61271781], [-9319782.1758, 5283813.749923299], [-9319764.780899996, 5283814.037785835], [-9319762.479399996, 5283854.010024812], [-9319745.828399999, 5283853.543506146]]], [[[-9319930.0623, 5283798.13868696], [-9319928.713299997, 5283854.846211185], [-9319887.345099997, 5283855.052368193], [-9319888.637599997, 5283811.917128777], [-9319904.735999996, 5283806.562527011], [-9319930.0623, 5283798.13868696]]], [[[-9319710.184, 5282927.253299005], [-9319661.815199995, 5282957.185601528], [-9319652.085799996, 5282942.611736109], [-9319700.611299999, 5282912.0943430215], [-9319710.184, 5282927.253299005]]], [[[-9319602.7634, 5283045.956212673], [-9319619.838400003, 5283091.725830641], [-9319611.401699997, 5283095.055528415], [-9319603.469600001, 5283098.186044158], [-9319586.696100002, 5283052.244545538], [-9319602.7634, 5283045.956212673]]], [[[-9319586.609099997, 5283104.84015879], [-9319596.280399999, 5283101.023416586], [-9319614.687099997, 5283151.495685531], [-9319598.670799997, 5283157.139940514], [-9319580.676299999, 5283107.181718416], [-9319586.609099997, 5283104.84015879]]], [[[-9319560.639099995, 5283197.579275515], [-9319576.601699999, 5283191.890082332], [-9319588.373299997, 5283225.841105504], [-9319589.428099994, 5283228.736369542], [-9319587.735699998, 5283229.338200233], [-9319574.3028, 5283234.114583801], [-9319573.190100001, 5283231.366389641], [-9319560.639099995, 5283197.579275515]]], [[[-9319673.460899996, 5283359.1031695865], [-9319658.2697, 5283317.174099182], [-9319673.962599998, 5283311.654294916], [-9319680.4109, 5283329.990403804], [-9319679.5169, 5283330.318321861], [-9319687.876599994, 5283353.893846053], [-9319688.738099998, 5283353.6695545], [-9319673.460899996, 5283359.1031695865]]], [[[-9319638.091199996, 5283323.973590923], [-9319642.990800003, 5283322.358014145], [-9319657.7709, 5283365.039173902], [-9319642.741, 5283370.138095407], [-9319635.3666, 5283351.044815097], [-9319637.698200002, 5283327.879113772], [-9319638.091199996, 5283323.973590923]]], [[[-9319430.563000001, 5283512.120344387], [-9319430.341200002, 5283522.70748545], [-9319413.737000002, 5283522.309220901], [-9319413.7968, 5283515.274675308], [-9319412.271699999, 5283515.07768532], [-9319412.278799998, 5283479.973909423], [-9319414.102400001, 5283479.32853554], [-9319426.5588, 5283474.919825861], [-9319430.462299995, 5283473.538105996], [-9319434.849199995, 5283471.985302778], [-9319445.656199995, 5283468.160289316], [-9319462.770699998, 5283462.10282231], [-9319461.4762, 5283504.83051895], [-9319461.676599994, 5283507.940509668], [-9319445.549900003, 5283507.777497212], [-9319430.531800002, 5283507.625744179], [-9319430.563000001, 5283512.120344387]]], [[[-9319674.915299999, 5283531.979566426], [-9319660.8232, 5283492.212198999], [-9319645.6631, 5283497.106060098], [-9319630.952799998, 5283501.854644845], [-9319617.884799996, 5283506.073339475], [-9319617.529499996, 5283509.324919872], [-9319609.667000001, 5283509.199073466], [-9319609.892700002, 5283505.879139427], [-9319610.348999996, 5283494.1832946], [-9319619.610900002, 5283490.994986193], [-9319672.0007, 5283472.067805414], [-9319677.181699997, 5283486.931233152], [-9319691.52, 5283525.870584792], [-9319674.915299999, 5283531.979566426]]], [[[-9319745.4964, 5283507.681044853], [-9319729.887100002, 5283513.283651504], [-9319715.552199997, 5283474.843999171], [-9319731.163800001, 5283469.574292803], [-9319745.4964, 5283507.681044853]]], [[[-9319478.811899997, 5283508.113585857], [-9319478.838599997, 5283511.951652396], [-9319478.256799996, 5283547.998231073], [-9319462.025899999, 5283548.027924057], [-9319461.942599999, 5283512.068830057], [-9319461.676599994, 5283507.940509668], [-9319478.811899997, 5283508.113585857]]], [[[-9319700.877600001, 5283602.552305804], [-9319683.150099998, 5283555.062768754], [-9319699.5033, 5283548.705780897], [-9319716.238399997, 5283597.117792921], [-9319700.877600001, 5283602.552305804]]], [[[-9319560.587399997, 5283573.396489697], [-9319560.1544, 5283606.8619728815], [-9319560.0096, 5283610.477242709], [-9319544.696400002, 5283610.3097463995], [-9319544.673799999, 5283607.052984425], [-9319545.521299995, 5283573.334911643], [-9319560.587399997, 5283573.396489697]]], [[[-9319395.573300002, 5283608.676732121], [-9319362.797699999, 5283608.317526762], [-9319362.959099999, 5283605.734636028], [-9319362.9291, 5283589.419837985], [-9319380.398900002, 5283589.518681736], [-9319395.975299995, 5283589.606664616], [-9319395.589099996, 5283605.924551526], [-9319395.573300002, 5283608.676732121]]], [[[-9319657.148400001, 5283669.948697062], [-9319672.010699999, 5283664.600971104], [-9319685.2764, 5283704.880199033], [-9319670.497499999, 5283710.227426947], [-9319655.468099996, 5283715.493148648], [-9319639.463899994, 5283676.398251892], [-9319657.148400001, 5283669.948697062]]], [[[-9319475.925600002, 5283715.660346059], [-9319492.074799996, 5283715.797750837], [-9319492.048199998, 5283711.9674556665], [-9319509.323200002, 5283712.119009453], [-9319509.221999995, 5283715.845080249], [-9319509.0501, 5283750.973972035], [-9319491.236199994, 5283750.848025969], [-9319475.337899996, 5283750.875327568], [-9319475.925600002, 5283715.660346059]]], [[[-9319377.703199998, 5283715.343288771], [-9319394.101199998, 5283715.395998791], [-9319410.748599995, 5283715.363715148], [-9319410.2433, 5283750.494998306], [-9319393.928999996, 5283750.524890565], [-9319376.781599997, 5283750.477461504], [-9319358.883899998, 5283750.268713849], [-9319359.889399998, 5283715.217143408], [-9319377.703199998, 5283715.343288771]]], [[[-9319704.450299997, 5283768.759073039], [-9319688.338199997, 5283773.949167549], [-9319674.8325, 5283735.086332636], [-9319691.276800001, 5283729.810746403], [-9319704.450299997, 5283768.759073039]]], [[[-9319640.672099994, 5283790.097169062], [-9319629.2904, 5283757.379386356], [-9319644.209799996, 5283748.285362037], [-9319657.115799997, 5283784.738382461], [-9319640.672099994, 5283790.097169062]]], [[[-9319601.1956, 5283775.05557995], [-9319609.863400001, 5283800.550494678], [-9319574.095399998, 5283812.478704829], [-9319574.819, 5283776.366555101], [-9319598.79, 5283776.237819081], [-9319601.1956, 5283775.05557995]]]]}, "properties": {"Group": 41, "Chld_Rt": 0.171735275968527, "Med_Income": 24820.415584415583, "Bay_Ld_Est": 2.143096190119997}}, {"type": "Feature", "geometry": {"type": "MultiPolygon", "coordinates": [[[[-9319841.6695, 5291556.7865737295], [-9319860.4045, 5291556.17517358], [-9319861.508999996, 5291597.517123622], [-9319842.195200002, 5291598.101421313], [-9319841.6695, 5291556.7865737295]]], [[[-9319827.866399996, 5291708.775518112], [-9319809.3791, 5291709.429564896], [-9319807.939799996, 5291668.38583828], [-9319789.359299999, 5291669.123683547], [-9319788.885499997, 5291653.843162451], [-9319788.057299998, 5291627.123898101], [-9319806.4707, 5291626.494462816], [-9319824.949599998, 5291625.862735767], [-9319826.4196, 5291667.652177975], [-9319827.866399996, 5291708.775518112]]], [[[-9319882.787999997, 5291665.41383148], [-9319884.404300002, 5291706.775115449], [-9319865.338199997, 5291707.449788015], [-9319864.0163, 5291666.159149836], [-9319882.787999997, 5291665.41383148]]], [[[-9319939.088799996, 5291794.0556882275], [-9319939.3203, 5291812.132649778], [-9319897.749400001, 5291813.081037611], [-9319897.467999998, 5291795.08847241], [-9319939.088799996, 5291794.0556882275]]], [[[-9320055.803200003, 5291823.887756632], [-9320056.000999996, 5291842.631818475], [-9320010.482099999, 5291843.1755621815], [-9320010.1861, 5291824.598300197], [-9320055.803200003, 5291823.887756632]]], [[[-9320010.786199994, 5291862.248839844], [-9320011.0932, 5291881.491309075], [-9320011.395299997, 5291900.443722157], [-9319964.943700003, 5291901.125768293], [-9319964.623799996, 5291882.384595206], [-9319964.292599998, 5291862.973233605], [-9320010.786199994, 5291862.248839844]]], [[[-9319899.503700001, 5291925.282258567], [-9319899.217, 5291906.954896332], [-9319940.516299995, 5291905.516969684], [-9319940.754100002, 5291924.093834254], [-9319899.503700001, 5291925.282258567]]], [[[-9319790.481999997, 5291928.26861436], [-9319790.185100002, 5291908.1912482055], [-9319832.4443, 5291907.317292518], [-9319832.728299998, 5291926.894557888], [-9319790.481999997, 5291928.26861436]]], [[[-9320012.528099995, 5291971.499081909], [-9320012.6225, 5291977.412208058], [-9319983.429399997, 5291978.524107746], [-9319966.275799997, 5291979.1773575265], [-9319966.135599997, 5291960.732517187], [-9319965.5933, 5291939.190918492], [-9319965.267799998, 5291920.117938614], [-9320011.6941, 5291919.182603748], [-9320011.9914, 5291937.833900707], [-9320012.184699995, 5291959.002441554], [-9320012.528099995, 5291971.499081909]]], [[[-9320444.776699996, 5292908.713971388], [-9320444.692299997, 5292947.53044872], [-9320414.868000003, 5292948.544002994], [-9320414.753999997, 5292908.7168609975], [-9320444.776699996, 5292908.713971388]]], [[[-9319252.850999998, 5291495.429341863], [-9319211.723399997, 5291497.149950938], [-9319210.697499998, 5291477.411771047], [-9319251.851999996, 5291475.521871148], [-9319252.850999998, 5291495.429341863]]], [[[-9319146.385900002, 5291684.904704027], [-9319145.3929, 5291666.34757191], [-9319154.4832, 5291665.963852505], [-9319170.8853, 5291665.271543417], [-9319187.102299996, 5291664.586807077], [-9319187.983799998, 5291683.328375593], [-9319146.385900002, 5291684.904704027]]], [[[-9319147.795499997, 5291711.244933327], [-9319147.308900002, 5291702.151351478], [-9319188.779300002, 5291700.242917902], [-9319189.5735, 5291717.131952215], [-9319148.196900003, 5291718.745745911], [-9319147.795499997, 5291711.244933327]]], [[[-9319292.260199998, 5291782.096615498], [-9319276.078599999, 5291782.680016477], [-9319267.447799997, 5291782.991296535], [-9319266.618699994, 5291765.228006836], [-9319265.823999995, 5291748.202761972], [-9319307.074500002, 5291745.888488523], [-9319307.914699994, 5291762.777224491], [-9319308.846199997, 5291781.498467548], [-9319292.260199998, 5291782.096615498]]], [[[-9319315.210600002, 5291915.18020348], [-9319316.1977, 5291934.318249195], [-9319273.065299999, 5291934.921578558], [-9319231.329900002, 5291935.505079256], [-9319230.5649, 5291917.3424243005], [-9319272.297899999, 5291916.276559043], [-9319271.562499996, 5291898.412529948], [-9319278.907100001, 5291898.201289948], [-9319295.5651, 5291897.7221139185], [-9319314.282599999, 5291897.183651205], [-9319315.210600002, 5291915.18020348]]], [[[-9319091.6425, 5291918.852292134], [-9319092.258799996, 5291932.747400731], [-9319051.656099996, 5291934.201369688], [-9319051.028399998, 5291920.236113445], [-9319091.6425, 5291918.852292134]]], [[[-9319009.0687, 5291935.726383063], [-9319051.656099996, 5291934.201369688], [-9319052.390399994, 5291950.538990916], [-9319009.813899998, 5291952.23708161], [-9319009.0687, 5291935.726383063]]], [[[-9319120.811399996, 5292012.516811667], [-9319119.902999995, 5291996.268269187], [-9319160.370099997, 5291994.682972642], [-9319161.1171, 5292011.378208031], [-9319154.287899999, 5292011.571114011], [-9319137.291299999, 5292012.051286493], [-9319120.811399996, 5292012.516811667]]], [[[-9319376.788400002, 5292002.977232265], [-9319384.958399998, 5292002.701025992], [-9319393.608799996, 5292002.408578134], [-9319394.7351, 5292044.4336846415], [-9319377.748199996, 5292045.053953119], [-9319376.788400002, 5292002.977232265]]], [[[-9319359.5535, 5292003.560035507], [-9319361.6748, 5292045.641140607], [-9319344.1903, 5292046.279543836], [-9319342.484799996, 5292004.137059548], [-9319359.5535, 5292003.560035507]]], [[[-9319319.839000002, 5292004.923430416], [-9319322.046800002, 5292047.728132285], [-9319303.0541, 5292048.412569912], [-9319300.498499997, 5292005.750355383], [-9319319.839000002, 5292004.923430416]]], [[[-9319032.4687, 5292057.024088497], [-9319030.439899994, 5292015.057371499], [-9319046.9254, 5292014.569327329], [-9319055.257299999, 5292014.322814208], [-9319063.412599994, 5292014.081382811], [-9319065.204300001, 5292056.050092606], [-9319048.301, 5292056.553083013], [-9319032.4687, 5292057.024088497]]]]}, "properties": {"Group": 42, "Chld_Rt": 0.111682522359652, "Med_Income": 21184.75, "Bay_Ld_Est": 9.537081339712918}}, {"type": "Feature", "geometry": {"type": "MultiPolygon", "coordinates": [[[[-9313385.308899999, 5282209.226290922], [-9313386.987399999, 5282211.914200246], [-9313388.205499997, 5282213.369553286], [-9313390.038600001, 5282215.718982942], [-9313391.770699998, 5282217.572201579], [-9313393.247099996, 5282219.268087425], [-9313394.640600001, 5282220.9668628825], [-9313396.1973, 5282222.576559488], [-9313397.676799996, 5282224.355745037], [-9313398.811699998, 5282225.813888036], [-9313400.196199998, 5282227.263262645], [-9313401.844899999, 5282229.11947052], [-9313403.247299997, 5282231.067945743], [-9313405.148799999, 5282232.998385998], [-9313406.016199997, 5282233.966495687], [-9313346.389999999, 5282289.655124636], [-9313344.919399997, 5282288.125439492], [-9313343.371599998, 5282286.765243292], [-9313341.476199998, 5282285.001203058], [-9313339.557099996, 5282282.571761747], [-9313337.646699999, 5282280.391621641], [-9313335.8166, 5282278.1254915595], [-9313333.718999997, 5282275.369228536], [-9313331.7197, 5282273.0259765005], [-9313330.237099996, 5282271.163590842], [-9313328.585199995, 5282269.224182866], [-9313327.114800002, 5282267.694597387], [-9313325.641200002, 5282266.081911504], [-9313323.995400002, 5282264.308903626], [-9313322.679199997, 5282262.44053953], [-9313320.9352, 5282260.25471995], [-9313319.788399994, 5282258.463577457], [-9313318.3059, 5282256.601391097], [-9313317.346300002, 5282255.3866704665], [-9313315.872700002, 5282253.773984593], [-9313313.8524, 5282250.848332317], [-9313311.502399994, 5282248.01783696], [-9313309.853500001, 5282246.1616290575], [-9313308.718699997, 5282244.703286761], [-9313307.051799998, 5282242.348077893], [-9313305.135600002, 5282240.001637418], [-9313303.483699998, 5282238.0622294955], [-9313302.167599998, 5282236.194064715], [-9313300.691199996, 5282234.49817883], [-9313299.199699998, 5282232.3862927435], [-9313298.058800003, 5282230.7617496615], [-9313296.308900002, 5282228.409430398], [-9313295.090799995, 5282226.954176985], [-9313293.507299999, 5282224.595779642], [-9313291.8464, 5282222.4068712555], [-9313290.277799997, 5282220.46447412], [-9313289.318199996, 5282219.249653891], [-9313288.010999998, 5282217.630790355], [-9313286.094799994, 5282215.284648836], [-9313283.801199995, 5282211.702563254], [-9313282.294799997, 5282209.174975926], [-9313280.631099997, 5282206.902867525], [-9313279.1456, 5282204.957481203], [-9313278.0759, 5282202.996949488], [-9313276.593499996, 5282201.134962486], [-9313275.449599996, 5282199.427119763], [-9313273.788700001, 5282197.238211409], [-9313272.5618, 5282195.533357903], [-9313271.135699999, 5282192.9194817], [-9313269.825500002, 5282191.21761743], [-9313268.937099997, 5282189.667306771], [-9313268.0547, 5282188.28309725], [-9313266.910899997, 5282186.575254544], [-9313266.0195, 5282184.9416441955], [-9313264.964800002, 5282183.397311994], [-9313263.9962, 5282181.9329913175], [-9313263.1108, 5282180.465681419], [-9313262.145299999, 5282179.084560774], [-9313261.1707, 5282177.453939665], [-9313260.017999995, 5282175.496596491], [-9313258.163999999, 5282172.565165212], [-9313257.186499998, 5282170.851344075], [-9313255.4426, 5282168.665425008], [-9313253.499500003, 5282165.570483258], [-9313252.426899996, 5282163.526950832], [-9313251.277099999, 5282161.652807715], [-9313249.937000003, 5282159.119242041], [-9313248.1634, 5282156.101621537], [-9313246.3956, 5282153.250201844], [-9313245.233899996, 5282151.0434578825], [-9313243.638400001, 5282148.352459818], [-9313242.571799994, 5282146.475227859], [-9313241.074399998, 5282144.197240753], [-9313239.5651, 5282141.586453531], [-9313238.492399996, 5282139.542921143], [-9313237.5119, 5282137.745999651], [-9313236.4334, 5282135.536166851], [-9313234.849799996, 5282133.177869325], [-9313233.6911, 5282131.054225794], [-9313231.902499998, 5282127.620605176], [-9313230.889200002, 5282124.908782253], [-9313229.801599996, 5282122.449449012], [-9313228.372499997, 5282119.752572192], [-9313227.2049, 5282117.379328573], [-9313225.942099998, 5282114.676473329], [-9313224.679199995, 5282111.973618098], [-9313223.2472, 5282109.193541285], [-9313221.984299999, 5282106.49048678], [-9313220.890799997, 5282103.864952782], [-9313219.711199999, 5282101.1591083435], [-9313218.644699998, 5282099.281976095], [-9313217.634299994, 5282096.6532536065], [-9313216.4666, 5282094.280109678], [-9313215.655499997, 5282092.560310188], [-9313214.939399997, 5282091.170421265], [-9313214.291699996, 5282089.361443311], [-9313213.477499997, 5282087.558443804], [-9313212.3099, 5282085.185299894], [-9313211.587899998, 5282083.629010904], [-9313210.773699999, 5282081.8260114025], [-9313209.760399997, 5282079.11418857], [-9313208.669999994, 5282076.571755028], [-9313207.926999997, 5282074.43306582], [-9313206.925699998, 5282072.053943484], [-9313206.007599996, 5282069.671931571], [-9313204.928999996, 5282067.462098889], [-9313203.8355, 5282064.836465328], [-9313203.0006, 5282062.45126493], [-9313202.094299996, 5282060.401853866], [-9313201.1019, 5282058.272232014], [-9313200.358999997, 5282056.133542842], [-9313199.3637, 5282053.920920238], [-9313198.685899999, 5282051.280240969], [-9313197.598500002, 5282048.820907861], [-9313197.0518, 5282047.50804127], [-9313196.576199993, 5282045.859584642], [-9313195.916599996, 5282043.718005911], [-9313276.065899996, 5282021.605929254], [-9313276.793800002, 5282023.328717863], [-9313277.263499998, 5282024.810774403], [-9313277.828199996, 5282026.622741495], [-9313278.211499998, 5282028.024587243], [-9313278.9544, 5282030.163077096], [-9313279.581300002, 5282031.389854034], [-9313280.4044, 5282033.442254268], [-9313281.138300002, 5282035.331343321], [-9313282.0686, 5282038.046155284], [-9313283.149999997, 5282040.33908831], [-9313283.877899995, 5282042.061777311], [-9313284.784299998, 5282044.111188323], [-9313285.6786, 5282045.827898872], [-9313286.4928, 5282047.630798686], [-9313287.482299998, 5282049.6772204945], [-9313288.204199996, 5282051.233708729], [-9313288.944199998, 5282053.288998571], [-9313289.951499999, 5282055.834620573], [-9313291.641899996, 5282058.855130432], [-9313292.450299999, 5282060.491630192], [-9313293.3566, 5282062.541240533], [-9313294.173600001, 5282064.427240752], [-9313294.729300002, 5282065.989607795], [-9313295.451399997, 5282067.5459964], [-9313295.914900001, 5282068.861752589], [-9313296.711200003, 5282070.165751152], [-9313297.356000002, 5282071.891329771], [-9313298.066099996, 5282073.115117536], [-9313298.904100003, 5282075.583418353], [-9313299.9708, 5282077.460550575], [-9313300.865000002, 5282079.177161524], [-9313301.513000002, 5282080.986139462], [-9313302.404200003, 5282082.619550387], [-9313303.5631, 5282084.7433931315], [-9313304.374099998, 5282086.462993319], [-9313305.4677, 5282089.088726559], [-9313306.338199997, 5282090.140135836], [-9313307.585999997, 5282092.427090497], [-9313308.658600003, 5282094.470622802], [-9313309.8946, 5282096.4249766255], [-9313310.6999, 5282097.978276403], [-9313311.680299995, 5282099.7751978375], [-9313312.488499999, 5282101.411797301], [-9313313.305699997, 5282103.297797574], [-9313314.289099999, 5282105.1780187], [-9313315.284399997, 5282107.3907410195], [-9313316.354099998, 5282109.351073318], [-9313317.337700002, 5282111.231194794], [-9313318.499299997, 5282113.438038338], [-9313319.458899997, 5282114.652758836], [-9313320.7217, 5282117.355614073], [-9313321.7914, 5282119.315946387], [-9313323.036299996, 5282121.51980071], [-9313324.7209, 5282124.374209568], [-9313325.858799996, 5282125.915552484], [-9313327.0175, 5282128.0391960135], [-9313328.253599996, 5282129.9935499], [-9313329.510399997, 5282132.530104746], [-9313330.6513, 5282134.154747342], [-9313331.946600001, 5282135.440711012], [-9313333.102300001, 5282137.4811545145], [-9313333.981799997, 5282138.782163932], [-9313334.6978, 5282140.172052914], [-9313335.660399998, 5282141.470073119], [-9313336.623000002, 5282142.767993675], [-9313337.597499996, 5282144.3985151], [-9313338.818599999, 5282145.936968468], [-9313340.232799998, 5282148.218144062], [-9313341.465799997, 5282150.089297937], [-9313342.776099999, 5282151.7910625115], [-9313344.0863, 5282153.493026373], [-9313345.063700002, 5282155.206847487], [-9313346.457100002, 5282156.905622868], [-9313347.693000002, 5282158.859976776], [-9313348.839899998, 5282160.651019488], [-9313350.162100002, 5282162.685484596], [-9313350.9643, 5282164.1556840455], [-9313351.668399997, 5282165.213071827], [-9313352.630999995, 5282166.510992413], [-9313353.673799999, 5282167.722624096], [-9313354.924699998, 5282170.092878578], [-9313356.312099997, 5282171.625353528], [-9313357.458799997, 5282173.4164959015], [-9313358.4246, 5282174.797516898], [-9313359.6395, 5282176.169669852], [-9313360.700200003, 5282177.880402131], [-9313362.099599998, 5282179.745577605], [-9313363.412900003, 5282181.5306418985], [-9313365.073599996, 5282183.719550218], [-9313366.300499998, 5282185.424403715], [-9313367.355299998, 5282186.968835561], [-9313369.087399997, 5282188.82205415], [-9313370.135999998, 5282190.2001855755], [-9313371.362999996, 5282191.905039073], [-9313372.587099997, 5282193.526692537], [-9313373.8974, 5282195.228556811], [-9313375.810599998, 5282197.4917971585], [-9313376.9455, 5282198.949940125], [-9313378.3449, 5282200.815215266], [-9313379.9045, 5282202.508111886], [-9313381.645499999, 5282204.610830973], [-9313382.706200002, 5282206.32166294], [-9313383.909300001, 5282207.361115418], [-9313385.308899999, 5282209.226290922]]], [[[-9313441.268899996, 5282271.842742345], [-9313443.259400003, 5282273.936693165], [-9313445.330099994, 5282275.944255432], [-9313447.662100002, 5282278.275650205], [-9313450.089499997, 5282280.9368559485], [-9313452.914599996, 5282283.08401495], [-9313454.896199996, 5282284.928266012], [-9313456.1083, 5282286.217219044], [-9313458.083999995, 5282287.895269301], [-9313460.228799997, 5282289.650341872], [-9313462.0381, 5282291.334370575], [-9313464.191899998, 5282293.338943655], [-9313465.3119, 5282294.381485058], [-9313466.2537, 5282295.097105099], [-9313467.382699998, 5282296.389047358], [-9313468.844299996, 5282297.669132374], [-9313470.4782, 5282299.109539407], [-9313472.028999994, 5282300.552935656], [-9313473.582800003, 5282302.079432301], [-9313475.816800002, 5282303.9978161305], [-9313477.709399998, 5282305.678855624], [-9313479.179899998, 5282307.208441154], [-9313480.822899997, 5282308.898249047], [-9313482.628999997, 5282310.499177366], [-9313484.515499996, 5282312.013717142], [-9313486.577199997, 5282313.771778961], [-9313489.072700001, 5282316.014094964], [-9313490.965200001, 5282317.695134473], [-9313493.1012, 5282319.2008062275], [-9313494.642999997, 5282320.394502714], [-9313496.7107, 5282322.319064299], [-9313498.169400001, 5282323.515949294], [-9313499.877699997, 5282324.70376697], [-9313442.768300002, 5282385.549706946], [-9313439.411099995, 5282382.505581464], [-9313436.490799999, 5282380.0287109595], [-9313433.297100002, 5282376.89530736], [-9313431.074999997, 5282375.309424705], [-9313429.342800003, 5282373.4562058505], [-9313427.441400003, 5282371.525765393], [-9313425.121399995, 5282369.526971376], [-9313423.311999997, 5282367.843042205], [-9313421.7552, 5282366.233146136], [-9313419.3459, 5282364.0712401625], [-9313417.453399999, 5282362.390300223], [-9313415.3948, 5282360.715239109], [-9313413.401199998, 5282358.538287385], [-9313411.336599996, 5282356.696826157], [-9313409.265900003, 5282354.6891641235], [-9313407.979500001, 5282353.652700757], [-9313406.9277, 5282352.191369109], [-9313404.770799998, 5282350.103396616], [-9313403.047800003, 5282348.499678302], [-9313401.0692, 5282346.738427922], [-9313398.395399999, 5282344.169589033], [-9313391.333599996, 5282337.6771952985], [-9313388.749000002, 5282335.271667677], [-9313386.752599997, 5282333.011416302], [-9313385.210899998, 5282331.817520527], [-9313383.3094, 5282329.886980499], [-9313381.8269, 5282328.024794028], [-9313379.500699997, 5282325.859599979], [-9313377.6024, 5282324.01235963], [-9313376.0456, 5282322.402662899], [-9313374.560099998, 5282320.457276403], [-9313435.217199994, 5282265.6474777525], [-9313436.426199999, 5282266.853330355], [-9313437.7247, 5282268.222294915], [-9313439.272499997, 5282269.582491079], [-9313441.268899996, 5282271.842742345]]], [[[-9313391.321799997, 5282372.155694405], [-9313393.496599996, 5282374.742667957], [-9313395.302900001, 5282376.343496721], [-9313397.955700003, 5282378.330333864], [-9313401.7465, 5282381.858613878], [-9313403.724999998, 5282383.619864314], [-9313406.294799997, 5282385.609591053], [-9313408.098200003, 5282387.127219782], [-9313409.999499997, 5282389.057660254], [-9313411.886000002, 5282390.572299756], [-9313413.769499997, 5282392.003838856], [-9313415.236999996, 5282393.450025144], [-9313417.4562, 5282394.952907049], [-9313388.584899997, 5282435.131059791], [-9313387.7891, 5282436.158954127], [-9313386.6844, 5282437.864306153], [-9313385.582699995, 5282439.652658956], [-9313384.489899999, 5282441.690611906], [-9313383.4654, 5282443.30967502], [-9313382.286499998, 5282445.267516797], [-9313380.9382, 5282447.148236608], [-9313380.246399999, 5282448.755243191], [-9313379.6317, 5282450.1931593595], [-9313378.925, 5282451.384464599], [-9313378.310399996, 5282452.8221814865], [-9313377.1285, 5282454.696922864], [-9313376.365399998, 5282456.639818545], [-9313375.355799997, 5282458.674682679], [-9313374.4234, 5282460.540257113], [-9313373.6723, 5282462.815953027], [-9313373.078499999, 5282464.835871038], [-9313371.899599997, 5282466.793712852], [-9313371.228699997, 5282468.983020225], [-9313371.029900001, 5282470.406089931], [-9313370.338000001, 5282472.013295822], [-9313369.257199997, 5282474.3838498015], [-9313368.6605, 5282476.320767054], [-9313367.9776, 5282478.177473481], [-9313367.318699997, 5282480.699581101], [-9313366.650599997, 5282482.972088535], [-9313366.217300002, 5282484.819827314], [-9313365.424699994, 5282488.262815102], [-9313364.7627, 5282490.701722671], [-9313364.4334, 5282493.128773003], [-9313322.074600002, 5282489.318608897], [-9313319.493400002, 5282489.32807476], [-9313317.318900002, 5282489.072894704], [-9313314.9813, 5282488.906793511], [-9313312.640499998, 5282488.657691548], [-9313310.891000003, 5282488.637265175], [-9313308.460999995, 5282488.224752321], [-9313305.6303, 5282488.243086225], [-9313302.704400001, 5282487.931609112], [-9313300.203199998, 5282487.854686436], [-9313297.954599997, 5282487.852195419], [-9313295.613899998, 5282487.602993806], [-9313292.771199998, 5282487.288527478], [-9313290.688899998, 5282487.279958359], [-9313288.101699999, 5282487.123024127], [-9313286.0224, 5282487.197555428], [-9313284.020199997, 5282487.102797046], [-9313281.0973, 5282486.874519996], [-9313279.018, 5282486.949150955], [-9313276.603099996, 5282486.952439098], [-9313274.8565, 5282487.0151131535], [-9313272.1028, 5282486.864057722], [-9313269.108699994, 5282486.971470485], [-9313266.4384, 5282486.817525466], [-9313263.859999994, 5282486.909892481], [-9313261.275799999, 5282486.836158289], [-9313258.691499997, 5282486.762224828], [-9313256.942000002, 5282486.741898111], [-9313254.1913, 5282486.673843444], [-9313251.113899997, 5282486.784345087], [-9313248.526699996, 5282486.627211561], [-9313245.612799998, 5282486.648435043], [-9313243.3731, 5282486.895245281], [-9313241.626499997, 5282486.958118622], [-9313239.128400002, 5282486.9641967015], [-9313236.802399997, 5282487.130995382], [-9313234.2302, 5282487.389862161], [-9313230.647899996, 5282487.351899016], [-9313228.8151, 5282487.33416296], [-9313227.1578, 5282487.56034754], [-9313224.077399997, 5282487.587449832], [-9313224.5133, 5282483.491017768], [-9313224.7685, 5282481.316556848], [-9313224.931499997, 5282478.895584631], [-9313225.338099996, 5282476.299244642], [-9313225.432799999, 5282474.297162306], [-9313225.488799999, 5282471.213578876], [-9313225.889400002, 5282468.45093842], [-9313226.0314, 5282465.447765108], [-9313226.274699999, 5282462.9406036455], [-9313226.348599995, 5282460.356120941], [-9313226.422399998, 5282457.771837512], [-9313226.769299997, 5282453.512094285], [-9313227.6022, 5282441.906134919], [-9313227.643800002, 5282403.595349862], [-9313227.7266, 5282401.26056707], [-9313227.9459, 5282398.088104226], [-9313228.105999999, 5282395.583832481], [-9313228.245000001, 5282392.497459279], [-9313228.161600001, 5282390.16865496], [-9313228.452099998, 5282386.660303072], [-9313228.8705, 5282384.396863115], [-9313229.0127, 5282381.393690005], [-9313229.261900002, 5282379.05292881], [-9313229.5614, 5282375.794177107], [-9313229.807499997, 5282373.370215866], [-9313230.151899999, 5282371.358966735], [-9313230.329799999, 5282369.353895337], [-9313230.504699996, 5282367.265723539], [-9313230.988399995, 5282364.500094074], [-9313231.403900001, 5282362.153254815], [-9313231.6471, 5282359.646292827], [-9313232.1486, 5282357.379664411], [-9313232.504899997, 5282355.701315152], [-9313232.991699995, 5282353.018885761], [-9313293.751699999, 5282359.084019923], [-9313297.108299999, 5282378.36789845], [-9313349.069899999, 5282329.533355381], [-9313349.943399997, 5282330.6679649], [-9313352.712299997, 5282333.566714356], [-9313354.961199999, 5282335.9011981], [-9313356.8597, 5282337.748338822], [-9313358.493599996, 5282339.188845526], [-9313359.976099996, 5282341.051032006], [-9313361.443700003, 5282342.497417515], [-9313363.003499998, 5282344.190314319], [-9313364.560300002, 5282345.800110712], [-9313366.4586, 5282347.647450732], [-9313368.184699997, 5282349.334369097], [-9313370.5198, 5282351.749063701], [-9313371.990299998, 5282353.278549636], [-9313374.5037, 5282356.019966349], [-9313376.0575, 5282357.546463076], [-9313377.266699998, 5282358.752315769], [-9313378.820499998, 5282360.2789121475], [-9313380.540600002, 5282361.79943041], [-9313381.6664, 5282363.008272339], [-9313382.626199996, 5282364.223092704], [-9313384.946399996, 5282366.221886737], [-9313386.8477, 5282368.152327179], [-9313389.001599997, 5282370.157099654], [-9313391.321799997, 5282372.155694405]]], [[[-9313880.620999996, 5282426.7048372775], [-9313880.068099998, 5282425.2255702065], [-9313879.687699998, 5282423.906824433], [-9313879.217999998, 5282422.424568145], [-9313878.231299998, 5282420.461445435], [-9313877.512200002, 5282418.988156831], [-9313877.1347, 5282417.752411829], [-9313957.015199997, 5282395.060419447], [-9313957.844400002, 5282397.27922037], [-9313958.391299998, 5282398.591987657], [-9313958.867099999, 5282400.24064402], [-9313959.868600002, 5282402.61966733], [-9313960.786999999, 5282405.0018791305], [-9313961.8155, 5282408.129503631], [-9313962.757799998, 5282411.177116593], [-9313963.589999998, 5282413.479017945], [-9313964.258799996, 5282415.8701974545], [-9313965.0168, 5282418.424688198], [-9313965.774999997, 5282420.978979662], [-9313966.2536, 5282422.710836118], [-9313967.183999998, 5282425.425549259], [-9313967.505300002, 5282427.412785037], [-9313968.067100001, 5282429.141552639], [-9313968.450600002, 5282430.543498462], [-9313968.8551, 5282432.5277450355], [-9313969.081100002, 5282434.185269473], [-9313969.479600001, 5282436.003016302], [-9313969.827699997, 5282438.738853309], [-9313970.0987, 5282441.643880373], [-9313970.078300001, 5282443.393672201], [-9313970.051900001, 5282444.976964263], [-9313970.099799996, 5282446.307666948], [-9313970.008199995, 5282448.392949303], [-9313970.067999996, 5282450.0565518625], [-9313970.294199998, 5282451.714076321], [-9313970.339, 5282452.961578943], [-9313970.389899999, 5282454.375581324], [-9313970.4437, 5282455.872684141], [-9313970.2808, 5282458.29375595], [-9313970.005, 5282459.886015706], [-9313970.0736, 5282461.799019158], [-9313969.465199996, 5282463.403136173], [-9313969.112099998, 5282465.164785282], [-9313921.180499997, 5282447.649828317], [-9313881.4572, 5282433.75372523], [-9313881.3112, 5282432.010111153], [-9313881.2635, 5282430.679209205], [-9313881.049299998, 5282429.354385347], [-9313880.915299999, 5282427.943471857], [-9313880.620999996, 5282426.7048372775]]], [[[-9313509.0554, 5282466.701246205], [-9313510.849699995, 5282467.96927485], [-9313512.994599994, 5282469.724546958], [-9313470.029600002, 5282530.230220422], [-9313448.238, 5282510.108759168], [-9313394.692099996, 5282521.774603257], [-9313394.3829, 5282520.119968287], [-9313394.0677, 5282518.299032837], [-9313393.743599996, 5282516.228596855], [-9313393.351199994, 5282514.577150394], [-9313393.122199997, 5282512.836525423], [-9313392.878199996, 5282510.679800526], [-9313392.557099996, 5282508.6924649775], [-9313392.470499994, 5282506.280460385], [-9313392.238500003, 5282504.456635368], [-9313392.1788, 5282502.7932320405], [-9313392.1101, 5282500.880228528], [-9313392.264199998, 5282498.209556455], [-9313392.1985, 5282496.379753006], [-9313392.227899998, 5282494.879660935], [-9313392.381999997, 5282492.2091881605], [-9313392.485599998, 5282490.456506687], [-9313392.675500002, 5282488.783936427], [-9313392.862299994, 5282487.028365379], [-9313392.968899997, 5282485.358883979], [-9313393.247899998, 5282483.849824239], [-9313393.829699997, 5282481.496906684], [-9313394.155999998, 5282478.986955236], [-9313394.648599999, 5282476.470826073], [-9313394.984000001, 5282474.210175894], [-9313395.506399998, 5282472.5257484], [-9313396.0289, 5282470.841520176], [-9313396.486199996, 5282469.659082959], [-9313397.091799997, 5282467.9717658805], [-9313397.932200002, 5282465.859480836], [-9313398.383399997, 5282464.5107431505], [-9313399.562299997, 5282462.553100624], [-9313400.254199995, 5282460.945695467], [-9313401.272699997, 5282459.160331864], [-9313446.418899996, 5282487.27158854], [-9313479.0264, 5282444.46052608], [-9313501.613399994, 5282461.221999361], [-9313504.004899995, 5282462.885004095], [-9313505.811299996, 5282464.485733328], [-9313507.7718, 5282465.74788316], [-9313509.0554, 5282466.701246205]]], [[[-9313556.8076, 5282497.799733893], [-9313559.359399997, 5282499.290459731], [-9313563.120500002, 5282501.987038411], [-9313566.100099998, 5282503.795518736], [-9313569.249099996, 5282505.681220673], [-9313571.465299996, 5282507.100803001], [-9313573.592399994, 5282508.356874804], [-9313576.049200002, 5282509.517889281], [-9313578.7883, 5282511.584937461], [-9313581.5808, 5282512.8171951175], [-9313583.966199996, 5282514.313899431], [-9313585.757600002, 5282515.498628415], [-9313571.131500002, 5282562.745203159], [-9313577.282399997, 5282590.257421606], [-9313575.639900003, 5282590.899307611], [-9313573.4331, 5282592.061318587], [-9313571.223399995, 5282593.139930202], [-9313568.847099997, 5282594.224719547], [-9313566.964099998, 5282595.125173425], [-9313565.324499996, 5282595.850259494], [-9313563.0376, 5282597.098360118], [-9313560.578099996, 5282598.186138705], [-9313557.801099997, 5282599.701575577], [-9313555.017999997, 5282601.050711953], [-9313552.727999998, 5282602.215612518], [-9313550.931099998, 5282603.196277235], [-9313548.563799996, 5282604.530567144], [-9313545.864, 5282605.876614681], [-9313542.843399998, 5282607.5674193725], [-9313541.622600002, 5282608.360759402], [-9313539.0921, 5282609.784227832], [-9313536.799100002, 5282610.865928328], [-9313534.749599999, 5282611.772261019], [-9313532.070699997, 5282613.700709026], [-9313529.5342, 5282614.957777321], [-9313528.230200002, 5282615.754106584], [-9313526.272999996, 5282616.907050256], [-9313524.559099995, 5282617.884725762], [-9313522.765199998, 5282618.948490935], [-9313520.392, 5282620.116380731], [-9313517.953499999, 5282621.786260859], [-9313516.480400002, 5282622.505368516], [-9313513.058699999, 5282624.62711968], [-9313510.534199996, 5282626.216788973], [-9313507.756999996, 5282627.732225879], [-9313505.318500001, 5282629.402205676], [-9313503.5988, 5282630.213481059], [-9313501.570299998, 5282631.702114594], [-9313499.9368, 5282632.59360083], [-9313497.8992, 5282633.832534528], [-9313496.1113, 5282635.062799481], [-9313493.0995, 5282637.0031047715], [-9313485.365399994, 5282641.9446905935], [-9313446.753500002, 5282598.6910186075], [-9313498.928099995, 5282558.091878456], [-9313545.928799996, 5282491.694443841], [-9313547.2122, 5282492.647707269], [-9313551.0265, 5282494.509595049], [-9313554.003200002, 5282496.234875305], [-9313556.8076, 5282497.799733893]]], [[[-9313394.755100003, 5282576.905056815], [-9313395.982100002, 5282578.610010455], [-9313397.116999997, 5282580.0683531435], [-9313398.254999999, 5282581.609696595], [-9313399.470199997, 5282582.981949637], [-9313401.309299996, 5282585.4977800725], [-9313402.610599998, 5282586.950144315], [-9313404.167299999, 5282588.55994101], [-9313406.404499998, 5282590.561624961], [-9313408.0533, 5282592.418032633], [-9313410.1331, 5282594.675394873], [-9313412.0345, 5282596.605835655], [-9313413.950799998, 5282598.952376417], [-9313416.110699996, 5282601.123250464], [-9313418.020999998, 5282603.3034907365], [-9313419.9225, 5282605.234031179], [-9313425.9182, 5282612.181087221], [-9313391.296399994, 5282640.657132178], [-9313390.749199996, 5282643.964210329], [-9313330.860799998, 5282632.0822442565], [-9313330.177199997, 5282629.275163659], [-9313349.784899997, 5282609.416752564], [-9313392.384000001, 5282573.492259945], [-9313393.706100002, 5282575.526924977], [-9313394.755100003, 5282576.905056815]]], [[[-9313451.243499998, 5282691.307142399], [-9313454.682899997, 5282689.684591553], [-9313457.462999998, 5282688.252354644], [-9313462.0461, 5282686.005753444], [-9313499.766100002, 5282755.442840495], [-9313494.461299997, 5282758.464946227], [-9313490.730900003, 5282761.263956195], [-9313486.694499994, 5282764.823524463], [-9313483.1544, 5282768.281957327], [-9313480.430900002, 5282771.294696855], [-9313478.7236, 5282774.770566871], [-9313475.712199997, 5282779.042965534], [-9313435.614999995, 5282703.694387535], [-9313433.231900001, 5282699.948690418], [-9313434.951800002, 5282699.137614268], [-9313443.506199999, 5282696.165528359], [-9313445.9476, 5282694.578748552], [-9313448.6266, 5282692.650200795], [-9313451.243499998, 5282691.307142399]]], [[[-9313600.9137, 5282888.897760887], [-9313604.023599997, 5282887.370267127], [-9313607.0621, 5282886.178363653], [-9313610.2821, 5282885.3964821575], [-9313613.107000003, 5282885.21174807], [-9313616.3567, 5282885.26166812], [-9313620.260000002, 5282884.95487405], [-9313623.177199995, 5282885.016651357], [-9313626.444899997, 5282885.565572615], [-9313629.2937, 5282886.046339568], [-9313633.2476, 5282887.153647985], [-9313636.260000002, 5282887.545236402], [-9313637.487799998, 5282937.972060822], [-9313638.267400002, 5282959.681604187], [-9313638.541999994, 5282981.24288235], [-9313592.0289, 5282982.41346277], [-9313591.442600003, 5282961.4464424625], [-9313591.058299998, 5282955.380309082], [-9313589.763699995, 5282896.127499441], [-9313592.101099996, 5282893.961507317], [-9313595.267300002, 5282891.68232321], [-9313598.795999995, 5282890.222983785], [-9313600.9137, 5282888.897760887]]], [[[-9313247.033699997, 5281901.729341382], [-9313247.0845, 5281903.143243511], [-9313247.494699998, 5281905.293789679], [-9313247.628499998, 5281906.704602965], [-9313247.955599999, 5281908.858138352], [-9313248.460899996, 5281911.338196473], [-9313248.692900002, 5281913.161921004], [-9313248.9339, 5281915.235245611], [-9313249.070699995, 5281916.729358562], [-9313249.486899998, 5281919.046205148], [-9313249.805, 5281920.950040862], [-9313250.2923, 5281922.9311977755], [-9313250.693699999, 5281924.832243559], [-9313251.0208, 5281926.985579698], [-9313251.166600002, 5281928.729292737], [-9313251.555999996, 5281930.297538419], [-9313251.963099996, 5281932.364884612], [-9313252.287200002, 5281934.435120378], [-9313252.4331, 5281936.178833427], [-9313252.727299998, 5281937.417367891], [-9313253.1256, 5281939.235114017], [-9313253.506, 5281940.553958941], [-9313253.990499998, 5281942.451816228], [-9313254.2877, 5281943.773550742], [-9313254.483799998, 5281944.5993732335], [-9313254.944399998, 5281945.832028905], [-9313254.9892, 5281947.079531056], [-9313255.390400002, 5281948.980576867], [-9313255.7085, 5281950.88441261], [-9313256.282199996, 5281952.945880021], [-9313256.7845, 5281955.342738194], [-9313257.093599997, 5281956.997272808], [-9313257.676099997, 5281959.308041382], [-9313258.0924, 5281961.624987687], [-9313258.936300002, 5281964.25938941], [-9313259.3406, 5281966.243635271], [-9313259.655699998, 5281968.064569941], [-9313260.217299996, 5281969.793137638], [-9313260.8059, 5281972.270405931], [-9313261.207099998, 5281974.171252495], [-9313261.519299999, 5281975.9088875055], [-9313262.274199998, 5281978.380277011], [-9313262.948799996, 5281980.937556835], [-9313263.5195, 5281982.91572462], [-9313181.6466, 5281998.760397402], [-9313181.432499997, 5281997.435673619], [-9313179.994199999, 5281992.157503795], [-9313179.610799996, 5281990.75545881], [-9313178.933099996, 5281988.114879299], [-9313178.534899997, 5281986.297133104], [-9313178.225599997, 5281984.642598453], [-9313177.640199998, 5281982.24862981], [-9313176.950700002, 5281979.275349849], [-9313176.647599997, 5281977.787215269], [-9313175.987799995, 5281975.645736286], [-9313175.485399999, 5281973.248678798], [-9313175.179299999, 5281971.677443836], [-9313174.751199998, 5281969.027996344], [-9313174.263899999, 5281967.0467397], [-9313173.951699998, 5281965.30920433], [-9313173.461299999, 5281963.24484732], [-9313173.053999996, 5281961.177600721], [-9313172.738799999, 5281959.356666058], [-9313172.325699996, 5281957.123119065], [-9313172.016599998, 5281955.468684108], [-9313171.710399998, 5281953.897349524], [-9313171.318200001, 5281952.245804129], [-9313170.991099998, 5281950.092368314], [-9313170.500599999, 5281948.028011329], [-9313170.0784, 5281945.544864283], [-9313169.778199997, 5281944.140029398], [-9313169.356099999, 5281941.656782724], [-9313168.9578, 5281939.838936938], [-9313168.645799996, 5281938.101401617], [-9313168.407699998, 5281936.11117736], [-9313168.077800002, 5281933.874641184], [-9313167.569499994, 5281931.311283359], [-9313167.3226, 5281929.071757979], [-9313166.930400003, 5281927.420212622], [-9313166.6895, 5281925.346888003], [-9313166.3773, 5281923.609352686], [-9313166.237500003, 5281922.032139344], [-9313165.913399998, 5281919.961704304], [-9313165.776499996, 5281918.467690992], [-9313165.6367, 5281916.890477641], [-9313165.383900002, 5281914.484452597], [-9313165.0778, 5281912.913118055], [-9313164.863699997, 5281911.588593654], [-9313164.6348, 5281909.847869865], [-9313164.316599999, 5281907.943934533], [-9313164.2809, 5281906.945932841], [-9313164.048899999, 5281905.122208319], [-9313163.647599997, 5281903.221162578], [-9313245.8858, 5281892.943219951], [-9313246.031699998, 5281894.6868333025], [-9313246.3349, 5281896.174967802], [-9313246.641099999, 5281897.746302308], [-9313246.6146, 5281899.329494071], [-9313247.033699997, 5281901.729341382]]], [[[-9313215.810199996, 5282542.68352587], [-9313216.065399997, 5282540.509064866], [-9313216.4838, 5282538.245425347], [-9313216.816099998, 5282535.901575004], [-9313217.086099997, 5282534.142815387], [-9313217.748199996, 5282531.703907722], [-9313217.911200002, 5282529.282935425], [-9313218.347599998, 5282527.518297], [-9313218.775000002, 5282525.504357337], [-9313219.434099995, 5282522.982149988], [-9313220.116999999, 5282521.125543137], [-9313220.532500003, 5282518.7787035955], [-9313221.126199998, 5282516.758486573], [-9313221.723, 5282514.82176854], [-9313222.471199999, 5282512.462972104], [-9313254.6406, 5282510.809333556], [-9313256.892199999, 5282510.895124273], [-9313258.986399999, 5282511.236593266], [-9313261.143000001, 5282510.992473332], [-9313263.231100002, 5282511.167542194], [-9313265.402599996, 5282511.339422557], [-9313268.1502, 5282511.324177518], [-9313269.816600002, 5282511.347692755], [-9313272.5672, 5282511.41564776], [-9313275.2347, 5282511.48639273], [-9313277.4062, 5282511.658372727], [-9313279.399199996, 5282511.503630581], [-9313281.229000002, 5282511.437967296], [-9313283.5884, 5282553.993652618], [-9313281.8153, 5282555.639618884], [-9313315.849800002, 5282587.398428258], [-9313317.6383, 5282588.500056896], [-9313316.378999995, 5282590.544088174], [-9313324.899199998, 5282614.473622683], [-9313243.732099999, 5282657.111515045], [-9313242.225699998, 5282654.583827207], [-9313240.826400002, 5282652.718451771], [-9313239.783599999, 5282651.50662035], [-9313238.372199994, 5282649.308643931], [-9313237.5699, 5282647.838244639], [-9313236.0695, 5282645.476857317], [-9313234.913599998, 5282643.436313372], [-9313233.933200002, 5282641.6390922535], [-9313233.294299997, 5282640.079813381], [-9313232.3049, 5282638.033191357], [-9313231.321299998, 5282636.152969474], [-9313230.2368, 5282633.776636036], [-9313229.063000001, 5282631.236991347], [-9313228.073499998, 5282629.190369337], [-9313227.247399997, 5282627.0546684535], [-9313226.159799999, 5282624.595134977], [-9313225.574199997, 5282622.200965875], [-9313224.5788, 5282619.988143015], [-9313223.829999998, 5282617.683052788], [-9313223.250300001, 5282615.455184192], [-9313222.338100001, 5282613.239372125], [-9313221.610099997, 5282611.516483097], [-9313221.125599999, 5282609.618425538], [-9313220.7392, 5282608.133080179], [-9313219.987299994, 5282605.744889552], [-9313219.681099994, 5282604.1735541755], [-9313219.0303, 5282602.281275795], [-9313218.807200002, 5282600.706951204], [-9313218.393899998, 5282598.473203822], [-9313218.069899997, 5282596.402767725], [-9313217.5794, 5282594.338210412], [-9313217.353399998, 5282592.680685771], [-9313216.952199994, 5282590.779639024], [-9313216.693299998, 5282588.207112956], [-9313216.196999999, 5282585.9763548225], [-9313215.9084, 5282582.5721270405], [-9313215.8367, 5282580.575923341], [-9313215.785999997, 5282579.161920832], [-9313215.550999999, 5282577.254796002], [-9313215.414099999, 5282575.7606822755], [-9313215.217599994, 5282572.602866218], [-9313215.199399995, 5282569.771971607], [-9313215.300199999, 5282567.936189604], [-9313214.987999998, 5282566.1985538], [-9313215.0114, 5282564.531961876], [-9313215.121099997, 5282562.945680437], [-9313214.794099998, 5282560.792143948], [-9313214.716499997, 5282558.629639812], [-9313214.974699996, 5282556.538179549], [-9313215.000999998, 5282554.954887343], [-9313214.920599997, 5282552.709183155], [-9313215.193599999, 5282551.033723217], [-9313215.1309, 5282549.287119754], [-9313215.382999996, 5282547.029359038], [-9313215.6382, 5282544.854997661], [-9313215.810199996, 5282542.68352587]]], [[[-9313068.6554, 5281915.454754165], [-9313139.185700001, 5281908.428786395], [-9313139.429400003, 5281910.585310999], [-9313139.735600002, 5281912.156545902], [-9313139.9706, 5281914.063570087], [-9313140.199499996, 5281915.804094603], [-9313140.235300003, 5281916.802096318], [-9313140.366099996, 5281918.12990886], [-9313140.505999997, 5281919.707122205], [-9313140.815099997, 5281921.361557124], [-9313141.056099996, 5281923.434782102], [-9313141.1839, 5281924.679394645], [-9313141.386, 5281925.671318259], [-9313141.707099998, 5281927.65855328], [-9313141.757799998, 5281929.072355811], [-9313142.161899999, 5281931.05650198], [-9313142.375999996, 5281932.381325323], [-9313142.6883, 5281934.11886065], [-9313142.816099998, 5281935.363572838], [-9313142.964900002, 5281937.190286638], [-9313143.277100002, 5281938.927821973], [-9313143.419899996, 5281940.588235359], [-9313143.7081, 5281941.660569069], [-9313143.851000002, 5281943.320882816], [-9313144.249100002, 5281945.1386289485], [-9313144.487099998, 5281947.128853227], [-9313145.146799998, 5281949.270431791], [-9313145.396599999, 5281951.5931572495], [-9313145.702799998, 5281953.164392187], [-9313145.908000002, 5281954.239715123], [-9313146.2082, 5281955.644649661], [-9313146.5143, 5281957.215884611], [-9313146.903500002, 5281958.78422997], [-9313147.209699996, 5281960.355464916], [-9313147.521799998, 5281962.0930999145], [-9313147.8252, 5281963.581234485], [-9313148.2024, 5281964.816979047], [-9313148.526499998, 5281966.887214857], [-9313149.0911, 5281968.698982582], [-9313149.6736, 5281971.009850819], [-9313150.0629, 5281972.578096574], [-9313150.3633, 5281973.983130754], [-9313150.663399998, 5281975.388065314], [-9313151.046800002, 5281976.7901102975], [-9313151.617299998, 5281978.768178435], [-9313152.0007, 5281980.170223421], [-9313152.485099994, 5281982.06818041], [-9313152.868499996, 5281983.470125759], [-9313153.2698, 5281985.371171615], [-9313153.825400002, 5281986.933438936], [-9313154.1167, 5281988.088972704], [-9313154.877399998, 5281990.726562987], [-9313155.448, 5281992.704631158], [-9313155.825400002, 5281993.940375739], [-9313156.202799998, 5281995.175921053], [-9313156.5862, 5281996.577866407], [-9313157.055699997, 5281998.06002256], [-9313157.5312, 5281999.708578778], [-9313158.0127, 5282001.523435428], [-9313158.3218, 5282003.177770801], [-9313158.696199996, 5282004.330215725], [-9313159.082599996, 5282005.815460763], [-9313159.546100002, 5282007.13111725], [-9313159.843299996, 5282008.453051084], [-9313160.503100002, 5282010.59453012], [-9313161.251899999, 5282012.8994199885], [-9313161.8285, 5282015.043987881], [-9313162.577299993, 5282017.348877758], [-9313163.4301, 5282020.233078966], [-9313163.917600002, 5282022.214236046], [-9313164.553500002, 5282023.69031415], [-9313164.6754, 5282024.768626371], [-9313165.483500002, 5282026.40512609], [-9313165.863899998, 5282027.724070745], [-9313166.6396, 5282030.777461971], [-9313167.394400002, 5282033.248652288], [-9313167.688699998, 5282034.4871868435], [-9313168.155099995, 5282035.886242663], [-9313168.794, 5282037.445720102], [-9313169.266499996, 5282039.010976701], [-9313169.905300003, 5282040.570354502], [-9313170.2829, 5282041.805999486], [-9313170.832399996, 5282043.202066092], [-9313171.643599996, 5282044.921666218], [-9313172.0389, 5282046.656411751], [-9313172.7699, 5282048.462201139], [-9313173.162199996, 5282050.1137466505], [-9313173.815899994, 5282052.088925326], [-9313174.4548, 5282053.648303127], [-9313175.007499995, 5282055.127470133], [-9313175.563099999, 5282056.689837181], [-9313176.314899998, 5282059.077927153], [-9313177.592599995, 5282062.196682796], [-9313177.9791, 5282063.681728611], [-9313178.546600001, 5282065.576895791], [-9313179.099300003, 5282067.05596316], [-9313179.756099999, 5282069.114441541], [-9313180.855499998, 5282071.90637552], [-9313181.479399996, 5282073.0498528415], [-9313181.687499996, 5282074.20837592], [-9313182.228400001, 5282075.354942106], [-9313182.510600002, 5282076.260676584], [-9313182.974199997, 5282077.576632045], [-9313183.5149, 5282078.723198237], [-9313183.8833, 5282079.709243168], [-9313184.531199997, 5282081.518021829], [-9313185.078, 5282082.830788805], [-9313185.6336, 5282084.393355148], [-9313186.0111, 5282085.629000175], [-9313186.6528, 5282087.271578062], [-9313187.3778, 5282088.910967452], [-9313193.106199998, 5282100.031374229], [-9313204.364599995, 5282126.026651935], [-9313205.897699997, 5282129.302939783], [-9313206.385200001, 5282131.284196673], [-9313206.524999997, 5282132.861410279], [-9313206.5877, 5282134.607913531], [-9313206.531399997, 5282135.35950379], [-9313206.172099998, 5282136.954652737], [-9313206.038600001, 5282137.875532642], [-9313205.5933, 5282139.39047078], [-9313204.8836, 5282140.4985756865], [-9313204.248099998, 5282141.35409127], [-9313203.775900003, 5282142.120528004], [-9313202.974, 5282142.982221317], [-9313202.175199999, 5282143.926915371], [-9313201.4506, 5282144.619119739], [-9313200.232799998, 5282145.495659533], [-9313199.255699996, 5282146.113531897], [-9313198.441899994, 5282146.64232541], [-9313197.289500002, 5282147.016875049], [-9313196.137, 5282147.391325016], [-9313195.067799997, 5282147.762885419], [-9313193.656899996, 5282147.896702965], [-9313156.976799997, 5282149.128860631], [-9313145.4414, 5282117.730163696], [-9313137.165999997, 5282095.958159686], [-9313112.312499996, 5282108.841510477], [-9313106.448399996, 5282082.31963171], [-9313103.0541, 5282066.618540254], [-9313100.783299997, 5282056.706576821], [-9313094.815599998, 5282031.937280343], [-9313092.7203, 5282022.268938817], [-9313089.3619, 5282007.566049119], [-9313083.388100002, 5281982.630453174], [-9313082.086300002, 5281976.5146036185], [-9313079.970100002, 5281966.264260911], [-9313077.806399997, 5281957.014809572], [-9313075.574599996, 5281948.184148379], [-9313072.465699997, 5281933.472291858], [-9313071.7673, 5281930.249710868], [-9313068.6554, 5281915.454754165]]], [[[-9313210.280900002, 5282337.427296231], [-9313209.8713, 5282339.940236619], [-9313209.2923, 5282342.376254335], [-9313208.817599999, 5282345.3913842505], [-9313207.740400001, 5282352.508724991], [-9313207.420099998, 5282355.185175916], [-9313207.254000003, 5282357.523047489], [-9313207.325599996, 5282359.519151202], [-9313206.829899998, 5282361.952080085], [-9313206.583699994, 5282364.37614094], [-9313206.560200002, 5282366.04263297], [-9313206.224999996, 5282368.303183316], [-9313205.8718, 5282370.064732647], [-9313205.589800002, 5282371.490592199], [-9313205.658399995, 5282373.403595527], [-9313205.0705, 5282375.590013145], [-9313205.073900001, 5282378.0050067175], [-9313204.824700002, 5282380.345867562], [-9313204.5875, 5282383.019229686], [-9313204.276099999, 5282385.945280839], [-9313203.878800001, 5282391.122815073], [-9313203.694999995, 5282392.961685682], [-9313203.609099995, 5282395.213268409], [-9313203.252899997, 5282396.891717375], [-9313126.081999999, 5282395.328652433], [-9313125.897199998, 5282390.171943101], [-9313125.414399996, 5282379.029612866], [-9313124.965599997, 5282357.226117977], [-9313124.887399996, 5282350.400126841], [-9313124.989900002, 5282339.320072431], [-9313124.509499999, 5282323.597355806], [-9313210.924599996, 5282332.157395214], [-9313210.437800001, 5282334.839824549], [-9313210.280900002, 5282337.427296231]]], [[[-9313203.353499997, 5282434.531022996], [-9313203.335999997, 5282436.36381558], [-9313203.327599997, 5282438.446208332], [-9313203.1467, 5282440.368179419], [-9313202.983599998, 5282442.789151563], [-9313202.876999998, 5282444.458632909], [-9313202.966399997, 5282446.953937091], [-9313202.8836, 5282449.288719957], [-9313202.797699999, 5282451.540402417], [-9313202.501199994, 5282454.8822547225], [-9313202.495699998, 5282457.047747929], [-9313202.406899998, 5282459.216329992], [-9313202.490399996, 5282461.545134435], [-9313202.309300002, 5282463.467105556], [-9313202.057199996, 5282465.7247665], [-9313201.873399999, 5282467.5635375725], [-9313201.6063, 5282469.405297876], [-9313201.517599998, 5282471.573879959], [-9313201.327699997, 5282473.246250921], [-9313201.004299996, 5282475.83960169], [-9313200.674999999, 5282478.266452703], [-9313200.4259, 5282480.607413363], [-9313199.915200002, 5282482.62444183], [-9313199.767099999, 5282485.461215062], [-9313199.458699998, 5282488.4704665], [-9313199.286799999, 5282490.641938202], [-9313198.9484, 5282492.8193883505], [-9313198.702299995, 5282495.243349808], [-9313198.2807, 5282497.423789188], [-9313197.779199997, 5282499.690417866], [-9313197.3725, 5282502.286857551], [-9313196.799599996, 5282504.88897676], [-9313196.384199996, 5282507.235816271], [-9313195.882399999, 5282509.502444971], [-9313195.3748, 5282511.602673526], [-9313195.1227, 5282513.860434194], [-9313194.891399998, 5282516.70019671], [-9313194.737500003, 5282519.370868823], [-9313194.336799996, 5282522.133509385], [-9313193.998599999, 5282524.310959574], [-9313193.989900002, 5282526.393252825], [-9313193.9604, 5282527.89334494], [-9313193.767699996, 5282529.482615558], [-9313193.3461, 5282531.663055004], [-9313193.096999995, 5282534.003916125], [-9313192.924900003, 5282536.175387896], [-9313155.996499997, 5282537.6935150055], [-9313129.3937, 5282538.786973044], [-9313128.796699997, 5282517.488156078], [-9313128.830099998, 5282502.16310369], [-9313128.1597, 5282488.11255679], [-9313127.5433, 5282477.891105867], [-9313127.236199997, 5282469.324190278], [-9313127.301200002, 5282466.490207024], [-9313126.625499995, 5282436.033606013], [-9313126.4585, 5282431.375797921], [-9313203.421299996, 5282429.448346601], [-9313203.2731, 5282432.285319003], [-9313203.353499997, 5282434.531022996]]], [[[-9313192.0507, 5282569.852780283], [-9313192.1997, 5282571.679694249], [-9313192.015700001, 5282573.518465471], [-9313192.5091, 5282575.666023521], [-9313192.577599997, 5282577.579126786], [-9313192.5068, 5282580.2467101505], [-9313192.810000002, 5282581.73484543], [-9313192.7716, 5282582.985437057], [-9313193.006599998, 5282584.892561879], [-9313193.238499999, 5282586.716586293], [-9313193.390199997, 5282588.626600701], [-9313193.705400001, 5282590.447436606], [-9313194.044499997, 5282592.9338730285], [-9313194.127899997, 5282595.262677728], [-9313194.526299998, 5282597.080723696], [-9313194.749299996, 5282598.655048281], [-9313195.159499997, 5282600.805595601], [-9313195.468599996, 5282602.460131038], [-9313131.446299998, 5282621.579306923], [-9313130.918099996, 5282604.525286196], [-9313130.872600002, 5282598.61389664], [-9313130.376299996, 5282575.47919703], [-9313191.910599995, 5282565.943473354], [-9313191.990999997, 5282568.189376856], [-9313192.0507, 5282569.852780283]]], [[[-9313009.219300002, 5282701.332601557], [-9313009.4435, 5282712.234600938], [-9313009.745599996, 5282750.867533847], [-9312962.372000001, 5282751.2329167], [-9312960.4888, 5282703.329004718], [-9313009.219300002, 5282701.332601557]]], [[[-9312964.226, 5282777.400884977], [-9313000.171899997, 5282776.52902788], [-9313008.492299994, 5282776.314003016], [-9313009.573699996, 5282822.74781713], [-9313003.576199997, 5282822.712942842], [-9312966.061599996, 5282823.97439555], [-9312964.226, 5282777.400884977]]]]}, "properties": {"Group": 43, "Chld_Rt": 0.159894053067493, "Med_Income": 41146.0, "Bay_Ld_Est": 8.286727217606307}}, {"type": "Feature", "geometry": {"type": "MultiPolygon", "coordinates": [[[[-9317642.034499995, 5291301.914841282], [-9317641.355499998, 5291242.81001667], [-9317656.487, 5291242.62498248], [-9317656.945800003, 5291301.770759728], [-9317642.034499995, 5291301.914841282]]], [[[-9317526.553599996, 5291244.213566285], [-9317542.213200001, 5291244.022254678], [-9317543.241699995, 5291302.870004373], [-9317527.581199998, 5291303.021359758], [-9317526.553599996, 5291244.213566285]]], [[[-9317831.432199996, 5291449.760463964], [-9317831.190499999, 5291397.337988292], [-9317830.9299, 5291340.814172283], [-9317847.418899998, 5291340.473199183], [-9317863.7406, 5291340.135713535], [-9317864.568199998, 5291396.825233281], [-9317847.811399996, 5291397.082706844], [-9317848.175099997, 5291449.552811132], [-9317831.432199996, 5291449.760463964]]], [[[-9317593.033500003, 5291343.826034941], [-9317593.778099997, 5291397.9040515], [-9317577.285999997, 5291398.033186852], [-9317576.7904, 5291344.05401461], [-9317593.033500003, 5291343.826034941]]], [[[-9317527.145499999, 5291344.7508074045], [-9317543.637999997, 5291344.519439911], [-9317544.1318, 5291398.293151443], [-9317527.597199997, 5291398.4225857165], [-9317527.145499999, 5291344.7508074045]]], [[[-9317814.3791, 5291397.596258994], [-9317814.939600002, 5291449.965227199], [-9317797.53, 5291450.181050636], [-9317781.203499997, 5291450.3836217495], [-9317780.640900003, 5291398.114394652], [-9317796.926999997, 5291397.864194918], [-9317814.3791, 5291397.596258994]]], [[[-9317730.711599996, 5291398.88093649], [-9317747.533500003, 5291398.622665795], [-9317748.051400002, 5291450.794543197], [-9317731.3916, 5291451.001099986], [-9317730.711599996, 5291398.88093649]]], [[[-9317594.532699998, 5291452.687830891], [-9317593.778099997, 5291397.9040515], [-9317609.8576, 5291397.778005035], [-9317626.3902, 5291397.648271847], [-9317627.268699998, 5291452.275614103], [-9317610.1103, 5291452.491537194], [-9317594.532699998, 5291452.687830891]]], [[[-9317511.016299997, 5291398.552418555], [-9317527.597199997, 5291398.4225857165], [-9317528.061199998, 5291453.524321089], [-9317511.818100002, 5291453.728685757], [-9317511.016299997, 5291398.552418555]]], [[[-9317864.518700002, 5291508.228788224], [-9317864.3749, 5291474.512502954], [-9317879.951900002, 5291474.306444379], [-9317896.9437, 5291474.0815535635], [-9317897.208999995, 5291507.66969987], [-9317880.3797, 5291507.957564096], [-9317864.518700002, 5291508.228788224]]], [[[-9317746.759200001, 5291476.068205357], [-9317763.836, 5291475.842517403], [-9317764.668199996, 5291518.904575782], [-9317747.760200001, 5291519.258701612], [-9317731.098999996, 5291519.607646084], [-9317730.4329, 5291476.284028806], [-9317746.759200001, 5291476.068205357]]], [[[-9317637.817999996, 5291601.594154387], [-9317636.336599998, 5291538.357881308], [-9317649.166099995, 5291538.0853618495], [-9317665.6641, 5291537.734823116], [-9317666.5573, 5291601.507864845], [-9317650.394499999, 5291601.556390262], [-9317637.817999996, 5291601.594154387]]], [[[-9317632.6046, 5291672.6766999], [-9317614.924499996, 5291672.700613862], [-9317614.249699995, 5291631.53642185], [-9317632.411699997, 5291631.436581079], [-9317632.6046, 5291672.6766999]]], [[[-9317364.055199997, 5291193.826474958], [-9317384.553399999, 5291193.62390387], [-9317385.5394, 5291244.137340568], [-9317365.085099999, 5291244.373092268], [-9317364.055199997, 5291193.826474958]]], [[[-9317508.978999997, 5291244.428293629], [-9317510.004399996, 5291303.191049165], [-9317493.428699994, 5291303.351173008], [-9317492.622399999, 5291244.628074769], [-9317508.978999997, 5291244.428293629]]], [[[-9317235.0785, 5291305.5148874195], [-9317217.1755, 5291305.718654214], [-9317216.056999996, 5291246.089416432], [-9317234.051599996, 5291245.882361466], [-9317235.0785, 5291305.5148874195]]], [[[-9317444.350799998, 5291345.912228361], [-9317460.1762, 5291345.690326802], [-9317461.032299995, 5291398.943810269], [-9317444.959999997, 5291399.069458155], [-9317429.662699996, 5291399.189127569], [-9317428.606299998, 5291346.132934222], [-9317444.350799998, 5291345.912228361]]], [[[-9317255.1564, 5291405.7263056645], [-9317236.9866, 5291405.96863373], [-9317236.056699999, 5291347.709461518], [-9317254.696899997, 5291347.528911186], [-9317255.1564, 5291405.7263056645]]], [[[-9317276.480899999, 5291405.441928896], [-9317293.794499997, 5291405.211059602], [-9317294.455100002, 5291455.560295383], [-9317276.873, 5291455.824644227], [-9317255.554599999, 5291456.145091221], [-9317255.1564, 5291405.7263056645], [-9317276.480899999, 5291405.441928896]]], [[[-9317236.9866, 5291405.96863373], [-9317237.791500002, 5291456.412130371], [-9317219.0582, 5291456.693617542], [-9317218.437299998, 5291406.215744587], [-9317236.9866, 5291405.96863373]]], [[[-9317462.465900002, 5291479.822198061], [-9317478.209100002, 5291479.614445574], [-9317495.533899998, 5291479.3859676635], [-9317496.387899999, 5291524.520867903], [-9317479.1356, 5291524.881769352], [-9317462.651200002, 5291525.226628522], [-9317462.465900002, 5291479.822198061]]], [[[-9317409.686299998, 5291600.438910967], [-9317390.864799999, 5291600.455551095], [-9317389.9312, 5291545.468596482], [-9317410.0653, 5291544.623238137], [-9317409.686299998, 5291600.438910967]]], [[[-9317275.3494, 5291547.307081505], [-9317274.983099999, 5291600.557384704], [-9317259.320199996, 5291600.57103559], [-9317258.683500001, 5291547.574220324], [-9317275.3494, 5291547.307081505]]], [[[-9317343.0002, 5291716.711863673], [-9317326.7567, 5291716.74614035], [-9317326.1593, 5291672.498740204], [-9317342.361699998, 5291672.467054208], [-9317343.0002, 5291716.711863673]]], [[[-9317392.194500001, 5291787.899736568], [-9317376.391599998, 5291787.905615411], [-9317375.8597, 5291748.075121203], [-9317392.1022, 5291748.032375004], [-9317392.194500001, 5291787.899736568]]], [[[-9317343.450800002, 5291748.160513974], [-9317343.741599996, 5291787.917771673], [-9317326.966199998, 5291787.92404909], [-9317326.9553, 5291748.203957675], [-9317343.450800002, 5291748.160513974]]], [[[-9317500.1104, 5292019.2248780625], [-9317516.192099994, 5292019.193291693], [-9317516.553199999, 5292061.519814376], [-9317500.3096, 5292061.535956295], [-9317484.797299996, 5292061.551201454], [-9317484.483099997, 5292019.255567645], [-9317500.1104, 5292019.2248780625]]], [[[-9317175.837399995, 5291117.004707726], [-9317193.751299994, 5291116.839402554], [-9317194.5777, 5291170.349254076], [-9317176.835099999, 5291170.522929139], [-9317175.837399995, 5291117.004707726]]], [[[-9317125.927799998, 5291247.1263851], [-9317141.170300001, 5291246.95101613], [-9317142.359300002, 5291306.57009053], [-9317123.693100002, 5291306.782426493], [-9317122.576399999, 5291247.164846709], [-9317125.927799998, 5291247.1263851]]], [[[-9317181.068799997, 5291406.71385231], [-9317199.387799999, 5291406.469730696], [-9317199.819900002, 5291456.982777109], [-9317181.578999998, 5291457.256791169], [-9317162.240999997, 5291457.547445356], [-9317161.848199995, 5291406.969831242], [-9317181.068799997, 5291406.71385231]]], [[[-9317143.378800001, 5291407.2159456825], [-9317143.5005, 5291457.828832891], [-9317126.0109, 5291458.09158746], [-9317108.999099996, 5291458.34696856], [-9317108.380299998, 5291407.682168144], [-9317125.496599998, 5291407.45408881], [-9317143.378800001, 5291407.2159456825]]], [[[-9317183.390099995, 5291482.7783614565], [-9317202.1373, 5291482.451039188], [-9317202.821799995, 5291527.747159459], [-9317184.494499998, 5291528.058240161], [-9317166.6649, 5291528.36055242], [-9317165.719200002, 5291483.08685147], [-9317183.390099995, 5291482.7783614565]]], [[[-9317068.018299995, 5291484.792315014], [-9317098.760099998, 5291484.25574566], [-9317127.570499998, 5291483.752954756], [-9317146.331999995, 5291483.425433215], [-9317147.419799997, 5291528.686977926], [-9317128.335199999, 5291529.010613453], [-9317099.5975, 5291529.497860301], [-9317068.767799998, 5291530.020380239], [-9317068.018299995, 5291484.792315014]]], [[[-9317109.047699999, 5291549.972690474], [-9317127.1292, 5291549.682933034], [-9317143.7042, 5291549.417488125], [-9317143.7678, 5291600.670975993], [-9317127.195699994, 5291600.6851250855], [-9317109.366200002, 5291600.700370232], [-9317109.047699999, 5291549.972690474]]], [[[-9317094.117199995, 5291600.713423273], [-9317077.873699997, 5291600.727173801], [-9317078.060499998, 5291550.469104353], [-9317093.977099998, 5291550.214121792], [-9317094.117199995, 5291600.713423273]]], [[[-9317143.969999997, 5291672.853463926], [-9317126.756299999, 5291672.886843819], [-9317126.0688, 5291630.516491566], [-9317143.810400002, 5291630.501246405], [-9317143.969999997, 5291672.853463926]]], [[[-9317212.738299998, 5291748.503380377], [-9317228.487299995, 5291748.462228433], [-9317228.656599997, 5291787.959521464], [-9317212.869399996, 5291787.965201036], [-9317212.738299998, 5291748.503380377]]], [[[-9317094.735100001, 5291788.006452611], [-9317078.541099995, 5291788.011932905], [-9317078.613399995, 5291748.853420966], [-9317094.606900001, 5291748.811770813], [-9317094.735100001, 5291788.006452611]]], [[[-9317128.1124, 5291831.335859508], [-9317112.287700001, 5291831.375018622], [-9317112.145599999, 5291788.000474131], [-9317128.147199998, 5291787.994894202], [-9317128.1124, 5291831.335859508]]]]}, "properties": {"Group": 44, "Chld_Rt": 0.082949497861691, "Med_Income": 37568.313725490196, "Bay_Ld_Est": 2.510144206682625}}, {"type": "Feature", "geometry": {"type": "MultiPolygon", "coordinates": [[[[-9318207.593299996, 5288177.165550521], [-9318192.937999995, 5288177.331951377], [-9318192.188100003, 5288136.224665699], [-9318195.475899996, 5288136.180923202], [-9318194.765199995, 5288094.844464026], [-9318206.339899996, 5288094.684539872], [-9318210.752199994, 5288094.62365909], [-9318211.712299997, 5288135.964801401], [-9318224.370300002, 5288135.796308094], [-9318224.912199998, 5288176.968759103], [-9318207.593299996, 5288177.165550521]]], [[[-9318129.067400001, 5288095.7508005565], [-9318140.558899999, 5288095.592470667], [-9318144.805800002, 5288095.533682341], [-9318145.5977, 5288136.844932307], [-9318141.061600002, 5288136.905215241], [-9318129.693999996, 5288137.056470615], [-9318129.067400001, 5288095.7508005565]]], [[[-9318163.175599998, 5288286.957829658], [-9318162.4008, 5288251.64736839], [-9318159.7983, 5288251.691808373], [-9318159.669300001, 5288245.30400837], [-9318176.3674, 5288245.044941168], [-9318175.293699997, 5288202.267965307], [-9318192.781599998, 5288202.069081429], [-9318193.474, 5288244.779696215], [-9318181.1928, 5288244.970210257], [-9318182.409899997, 5288286.649938253], [-9318177.413699998, 5288286.72995016], [-9318163.175599998, 5288286.957829658]]], [[[-9318247.606899997, 5288285.606694543], [-9318243.276799995, 5288285.675945191], [-9318227.7062, 5288285.925147917], [-9318226.493499994, 5288244.267241363], [-9318242.434699995, 5288244.019832196], [-9318246.223299999, 5288243.961043877], [-9318247.606899997, 5288285.606694543]]], [[[-9318356.766099999, 5288283.759346066], [-9318317.216099994, 5288284.462713545], [-9318316.889900003, 5288263.063064965], [-9318356.3269, 5288262.880223305], [-9318356.766099999, 5288283.759346066]]], [[[-9318357.495399997, 5288321.220265375], [-9318374.482099999, 5288320.950636192], [-9318375.195699995, 5288357.564705685], [-9318358.416199995, 5288357.837921955], [-9318341.6398, 5288358.111038597], [-9318340.6754, 5288321.487104611], [-9318357.495399997, 5288321.220265375]]], [[[-9318413.142899996, 5288418.428266137], [-9318433.459699996, 5288418.100247163], [-9318433.9522, 5288453.903339293], [-9318413.218700001, 5288454.148058194], [-9318413.142899996, 5288418.428266137]]], [[[-9318320.066199997, 5288438.66978709], [-9318360.2493, 5288437.395674487], [-9318360.313499996, 5288439.811476464], [-9318360.710299997, 5288454.767527819], [-9318320.448399998, 5288455.242417998], [-9318320.1182, 5288440.921679229], [-9318320.066199997, 5288438.66978709]]], [[[-9318320.834300002, 5288471.973379067], [-9318361.1463, 5288471.1973730335], [-9318361.667399997, 5288490.834271706], [-9318321.2819, 5288491.375224043], [-9318320.834300002, 5288471.973379067]]], [[[-9318362.7787, 5288535.799877191], [-9318321.836200003, 5288535.926521214], [-9318321.534399997, 5288515.692571489], [-9318362.254100002, 5288515.091336182], [-9318362.7787, 5288535.799877191]]], [[[-9318394.5137, 5288550.346404087], [-9318377.190099996, 5288550.522569829], [-9318376.5756, 5288514.879698161], [-9318394.145699998, 5288514.6202323465], [-9318394.5137, 5288550.346404087]]], [[[-9318254.582499996, 5288516.441176209], [-9318262.576099996, 5288516.332766526], [-9318273.318000002, 5288516.186792095], [-9318273.667999994, 5288551.0482770745], [-9318263.055999998, 5288551.215774019], [-9318255.183199994, 5288551.339927023], [-9318254.582499996, 5288516.441176209]]], [[[-9318217.461699998, 5288551.934884962], [-9318230.4094, 5288551.730620379], [-9318231.090499997, 5288588.788299252], [-9318213.853699999, 5288588.997246978], [-9318213.300499996, 5288552.000448902], [-9318217.461699998, 5288551.934884962]]], [[[-9318214.360200003, 5288613.622388094], [-9318231.348399997, 5288613.387633293], [-9318231.6265, 5288649.133636366], [-9318231.897199996, 5288683.961047597], [-9318215.159299998, 5288684.180158742], [-9318214.765099999, 5288649.370981842], [-9318214.360200003, 5288613.622388094]]], [[[-9318181.4133, 5288649.83999327], [-9318165.215699999, 5288650.067872833], [-9318164.8964, 5288614.306524982], [-9318181.051799998, 5288614.083129285], [-9318181.4133, 5288649.83999327]]], [[[-9318133.153199999, 5288650.518550249], [-9318148.518599998, 5288650.302528003], [-9318148.624399995, 5288685.051421959], [-9318133.299299998, 5288685.251999818], [-9318133.153199999, 5288650.518550249]]], [[[-9318167.962, 5288748.783171691], [-9318175.537600001, 5288748.612087632], [-9318184.154399998, 5288748.417587879], [-9318184.965999998, 5288793.065147338], [-9318176.972599996, 5288793.218295983], [-9318168.729799999, 5288793.376227399], [-9318167.962, 5288748.783171691]]], [[[-9318005.0839, 5287705.4365759045], [-9318019.454299998, 5287705.23888778], [-9318020.2992, 5287747.457159095], [-9318003.812699996, 5287747.684241369], [-9318002.839200001, 5287705.467265383], [-9318005.0839, 5287705.4365759045]]], [[[-9317987.513099998, 5287814.24127123], [-9317944.800699998, 5287815.1221990455], [-9317944.4852, 5287795.638359492], [-9317987.353299998, 5287794.738499846], [-9317987.513099998, 5287814.24127123]]], [[[-9318072.099200001, 5287988.934521628], [-9318089.9163, 5287988.736833475], [-9318093.4095, 5287988.698172684], [-9318094.135400001, 5288030.79349595], [-9318090.638799999, 5288030.863045521], [-9318072.907799998, 5288031.215875057], [-9318072.099200001, 5287988.934521628]]], [[[-9317990.573299998, 5287989.839064548], [-9317990.651100002, 5288014.482329005], [-9317990.709000003, 5288032.851087022], [-9317948.0174, 5288033.700129808], [-9317947.700899996, 5288015.298589806], [-9317947.271599997, 5287990.319135891], [-9317990.573299998, 5287989.839064548]]], [[[-9318041.378, 5288072.307015528], [-9318024.226199998, 5288072.5432648575], [-9318023.492100002, 5288032.198935276], [-9318040.602900002, 5288031.858560897], [-9318041.378, 5288072.307015528]]], [[[-9317948.346699998, 5288052.850971999], [-9317981.6507, 5288052.205994421], [-9317982.0084, 5288073.125169557], [-9317948.703199996, 5288073.584117015], [-9317948.346699998, 5288052.850971999]]], [[[-9317991.5105, 5288097.647471164], [-9318007.5806, 5288097.425968727], [-9318007.7471, 5288138.678430438], [-9317991.843499998, 5288138.889869105], [-9317991.691500003, 5288120.073720497], [-9317991.5105, 5288097.647471164]]], [[[-9318008.9142, 5288204.157561549], [-9318009.535599997, 5288247.631627517], [-9317994.728600001, 5288247.860901979], [-9317994.143499997, 5288228.301328588], [-9317993.426699996, 5288204.333229021], [-9318008.9142, 5288204.157561549]]], [[[-9318059.291800002, 5288246.860404388], [-9318076.193399997, 5288246.598447598], [-9318081.273599997, 5288246.519731015], [-9318081.491800003, 5288288.264225877], [-9318076.912500001, 5288288.33756182], [-9318060.009400003, 5288288.607788853], [-9318059.291800002, 5288246.860404388]]], [[[-9318102.247599998, 5288361.882359858], [-9318110.7825, 5288361.750135921], [-9318115.737699999, 5288361.673312533], [-9318122.8983, 5288361.562411827], [-9318123.698899997, 5288398.365601544], [-9318111.457500001, 5288398.549638916], [-9318102.880799998, 5288398.678475039], [-9318102.247599998, 5288361.882359858]]], [[[-9317873.150499996, 5288430.191014645], [-9317920.850599997, 5288430.135115895], [-9317921.056999998, 5288447.03885457], [-9317921.256999996, 5288463.444586507], [-9317873.966899998, 5288463.795024781], [-9317873.565100001, 5288447.263545574], [-9317873.150499996, 5288430.191014645]]], [[[-9318111.959100002, 5288422.77401935], [-9318130.361399997, 5288422.506283324], [-9318130.727499995, 5288458.385700761], [-9318131.089399999, 5288493.847622364], [-9318113.768699996, 5288494.05318226], [-9318112.870799998, 5288458.688909079], [-9318111.959100002, 5288422.77401935]]], [[[-9318030.744300002, 5288495.037438524], [-9318013.256499998, 5288495.244692327], [-9318013.025199996, 5288460.383208834], [-9318030.3892, 5288460.088569676], [-9318030.744300002, 5288495.037438524]]], [[[-9317921.6624, 5288496.671754302], [-9317874.780900002, 5288497.310454701], [-9317874.372199995, 5288480.489517256], [-9317921.461299999, 5288480.181924718], [-9317921.6624, 5288496.671754302]]], [[[-9318114.186700001, 5288518.346914781], [-9318130.7591, 5288518.122124122], [-9318133.922000002, 5288518.079178743], [-9318133.860199995, 5288553.252640534], [-9318131.1184, 5288553.296084129], [-9318114.343499998, 5288553.560332731], [-9318114.186700001, 5288518.346914781]]], [[[-9318030.150699995, 5288591.22353158], [-9318013.411499996, 5288591.426201899], [-9318012.829699997, 5288555.159574862], [-9318029.779000001, 5288554.892735582], [-9318030.150699995, 5288591.22353158]]], [[[-9317955.167500002, 5288556.067505964], [-9317997.176199997, 5288555.406186968], [-9317997.364599999, 5288569.1699323915], [-9317997.671899997, 5288591.616715976], [-9317955.7038, 5288592.124587455], [-9317955.380599998, 5288570.390338482], [-9317955.167500002, 5288556.067505964]]], [[[-9317830.545499997, 5288654.251111905], [-9317830.230399996, 5288639.0140699055], [-9317829.884099998, 5288622.276430708], [-9317877.184399998, 5288621.757997244], [-9317923.4568, 5288621.250524309], [-9317923.648600003, 5288638.403866824], [-9317923.815999994, 5288653.393698846], [-9317877.847800002, 5288653.816377085], [-9317830.545499997, 5288654.251111905]]], [[[-9318048.797799995, 5288651.704081986], [-9318065.577999996, 5288651.468330758], [-9318065.6825, 5288686.1369138835], [-9318048.942499999, 5288686.355726099], [-9318032.539199999, 5288686.570353392], [-9318032.270800002, 5288651.936146478], [-9318048.797799995, 5288651.704081986]]], [[[-9317794.7021, 5287860.012751294], [-9317748.495799998, 5287860.89168632], [-9317748.282199997, 5287843.952383386], [-9317794.461299997, 5287842.77641794], [-9317794.7021, 5287860.012751294]]], [[[-9317914.0976, 5287949.32953242], [-9317867.905699996, 5287949.750815443], [-9317867.675599996, 5287933.260594259], [-9317913.868599994, 5287932.509000633], [-9317914.0976, 5287949.32953242]]], [[[-9317649.994400002, 5287969.545936452], [-9317650.434099998, 5287985.232950313], [-9317635.368199999, 5287985.314556458], [-9317604.8235, 5287985.4795622965], [-9317622.8089, 5287953.116396517], [-9317649.994400002, 5287969.545936452]]], [[[-9317681.6222, 5288052.518967475], [-9317636.106699996, 5288053.005415899], [-9317635.929599999, 5288036.769975971], [-9317681.4353, 5288036.114735354], [-9317681.6222, 5288052.518967475]]], [[[-9317706.913, 5288068.494842215], [-9317752.741200002, 5288067.53898402], [-9317753.0999, 5288084.235663512], [-9317707.1403, 5288084.814578995], [-9317706.913, 5288068.494842215]]], [[[-9317620.100099998, 5288085.904454632], [-9317636.463799996, 5288085.729982859], [-9317636.651499998, 5288102.926562598], [-9317636.830499995, 5288119.337471527], [-9317620.427799996, 5288119.618957967], [-9317620.267100003, 5288103.087383516], [-9317620.100099998, 5288085.904454632]]], [[[-9317526.004899995, 5288182.743167394], [-9317525.580899997, 5288186.374791143], [-9317525.6355, 5288190.9594832305], [-9317499.001799999, 5288180.274257115], [-9317494.734199997, 5288178.562221585], [-9317512.907199996, 5288145.583168575], [-9317517.014900003, 5288145.649429996], [-9317525.093699995, 5288145.548194508], [-9317527.7552, 5288145.514814697], [-9317528.016699996, 5288165.514900702], [-9317526.004899995, 5288182.743167394]]], [[[-9317799.587099997, 5288208.413636929], [-9317754.329899997, 5288209.066087692], [-9317754.266299997, 5288191.951511276], [-9317799.3409, 5288191.341109127], [-9317799.587099997, 5288208.413636929]]], [[[-9317824.6015, 5288207.487870278], [-9317870.933399996, 5288207.433167247], [-9317871.1428, 5288223.587600983], [-9317824.766399998, 5288223.970522218], [-9317824.6015, 5288207.487870278]]], [[[-9317764.110699998, 5288241.609510839], [-9317754.451499995, 5288241.713337007], [-9317754.3925, 5288225.889711925], [-9317799.828200001, 5288225.1498758085], [-9317800.0599, 5288241.222603942], [-9317764.110699998, 5288241.609510839]]], [[[-9317825.0904, 5288256.367174208], [-9317848.647, 5288256.060877076], [-9317849.188199997, 5288292.270600597], [-9317825.451000001, 5288292.42564236], [-9317825.0904, 5288256.367174208]]], [[[-9317663.9795, 5288293.654318415], [-9317648.403799998, 5288293.764521627], [-9317647.7669, 5288259.995310737], [-9317663.061499994, 5288259.801707813], [-9317684.529200003, 5288259.529886543], [-9317684.961800002, 5288293.505952622], [-9317663.9795, 5288293.654318415]]], [[[-9317748.4317, 5288381.044964557], [-9317756.3458, 5288380.945223678], [-9317756.6242, 5288398.644597023], [-9317710.944600001, 5288399.091786915], [-9317710.660199996, 5288381.521249687], [-9317748.4317, 5288381.044964557]]], [[[-9317656.5477, 5288481.983837061], [-9317646.920899998, 5288478.022399944], [-9317639.4264, 5288474.938403686], [-9317639.404199999, 5288466.532767683], [-9317639.361899996, 5288450.438613874], [-9317656.085399998, 5288450.335186261], [-9317656.2282, 5288460.118462049], [-9317661.330999997, 5288450.302802858], [-9317687.204199998, 5288450.142679381], [-9317687.435699996, 5288466.548012794], [-9317687.460399996, 5288468.294524572], [-9317656.351799998, 5288468.577505724], [-9317656.5477, 5288481.983837061]]], [[[-9317712.286199998, 5288482.028077774], [-9317757.927999998, 5288481.538938891], [-9317758.1978, 5288498.689987814], [-9317712.567700002, 5288499.431517993], [-9317712.286199998, 5288482.028077774]]], [[[-9317651.8577, 5288562.818200948], [-9317644.0755, 5288577.349682328], [-9317603.937099999, 5288558.160071939], [-9317612.059299998, 5288543.057048558], [-9317651.8577, 5288562.818200948]]], [[[-9317876.147099998, 5288571.632366729], [-9317828.8401, 5288571.816703056], [-9317828.495399999, 5288555.160870199], [-9317875.799000002, 5288554.810232621], [-9317876.147099998, 5288571.632366729]]], [[[-9317759.759599997, 5288606.446922165], [-9317804.979999995, 5288606.125778389], [-9317805.214899996, 5288622.1141151115], [-9317759.966499997, 5288622.766466432], [-9317759.759599997, 5288606.446922165]]]]}, "properties": {"Group": 45, "Chld_Rt": 0.059780052804197, "Med_Income": 25223.969696969696, "Bay_Ld_Est": 9.537081339712918}}, {"type": "Feature", "geometry": {"type": "MultiPolygon", "coordinates": [[[[-9320493.5759, 5285377.164057373], [-9320494.985700002, 5285376.404792875], [-9320496.813099999, 5285375.809138915], [-9320498.809399996, 5285375.545289523], [-9320501.225199994, 5285375.77805092], [-9320518.924399996, 5285382.813005172], [-9320529.180699999, 5285387.201892764], [-9320514.116199998, 5285443.340635897], [-9320508.9688, 5285456.286096273], [-9320466.270099998, 5285440.395546399], [-9320475.9924, 5285418.749034297], [-9320481.543899996, 5285406.388467027], [-9320489.443300001, 5285381.439254551], [-9320491.175300002, 5285379.095996919], [-9320492.1659, 5285377.923321879], [-9320493.5759, 5285377.164057373]]], [[[-9320647.2697, 5285495.188739501], [-9320631.539699996, 5285533.99503103], [-9320611.9802, 5285526.364621225], [-9320626.800300002, 5285487.218454409], [-9320636.452499999, 5285490.97681399], [-9320660.221099997, 5285442.786233281], [-9320674.420899998, 5285450.525948783], [-9320687.288599996, 5285458.190435384], [-9320663.406099997, 5285501.471902898], [-9320647.2697, 5285495.188739501]]], [[[-9320533.318499995, 5285450.817797314], [-9320544.080999995, 5285455.0086984495], [-9320552.089399997, 5285458.127063687], [-9320536.872299997, 5285497.064083117], [-9320517.644799998, 5285489.563107212], [-9320533.318499995, 5285450.817797314]]], [[[-9320401.9159, 5285557.332253948], [-9320400.230799995, 5285554.012215028], [-9320399.801399997, 5285551.850104459], [-9320399.788800001, 5285549.768902404], [-9320400.022400001, 5285547.103206109], [-9320401.167699998, 5285543.765929331], [-9320402.986699997, 5285541.673667137], [-9320406.049799997, 5285538.824332455], [-9320414.898099998, 5285528.946419727], [-9320458.4213, 5285553.410084336], [-9320448.911699997, 5285577.947483737], [-9320408.440599998, 5285562.454798992], [-9320404.430099998, 5285560.064610119], [-9320401.9159, 5285557.332253948]]], [[[-9320486.801799998, 5285592.451928971], [-9320502.068600003, 5285552.576587163], [-9320507.7155, 5285554.779650191], [-9320519.755799996, 5285559.4768277], [-9320505.123299997, 5285599.465461577], [-9320486.801799998, 5285592.451928971]]], [[[-9320622.620299997, 5285599.605855778], [-9320613.083799997, 5285595.885459111], [-9320603.377699994, 5285592.099199744], [-9320617.959499996, 5285554.562233486], [-9320636.988299996, 5285561.974728531], [-9320647.7503, 5285566.1669253595], [-9320629.057099998, 5285602.116909303], [-9320622.620299997, 5285599.605855778]]], [[[-9320522.932099998, 5285675.748940282], [-9320511.162699996, 5285671.284723095], [-9320502.287600001, 5285667.918450453], [-9320491.2276, 5285663.723363704], [-9320483.280099995, 5285660.708923569], [-9320497.5979, 5285623.206032557], [-9320516.391599996, 5285630.371916466], [-9320536.474699998, 5285638.029229958], [-9320522.932099998, 5285675.748940282]]], [[[-9320417.9268, 5285681.239958335], [-9320432.640799997, 5285641.501022376], [-9320444.6792, 5285646.067371516], [-9320451.1961, 5285648.539066918], [-9320436.924999999, 5285688.406639691], [-9320417.9268, 5285681.239958335]]], [[[-9320550.512700003, 5285686.21015274], [-9320542.654399997, 5285683.229590504], [-9320556.420199998, 5285645.633833386], [-9320575.419699997, 5285652.878035268], [-9320562.170199996, 5285690.631823255], [-9320550.512700003, 5285686.21015274]]], [[[-9320495.1917, 5285738.086364829], [-9320480.418500002, 5285776.291927788], [-9320476.1371, 5285774.6697716415], [-9320461.956000002, 5285769.29722639], [-9320477.200999996, 5285731.332794946], [-9320495.1917, 5285738.086364829]]], [[[-9320422.3272, 5285870.653790295], [-9320437.560999997, 5285831.106159329], [-9320457.331899999, 5285838.709667859], [-9320442.591299998, 5285878.393508367], [-9320435.688999996, 5285875.757404791], [-9320422.3272, 5285870.653790295]]], [[[-9320390.3602, 5285332.351111725], [-9320414.407699998, 5285342.422127224], [-9320428.1806, 5285347.569980247], [-9320407.725899996, 5285398.416887146], [-9320416.716099998, 5285398.270315216], [-9320443.3194, 5285409.637262235], [-9320434.111199996, 5285429.671981147], [-9320395.705, 5285414.880272692], [-9320402.152899995, 5285399.122345505], [-9320392.972000001, 5285395.856710997], [-9320382.953, 5285391.764554305], [-9320370.180200001, 5285386.77592745], [-9320363.077199996, 5285382.996045704], [-9320347.8049, 5285421.370290441], [-9320329.364099996, 5285412.970652678], [-9320344.226799998, 5285375.543794913], [-9320334.103900002, 5285371.1948633995], [-9320355.296299996, 5285318.444615075], [-9320367.737199998, 5285323.602033525], [-9320390.3602, 5285332.351111725]]], [[[-9320251.917099996, 5285380.448125429], [-9320267.301499998, 5285342.458695476], [-9320276.401299996, 5285346.057828314], [-9320286.670600003, 5285350.23179012], [-9320271.2906, 5285388.80402058], [-9320251.917099996, 5285380.448125429]]], [[[-9320273.722499996, 5285697.980050629], [-9320280.896, 5285657.639182666], [-9320304.717200002, 5285666.582064926], [-9320323.664999997, 5285673.695238961], [-9320344.302199999, 5285681.44272784], [-9320329.6342, 5285719.164033688], [-9320320.7695, 5285715.805333643], [-9320306.2931, 5285754.041884308], [-9320287.2681, 5285746.697542631], [-9320301.199899996, 5285708.390844888], [-9320290.468299994, 5285704.324892805], [-9320282.7046, 5285701.383090888], [-9320273.722499996, 5285697.980050629]]], [[[-9320386.183399996, 5285740.589248057], [-9320378.934199998, 5285737.842742495], [-9320368.135199998, 5285733.7511825645], [-9320359.242199996, 5285730.382020168], [-9320348.403699996, 5285726.275414478], [-9320362.691099996, 5285688.345858657], [-9320382.264200002, 5285695.693687447], [-9320400.1737, 5285702.416966271], [-9320386.183399996, 5285740.589248057]]], [[[-9320220.6708, 5285909.607163249], [-9320217.254599998, 5285908.282136551], [-9320232.4801, 5285870.464970506], [-9320250.809099998, 5285877.354351861], [-9320236.740999999, 5285915.840308836], [-9320220.6708, 5285909.607163249]]], [[[-9320261.7079, 5286040.9570921045], [-9320247.313499998, 5286080.123602399], [-9320228.3537, 5286072.784739129], [-9320243.863800002, 5286033.989690932], [-9320257.905599998, 5286039.472539945], [-9320261.7079, 5286040.9570921045]]], [[[-9320289.097500002, 5286121.1411459735], [-9320267.235399997, 5286177.292176704], [-9320252.097899996, 5286171.508909289], [-9320248.360699996, 5286170.081052743], [-9320270.086099999, 5286113.718783265], [-9320289.097500002, 5286121.1411459735]]], [[[-9320067.3624, 5285406.471069421], [-9320068.148999998, 5285376.160473132], [-9320090.461500002, 5285388.159243603], [-9320105.751999998, 5285396.044534305], [-9320120.960599994, 5285404.096923027], [-9320117.377999999, 5285417.1676317835], [-9320067.3624, 5285406.471069421]]], [[[-9320202.909599997, 5285600.385845743], [-9320183.5427, 5285593.028950161], [-9320197.906100001, 5285553.867237349], [-9320203.732599998, 5285556.007327254], [-9320218.981199998, 5285516.695257251], [-9320237.560599998, 5285523.748446563], [-9320222.437099995, 5285562.877476222], [-9320217.7631, 5285561.160761013], [-9320202.909599997, 5285600.385845743]]], [[[-9320108.311699996, 5285564.450509072], [-9320104.640599998, 5285563.055933288], [-9320118.6705, 5285524.763290365], [-9320126.774499996, 5285527.7398666], [-9320140.7954, 5285532.889912449], [-9320126.711499995, 5285571.44032695], [-9320108.311699996, 5285564.450509072]]], [[[-9319963.412099995, 5285750.6972335605], [-9319961.949099999, 5285748.509315629], [-9319949.433699997, 5285729.791746665], [-9319948.280400002, 5285728.066761036], [-9319934.733899994, 5285707.807048067], [-9319981.327099998, 5285683.339594196], [-9319993.9445, 5285704.827781116], [-9320006.130099997, 5285723.737258345], [-9319963.412099995, 5285750.6972335605]]], [[[-9320204.360499999, 5285741.418759705], [-9320193.7517, 5285770.32034059], [-9320145.3804, 5285748.751742274], [-9320161.157299995, 5285724.802321383], [-9320204.360499999, 5285741.418759705]]], [[[-9320042.964399997, 5285798.86480863], [-9320045.102799999, 5285808.343461742], [-9319993.9931, 5285816.586765278], [-9319991.368499994, 5285800.775027046], [-9320037.801799994, 5285784.908386813], [-9320040.253799995, 5285791.137944737], [-9320042.964399997, 5285798.86480863]]], [[[-9320202.186200002, 5285786.57010046], [-9320209.640099999, 5285789.417243576], [-9320221.612399995, 5285793.990269203], [-9320206.819499997, 5285833.312411352], [-9320186.776099999, 5285825.647324702], [-9320202.186200002, 5285786.57010046]]], [[[-9320179.144599997, 5285893.500287091], [-9320193.621800002, 5285855.85928687], [-9320213.723599996, 5285863.414868182], [-9320198.832399996, 5285901.13657789], [-9320181.449399998, 5285894.394166951], [-9320179.144599997, 5285893.500287091]]], [[[-9320186.127799999, 5286011.445701915], [-9320182.917999998, 5286010.192416681], [-9320197.473399997, 5285971.590474715], [-9320216.588799996, 5285978.955543007], [-9320201.8559, 5286017.586978939], [-9320186.127799999, 5286011.445701915]]], [[[-9320153.452099994, 5286043.791581373], [-9320134.518699996, 5286036.462682414], [-9320116.0386, 5286029.309251413], [-9320130.9562, 5285989.902607694], [-9320144.4231, 5285995.161064869], [-9320150.483499996, 5285997.527639615], [-9320163.244499996, 5286002.510389993], [-9320168.3134, 5286004.489759623], [-9320153.452099994, 5286043.791581373]]]]}, "properties": {"Group": 46, "Chld_Rt": 0.04471048867904, "Med_Income": 24615.121951219513, "Bay_Ld_Est": 9.537081339712918}}, {"type": "Feature", "geometry": {"type": "MultiPolygon", "coordinates": [[[[-9320831.200499995, 5283797.710828986], [-9320830.996799996, 5283780.730925611], [-9320873.780999996, 5283780.677119527], [-9320873.9014, 5283797.657421464], [-9320831.200499995, 5283797.710828986]]], [[[-9321584.4916, 5284176.128147493], [-9321575.5944, 5284198.391216879], [-9321568.457700001, 5284203.665310392], [-9321525.1748, 5284164.221655714], [-9321532.970099999, 5284157.196771818], [-9321584.4916, 5284176.128147493]]], [[[-9320806.070099995, 5284246.847394067], [-9320809.354399994, 5284250.295567857], [-9320815.645800002, 5284257.07712913], [-9320819.758099997, 5284261.417089231], [-9320821.6005, 5284263.361581871], [-9320832.916999994, 5284275.3881418705], [-9320801.687299997, 5284304.1947322935], [-9320791.343, 5284292.878711474], [-9320785.141499998, 5284287.012252285], [-9320778.929800002, 5284279.730593054], [-9320769.624899996, 5284270.556254479], [-9320765.343799997, 5284265.508544875], [-9320753.689299999, 5284253.686946333], [-9320740.6878, 5284239.710612959], [-9320736.963900002, 5284235.78316636], [-9320727.436499996, 5284225.735873984], [-9320719.217399994, 5284217.053263752], [-9320750.172599996, 5284187.2095129285], [-9320758.776199996, 5284196.21157176], [-9320765.5769, 5284203.636314885], [-9320768.042199995, 5284206.327915059], [-9320771.2759, 5284209.858491782], [-9320779.0766, 5284218.2108919695], [-9320784.445099996, 5284224.00012914], [-9320793.305700002, 5284233.552803958], [-9320796.104799997, 5284236.570628574], [-9320800.296900002, 5284240.786635278], [-9320806.070099995, 5284246.847394067]]], [[[-9320886.603599997, 5284332.410950859], [-9320901.953399999, 5284348.784845306], [-9320872.1115, 5284378.216186011], [-9320856.9288, 5284361.924295673], [-9320853.655499995, 5284358.426600044], [-9320843.927500002, 5284348.031161306], [-9320835.208, 5284339.268837506], [-9320833.324999996, 5284337.3178680865], [-9320863.442599999, 5284307.856436758], [-9320865.5511, 5284310.083810055], [-9320874.277099999, 5284319.76173415], [-9320883.933299998, 5284329.670625999], [-9320886.603599997, 5284332.410950859]]], [[[-9320801.165, 5284351.497768939], [-9320815.841099998, 5284366.794445526], [-9320829.8454, 5284381.263205755], [-9320799.1753, 5284411.366525682], [-9320789.339599997, 5284400.8630757425], [-9320785.084300002, 5284396.398663659], [-9320775.524199996, 5284386.476718339], [-9320770.488499999, 5284380.685089065], [-9320762.770899996, 5284372.33179107], [-9320756.982699996, 5284366.046042471], [-9320755.910599997, 5284364.953280376], [-9320749.603799997, 5284358.5229528155], [-9320742.6426, 5284351.163373977], [-9320736.5206, 5284344.796717049], [-9320728.718099998, 5284336.194316966], [-9320758.893999994, 5284306.844284216], [-9320773.0698, 5284322.061247511], [-9320787.329100002, 5284337.277413867], [-9320801.165, 5284351.497768939]]], [[[-9321088.300399998, 5284390.66492573], [-9321120.330899997, 5284360.3900246], [-9321133.601099996, 5284374.074710271], [-9321102.280499995, 5284404.885779576], [-9321100.962000001, 5284403.561153], [-9321088.300399998, 5284390.66492573]]], [[[-9321102.280499995, 5284404.885779576], [-9321120.093, 5284422.779398521], [-9321090.165699996, 5284450.986552334], [-9321072.544999996, 5284432.548893485], [-9321102.280499995, 5284404.885779576]]], [[[-9320961.352499994, 5284472.484384001], [-9320990.708599996, 5284444.970531376], [-9320997.2535, 5284452.249800164], [-9321010.084499996, 5284465.561431113], [-9320981.397200001, 5284493.486900911], [-9320968.061299996, 5284479.4295568615], [-9320961.352499994, 5284472.484384001]]], [[[-9320946.879299998, 5284505.4468032615], [-9320959.938099999, 5284519.446256191], [-9320929.753899997, 5284547.632188587], [-9320916.502299996, 5284533.812886169], [-9320946.879299998, 5284505.4468032615]]], [[[-9320591.590799998, 5283661.143631902], [-9320591.547899999, 5283678.624528065], [-9320549.596599996, 5283678.671259642], [-9320549.474199994, 5283661.357959436], [-9320591.590799998, 5283661.143631902]]], [[[-9320591.901400002, 5283728.649830486], [-9320549.201999998, 5283728.868243309], [-9320549.084399998, 5283712.220942079], [-9320591.866400002, 5283711.918631648], [-9320591.901400002, 5283728.649830486]]], [[[-9320657.895, 5283761.97910857], [-9320657.761899998, 5283778.461903326], [-9320615.390999997, 5283778.095623429], [-9320615.691399997, 5283761.694932764], [-9320657.895, 5283761.97910857]]], [[[-9320699.134500002, 5283778.918258586], [-9320699.087099994, 5283795.733455544], [-9320657.8018, 5283795.859102708], [-9320657.761899998, 5283778.461903326], [-9320699.134500002, 5283778.918258586]]], [[[-9320622.4607, 5283883.263495285], [-9320622.346999995, 5283926.051089988], [-9320659.8867, 5283925.868946414], [-9320694.838499999, 5283924.622638058], [-9320727.0519, 5283924.56105998], [-9320726.167499997, 5283928.979137433], [-9320754.388399996, 5283929.362057409], [-9320751.4124, 5283955.771180431], [-9320747.930299997, 5283993.005590655], [-9320714.9205, 5283986.413248834], [-9320711.559100002, 5284005.416662393], [-9320682.935399998, 5283995.213832361], [-9320622.9482, 5284052.072520447], [-9320601.5881, 5284030.109173428], [-9320580.2481, 5284007.068509324], [-9320559.618599996, 5283985.171224968], [-9320527.507800002, 5284016.207872064], [-9320441.4671, 5283925.996387129], [-9320424.3467, 5283882.581254085], [-9320622.4607, 5283883.263495285]]], [[[-9320716.183000002, 5284152.976082242], [-9320686.172899997, 5284182.15761872], [-9320658.585799998, 5284153.799913339], [-9320688.431799997, 5284124.952473473], [-9320716.183000002, 5284152.976082242]]], [[[-9320674.180200001, 5284216.622914605], [-9320669.034799997, 5284218.82368363], [-9320662.067999996, 5284222.452506349], [-9320653.349399997, 5284225.510984433], [-9320645.211499998, 5284228.315677099], [-9320638.150299996, 5284230.363596957], [-9320631.751599997, 5284231.907234134], [-9320625.518099999, 5284233.283175624], [-9320618.9523, 5284234.744907946], [-9320614.0719, 5284215.549682245], [-9320608.117799995, 5284209.348330276], [-9320592.1006, 5284192.645921461], [-9320579.016099999, 5284178.67008695], [-9320608.602699999, 5284148.409439429], [-9320640.554000001, 5284181.814555051], [-9320674.180200001, 5284216.622914605]]], [[[-9320699.9497, 5284305.680079601], [-9320730.377500001, 5284276.661552903], [-9320744.803199997, 5284291.876523032], [-9320714.626799999, 5284321.143255637], [-9320712.278999995, 5284318.745695608], [-9320699.9497, 5284305.680079601]]], [[[-9320588.321199998, 5284588.429078663], [-9320603.5357, 5284573.91946331], [-9320614.8017, 5284563.44440974], [-9320642.627399998, 5284594.276208862], [-9320631.9718, 5284604.437094775], [-9320616.920100002, 5284618.446114317], [-9320588.321199998, 5284588.429078663]]], [[[-9320587.128399996, 5284737.703585029], [-9320581.424599996, 5284743.404941188], [-9320572.991499996, 5284751.623028784], [-9320569.5212, 5284755.310541512], [-9320537.4171, 5284724.068815657], [-9320540.808800003, 5284721.047901036], [-9320555.193, 5284706.793863265], [-9320557.841400001, 5284704.610630223], [-9320568.5104, 5284694.711898898], [-9320575.213, 5284689.003468438], [-9320582.240899999, 5284682.210545839], [-9320595.895899998, 5284670.791991182], [-9320623.313099999, 5284698.486796577], [-9320612.9873, 5284709.798636019], [-9320609.099700002, 5284713.322538166], [-9320603.5701, 5284720.104898994], [-9320600.429199995, 5284723.2906197505], [-9320596.542099994, 5284726.89782179], [-9320587.128399996, 5284737.703585029]]], [[[-9320439.764799995, 5283779.002754056], [-9320439.762900002, 5283766.932655586], [-9320446.724000001, 5283762.555032886], [-9320483.350999996, 5283762.879363981], [-9320483.213600002, 5283778.7794588255], [-9320482.837499999, 5283796.262847594], [-9320439.634199997, 5283795.901549727], [-9320439.764799995, 5283779.002754056]]], [[[-9320558.280799998, 5283812.212065815], [-9320548.623899998, 5283812.030520113], [-9320548.919699997, 5283794.96382933], [-9320591.4558, 5283795.162911817], [-9320591.3278, 5283812.394906839], [-9320575.428399999, 5283812.25750205], [-9320558.280799998, 5283812.212065815]]], [[[-9320343.779200003, 5283942.833805926], [-9320369.344699996, 5283897.12005647], [-9320399.280299999, 5283928.2084150715], [-9320369.195500001, 5283957.035822735], [-9320364.152, 5283951.680622524], [-9320343.779200003, 5283942.833805926]]], [[[-9320550.737400003, 5284087.71676413], [-9320581.803499999, 5284120.558408818], [-9320551.189599996, 5284149.336797427], [-9320526.264600001, 5284123.101942417], [-9320519.3893, 5284116.074866652], [-9320507.1379, 5284102.176155015], [-9320494.063700002, 5284089.615322058], [-9320481.735200003, 5284076.525694902], [-9320471.288699996, 5284065.0861213505], [-9320502.035099998, 5284036.364529915], [-9320550.737400003, 5284087.71676413]]], [[[-9320584.128699996, 5284619.510478957], [-9320599.316799996, 5284636.552369992], [-9320581.7659, 5284650.329326097], [-9320567.3677, 5284662.585462443], [-9320539.454799997, 5284635.393645348], [-9320544.004299995, 5284631.282359995], [-9320550.2077, 5284625.608007017], [-9320553.267999997, 5284622.808694113], [-9320557.565400003, 5284618.366002995], [-9320571.789999997, 5284605.112261862], [-9320584.128699996, 5284619.510478957]]], [[[-9320515.805700002, 5284657.954649059], [-9320520.177399997, 5284653.930250547], [-9320546.1877, 5284681.13322782], [-9320538.745299999, 5284688.178740238], [-9320525.349399997, 5284700.927302563], [-9320522.735, 5284703.807524103], [-9320495.0039, 5284676.878359706], [-9320497.939899996, 5284674.314498263], [-9320502.074499998, 5284670.37240311], [-9320509.4104, 5284663.829380139], [-9320511.670700002, 5284661.813344684], [-9320515.805700002, 5284657.954649059]]], [[[-9320489.106799996, 5284743.807191742], [-9320478.060899997, 5284759.286415194], [-9320471.457899999, 5284767.324949879], [-9320431.851099996, 5284738.374069055], [-9320438.568399996, 5284730.926804018], [-9320444.605799995, 5284725.306356379], [-9320454.689800002, 5284715.078909359], [-9320461.061300002, 5284709.622670091], [-9320468.4164, 5284701.995154717], [-9320472.201399999, 5284698.041501136], [-9320503.7918, 5284724.972160597], [-9320500.5724, 5284728.824479391], [-9320489.106799996, 5284743.807191742]]], [[[-9320528.413199997, 5284804.718709295], [-9320491.3724, 5284781.753359992], [-9320497.226299997, 5284773.720006561], [-9320502.829799999, 5284765.60514686], [-9320509.347300002, 5284757.234010657], [-9320514.707000002, 5284749.953345191], [-9320520.7337, 5284742.834596329], [-9320553.6186, 5284771.939821097], [-9320551.691499999, 5284774.034074873], [-9320547.789499996, 5284778.274694658], [-9320545.479800003, 5284781.288136339], [-9320537.890799997, 5284791.165146598], [-9320532.450899996, 5284798.862610449], [-9320528.413199997, 5284804.718709295]]]]}, "properties": {"Group": 47, "Chld_Rt": 0.131692520144677, "Med_Income": 25310.18604651163, "Bay_Ld_Est": 7.408652504039692}}, {"type": "Feature", "geometry": {"type": "MultiPolygon", "coordinates": [[[[-9314881.937199999, 5281514.230036732], [-9314866.772499999, 5281517.086337439], [-9314848.966200002, 5281408.142972158], [-9314931.065999996, 5281485.574563596], [-9314907.0468, 5281489.095368115], [-9314879.9864, 5281504.818473202], [-9314881.937199999, 5281514.230036732]]], [[[-9314902.156599998, 5281731.291071544], [-9314895.188999996, 5281688.782244359], [-9314939.604699995, 5281681.4525728775], [-9314949.311499994, 5281718.533670377], [-9314902.156599998, 5281731.291071544]]], [[[-9315093.208099999, 5281805.72359576], [-9315092.488300001, 5281791.168973937], [-9315076.222399995, 5281794.079479802], [-9315063.297799997, 5281704.634286952], [-9315131.652500002, 5281684.29034076], [-9315138.468, 5281771.662706032], [-9315147.730299998, 5281789.750189518], [-9315093.208099999, 5281805.72359576]]], [[[-9315061.254, 5281822.603732924], [-9315071.0551, 5281876.306404574], [-9315037.8455, 5281881.719587146], [-9315028.547699999, 5281828.258942592], [-9315061.254, 5281822.603732924]]], [[[-9314847.105199996, 5281872.034905657], [-9314846.6256, 5281829.260929854], [-9314884.648599999, 5281828.436900956], [-9314894.5698, 5281879.1415822245], [-9314847.473099997, 5281879.853216412], [-9314847.105199996, 5281872.034905657]]], [[[-9314929.7201, 5281897.504075659], [-9314927.042999998, 5281880.0657501025], [-9314968.557299998, 5281873.445419972], [-9314971.568799997, 5281890.961863798], [-9314929.7201, 5281897.504075659]]], [[[-9314830.385099998, 5281872.620394643], [-9314831.259399997, 5281913.973594495], [-9314813.371800002, 5281914.4103198815], [-9314812.574399998, 5281872.639724948], [-9314830.385099998, 5281872.620394643]]], [[[-9314794.183900002, 5281872.834323312], [-9314795.650499994, 5281914.84425532], [-9314778.761399997, 5281915.265735675], [-9314760.209399996, 5281915.795824424], [-9314758.735300003, 5281873.286194083], [-9314757.851200001, 5281831.267495031], [-9314776.985699998, 5281830.728936836], [-9314777.9567, 5281872.9959406], [-9314794.183900002, 5281872.834323312]]], [[[-9314811.913800001, 5281977.689069125], [-9314812.6265, 5282019.378161309], [-9314795.404399997, 5282019.804723374], [-9314794.771099994, 5281977.86473577], [-9314811.913800001, 5281977.689069125]]], [[[-9314918.2206, 5282015.562817276], [-9314865.453, 5282017.747938978], [-9314865.362899998, 5282000.769653142], [-9314915.769800002, 5281998.759500627], [-9314918.2206, 5282015.562817276]]], [[[-9314813.7115, 5282080.205653424], [-9314813.165200002, 5282038.513669701], [-9314830.6371, 5282038.083420917], [-9314831.352399997, 5282079.939114386], [-9314813.7115, 5282080.205653424]]], [[[-9314780.265599998, 5282081.043632187], [-9314779.7218, 5282039.518247783], [-9314795.444900002, 5282039.031104124], [-9314796.6607, 5282080.962524605], [-9314780.265599998, 5282081.043632187]]], [[[-9315163.069800003, 5282110.297261971], [-9315161.6418, 5282065.455632983], [-9315179.278899996, 5282064.938896035], [-9315181.460799998, 5282110.10196608], [-9315163.069800003, 5282110.297261971]]], [[[-9315146.977899997, 5282131.848263014], [-9315164.133599998, 5282131.089697906], [-9315164.5085, 5282147.49106543], [-9315165.086299997, 5282172.442308149], [-9315148.368300002, 5282172.778595748], [-9315146.977899997, 5282131.848263014]]], [[[-9314946.697399998, 5282189.230880217], [-9314951.271099998, 5282221.968053307], [-9314911.341300001, 5282223.464259082], [-9314911.246299997, 5282205.89300836], [-9314913.321699997, 5282205.858433007], [-9314913.247199997, 5282189.793651254], [-9314946.697399998, 5282189.230880217]]], [[[-9314713.047700003, 5281520.662243369], [-9314714.304399999, 5281570.216261601], [-9314696.681700002, 5281571.20808531], [-9314695.0739, 5281520.850365029], [-9314713.047700003, 5281520.662243369]]], [[[-9314517.589699997, 5281631.125139106], [-9314519.985599998, 5281693.928588262], [-9314503.5523, 5281694.549947842], [-9314501.194999997, 5281631.354013844], [-9314517.589699997, 5281631.125139106]]], [[[-9314614.3479, 5281815.77146723], [-9314612.6438, 5281772.283467803], [-9314617.964099994, 5281771.870257673], [-9314615.771999998, 5281712.301043144], [-9314632.253699994, 5281711.317888078], [-9314634.0047, 5281770.379831601], [-9314629.5176, 5281770.863686987], [-9314631.102899998, 5281815.206304976], [-9314614.3479, 5281815.77146723]]], [[[-9314584.212799996, 5281774.460019972], [-9314581.054600002, 5281774.75734792], [-9314568.167099997, 5281775.617546374], [-9314565.616999999, 5281715.292855679], [-9314581.754699998, 5281714.33022659], [-9314584.212799996, 5281774.460019972]]], [[[-9314471.5114, 5281841.2265868075], [-9314512.651899997, 5281839.921890963], [-9314512.996700002, 5281859.098050141], [-9314469.1298, 5281861.808377894], [-9314471.5114, 5281841.2265868075]]], [[[-9314537.211599998, 5281880.872740477], [-9314537.896100001, 5281922.249356162], [-9314520.834, 5281922.578469544], [-9314520.4031, 5281881.126126873], [-9314537.211599998, 5281880.872740477]]], [[[-9314728.053699998, 5281980.037302653], [-9314728.848099997, 5282021.6419992065], [-9314711.948699996, 5282021.397480796], [-9314710.5013, 5281980.635147159], [-9314728.053699998, 5281980.037302653]]], [[[-9314575.468099998, 5282044.395762323], [-9314575.929299997, 5282086.467975359], [-9314560.043799998, 5282086.98072669], [-9314559.240799997, 5282044.728562433], [-9314575.468099998, 5282044.395762323]]], [[[-9314780.265599998, 5282081.043632187], [-9314780.485300003, 5282123.156798768], [-9314763.679999994, 5282123.660183879], [-9314762.958799995, 5282081.38818993], [-9314780.265599998, 5282081.043632187]]], [[[-9314640.352900002, 5282362.325832647], [-9314641.063600002, 5282403.933431032], [-9314625.4987, 5282403.918484908], [-9314624.295099998, 5282362.734658762], [-9314640.352900002, 5282362.325832647]]]]}, "properties": {"Group": 48, "Chld_Rt": 0.269245827665788, "Med_Income": 19908.48275862069, "Bay_Ld_Est": 6.874378917731136}}, {"type": "Feature", "geometry": {"type": "MultiPolygon", "coordinates": [[[[-9316310.479899999, 5290591.209234241], [-9316291.7436, 5290591.287751673], [-9316291.403799998, 5290543.950908431], [-9316310.310899997, 5290543.731398408], [-9316329.883399997, 5290543.503917085], [-9316329.900599994, 5290562.788116505], [-9316329.917199995, 5290581.282458766], [-9316329.925899997, 5290591.127727576], [-9316310.479899999, 5290591.209234241]]], [[[-9316529.1808, 5290750.823225072], [-9316510.443199996, 5290750.993611902], [-9316510.158299997, 5290705.18556112], [-9316529.020199997, 5290704.964357173], [-9316529.1808, 5290750.823225072]]], [[[-9316406.770199995, 5290795.171729848], [-9316406.545199998, 5290776.013573365], [-9316457.770199995, 5290775.418016572], [-9316457.722199999, 5290794.524359495], [-9316406.770199995, 5290795.171729848]]], [[[-9316661.4305, 5290865.937172181], [-9316660.858399998, 5290820.696376002], [-9316679.143099995, 5290820.676049149], [-9316679.385499999, 5290841.290166847], [-9316687.692499997, 5290841.173287456], [-9316687.834899997, 5290865.5689970935], [-9316679.672500001, 5290865.682787605], [-9316661.4305, 5290865.937172181]]], [[[-9316380.982099999, 5290869.225737991], [-9316331.921299996, 5290869.795388056], [-9316331.903099997, 5290851.344983551], [-9316381.029599998, 5290850.815488988], [-9316380.982099999, 5290869.225737991]]], [[[-9316570.261799999, 5290938.768583922], [-9316551.934899997, 5290939.103578431], [-9316551.468799999, 5290892.240218601], [-9316569.626299994, 5290892.07531203], [-9316570.261799999, 5290938.768583922]]], [[[-9316734.8858, 5290890.572818849], [-9316734.911599997, 5290939.979028108], [-9316714.2867, 5290940.494971464], [-9316681.257399997, 5290941.321198276], [-9316680.662799995, 5290891.066243227], [-9316734.8858, 5290890.572818849]]], [[[-9316495.580599997, 5290984.82475013], [-9316477.4245, 5290985.2120564105], [-9316459.518299999, 5290985.594081694], [-9316409.040900001, 5290986.671006382], [-9316408.946400002, 5290969.427955537], [-9316459.2343, 5290968.205355085], [-9316458.911999997, 5290948.465190401], [-9316458.786699995, 5290940.805653467], [-9316476.531899996, 5290940.481519872], [-9316494.809099998, 5290940.147621421], [-9316513.165699998, 5290939.812228339], [-9316532.577400003, 5290939.457305537], [-9316551.934899997, 5290939.103578431], [-9316552.377699995, 5290983.612412728], [-9316533.227299998, 5290984.021141909], [-9316513.4969, 5290984.442226638], [-9316495.580599997, 5290984.82475013]]], [[[-9316382.725399997, 5290987.420110735], [-9316333.001300002, 5290988.393109409], [-9316332.982699996, 5290971.631027773], [-9316382.7527, 5290970.101830611], [-9316382.725399997, 5290987.420110735]]], [[[-9316501.232799998, 5291010.748264711], [-9316501.6662, 5291057.230201365], [-9316486.153599998, 5291057.215354799], [-9316484.656199995, 5291011.138062026], [-9316501.232799998, 5291010.748264711]]], [[[-9316468.084099999, 5291011.527660077], [-9316468.158999996, 5291057.198216468], [-9316457.0777, 5291057.187654482], [-9316449.164799998, 5291057.180081722], [-9316448.514100002, 5291011.9877046095], [-9316468.084099999, 5291011.527660077]]], [[[-9316409.589999998, 5291057.142018685], [-9316409.2058, 5291012.911580064], [-9316430.199600002, 5291012.418155639], [-9316430.9247, 5291057.162544821], [-9316409.589999998, 5291057.142018685]]], [[[-9316367.729599996, 5291013.63437909], [-9316367.9385, 5291025.261638752], [-9316368.575799998, 5291060.759999603], [-9316350.4117, 5291060.9028854435], [-9316350.156599997, 5291013.989401555], [-9316367.729599996, 5291013.63437909]]], [[[-9316334.487, 5291244.0174718965], [-9316317.162699997, 5291244.397703703], [-9316296.352099994, 5291244.854260874], [-9316296.2146, 5291223.780092142], [-9316296.082600001, 5291203.539324896], [-9316342.3949, 5291203.086354833], [-9316342.519599997, 5291222.892187114], [-9316342.6514, 5291243.838316554], [-9316352.472899998, 5291243.622891706], [-9316369.799599996, 5291243.242759546], [-9316370.182999998, 5291287.111806424], [-9316352.6071, 5291287.366888562], [-9316334.949299997, 5291287.623266045], [-9316334.487, 5291244.0174718965]]], [[[-9316234.304099998, 5290422.05549598], [-9316251.9677, 5290422.055894553], [-9316256.378799995, 5290422.0559941875], [-9316256.747999996, 5290471.244768071], [-9316252.417599997, 5290471.2986740675], [-9316234.4631, 5290471.5230665095], [-9316234.304099998, 5290422.05549598]]], [[[-9316292.062699996, 5290635.759507435], [-9316271.905599996, 5290635.901396812], [-9316272.111600002, 5290591.370155119], [-9316291.7436, 5290591.287751673], [-9316292.062699996, 5290635.759507435]]], [[[-9316236.142499996, 5290752.827611919], [-9316217.066400003, 5290752.956248998], [-9316216.943799997, 5290706.3775714245], [-9316235.850099996, 5290706.257802438], [-9316236.142499996, 5290752.827611919]]], [[[-9316312.060000002, 5290825.422568211], [-9316293.353899997, 5290825.480360239], [-9316293.260100001, 5290776.786890456], [-9316311.8367, 5290776.65596162], [-9316312.060000002, 5290825.422568211]]], [[[-9316217.892599996, 5290871.118626264], [-9316198.819299996, 5290871.33973061], [-9316198.162599998, 5290825.774302461], [-9316217.441899996, 5290825.714816524], [-9316217.892599996, 5290871.118626264]]], [[[-9316312.625900002, 5290941.677117478], [-9316294.222200003, 5290941.922235407], [-9316293.8317, 5290894.645363535], [-9316312.6562, 5290894.426750211], [-9316312.625900002, 5290941.677117478]]], [[[-9316274.2709, 5290942.187680204], [-9316257.197399998, 5290942.415061953], [-9316256.766099999, 5290895.07541595], [-9316273.9243, 5290894.876332367], [-9316274.2709, 5290942.187680204]]], [[[-9316199.9086, 5290990.996042771], [-9316182.5947, 5290991.334724039], [-9316182.028899997, 5290943.4152627075], [-9316199.306899996, 5290943.185389916], [-9316199.9086, 5290990.996042771]]], [[[-9316161.515999997, 5290991.746641751], [-9316142.779399998, 5290992.112923683], [-9316125.5341, 5290992.450010676], [-9316124.842999997, 5290944.175825807], [-9316124.162299996, 5290896.612982915], [-9316141.5711, 5290896.411308647], [-9316142.171199998, 5290943.945255514], [-9316160.910399998, 5290943.696052278], [-9316161.515999997, 5290991.746641751]]], [[[-9316216.2794, 5291066.739482812], [-9316215.8173, 5291016.997875641], [-9316235.891200002, 5291016.689585016], [-9316254.298299996, 5291016.407001881], [-9316268.541599998, 5291016.187989994], [-9316269.034800002, 5291066.170231241], [-9316254.4289, 5291066.3279636325], [-9316235.770699998, 5291066.52913972], [-9316225.2752, 5291066.642432041], [-9316216.2794, 5291066.739482812]]], [[[-9316177.2547, 5291017.59004473], [-9316197.7434, 5291017.275476708], [-9316197.6214, 5291066.94075854], [-9316177.651599998, 5291067.156183351], [-9316177.2547, 5291017.59004473]]], [[[-9316226.284299996, 5291245.877977242], [-9316236.3661, 5291245.796470544], [-9316255.188999997, 5291245.644417662], [-9316254.899300002, 5291288.450589123], [-9316236.1564, 5291288.585005461], [-9316216.747999998, 5291288.724304233], [-9316216.539899996, 5291245.956693993], [-9316226.284299996, 5291245.877977242]]], [[[-9316235.8909, 5291313.755535536], [-9316235.970399994, 5291359.622495904], [-9316226.3074, 5291359.79686848], [-9316216.395999996, 5291359.975724915], [-9316197.992399996, 5291360.307630649], [-9316198.076299997, 5291314.301072561], [-9316215.983599996, 5291314.042801882], [-9316235.8909, 5291313.755535536]]], [[[-9316098.314900002, 5290376.538509328], [-9316049.552699996, 5290376.814715272], [-9316049.217300002, 5290356.82605396], [-9316098.509299995, 5290356.96007163], [-9316098.314900002, 5290376.538509328]]], [[[-9316100.847700002, 5290520.799128131], [-9316051.786899999, 5290521.155445797], [-9316051.395600002, 5290503.239522736], [-9316101.052199999, 5290503.3755332595], [-9316100.847700002, 5290520.799128131]]], [[[-9316178.627799999, 5290545.2600968685], [-9316178.706199996, 5290591.761048374], [-9316181.7945, 5290591.74819463], [-9316181.862699997, 5290636.534817267], [-9316154.5415, 5290636.7268262785], [-9316052.3359, 5290637.444344106], [-9316051.637999995, 5290582.053882573], [-9316051.416499995, 5290564.479230486], [-9316051.192999996, 5290546.73777893], [-9316139.897699999, 5290545.709379969], [-9316158.304999994, 5290545.495848433], [-9316178.627799999, 5290545.2600968685]]], [[[-9316053.503799995, 5290698.159745035], [-9316053.345199997, 5290682.084296144], [-9316053.153699996, 5290662.676041382], [-9316122.203499997, 5290662.016714131], [-9316140.693799995, 5290661.839950267], [-9316140.521799998, 5290706.8615297945], [-9316140.343699995, 5290753.472889783], [-9316122.5283, 5290753.59275841], [-9316054.0552, 5290754.053301066], [-9316053.503799995, 5290698.159745035]]], [[[-9316053.314099994, 5290798.052164185], [-9316052.9467, 5290778.476410458], [-9316103.259699998, 5290778.123181602], [-9316103.347999997, 5290797.171632905], [-9316053.314099994, 5290798.052164185]]], [[[-9316103.520499997, 5290834.325330581], [-9316103.4887, 5290827.490924985], [-9316103.4821, 5290826.065554357], [-9316123.7293, 5290826.003378107], [-9316124.270099998, 5290872.203920738], [-9316103.697200002, 5290872.4423626885], [-9316103.605499994, 5290852.644407436], [-9316103.520499997, 5290834.325330581]]], [[[-9315988.262199998, 5291066.374396553], [-9315943.112599995, 5291066.943149939], [-9315942.701299997, 5291020.712408999], [-9315994.756899998, 5291019.759737159], [-9316030.3484, 5291023.27379194], [-9316031.4884, 5291065.8293578345], [-9315988.262199998, 5291066.374396553]]], [[[-9315880.567700002, 5291022.145751164], [-9315897.567899998, 5291021.819624723], [-9315898.050799996, 5291067.248451326], [-9315881.477099998, 5291067.518878209], [-9315880.567700002, 5291022.145751164]]], [[[-9315863.984000001, 5291067.8040520325], [-9315846.327499997, 5291068.09181654], [-9315844.926200002, 5291022.829490751], [-9315863.160299998, 5291022.479649644], [-9315863.984000001, 5291067.8040520325]]], [[[-9315804.3522, 5291022.619944796], [-9315804.835699998, 5291136.5022480255], [-9315762.408999996, 5291137.117235056], [-9315762.0988, 5291119.666629075], [-9315718.5379, 5291120.344190949], [-9315718.2015, 5291103.686531843], [-9315717.885299997, 5291088.030767718], [-9315716.788099999, 5291033.707945038], [-9315733.243999999, 5291033.542839169], [-9315732.650399998, 5291024.877321702], [-9315804.3522, 5291022.619944796]]], [[[-9315694.545099998, 5291153.214809987], [-9315652.564999996, 5291153.700761348], [-9315652.287999999, 5291138.126403686], [-9315651.988199998, 5291121.257404848], [-9315651.6899, 5291104.474197502], [-9315651.400299996, 5291088.191987579], [-9315651.0849, 5291070.4492335245], [-9315693.259999998, 5291069.836239351], [-9315694.545099998, 5291153.214809987]]], [[[-9316061.700899998, 5291164.096154965], [-9316061.652499998, 5291161.5947558945], [-9316107.583400002, 5291161.056891321], [-9316107.583499998, 5291163.600239443], [-9316107.5841, 5291183.631759007], [-9316062.084999997, 5291183.911851144], [-9316061.700899998, 5291164.096154965]]], [[[-9315990.096, 5291231.226696959], [-9315944.578899998, 5291231.7184275575], [-9315944.4262, 5291214.555983408], [-9315989.907900002, 5291214.3103672145], [-9315990.096, 5291231.226696959]]], [[[-9315990.6402, 5291314.950435999], [-9316036.787, 5291314.201132179], [-9316037.5803, 5291347.094673658], [-9315991.008599998, 5291347.854041286], [-9315990.811699996, 5291330.279877062], [-9315990.6402, 5291314.950435999]]], [[[-9316079.629900001, 5291315.67602515], [-9316098.704599997, 5291315.683797182], [-9316116.616599998, 5291315.690672449], [-9316117.033999998, 5291362.040894011], [-9316108.0379, 5291362.17899708], [-9316098.708799995, 5291362.322281511], [-9316080.051399998, 5291362.608750745], [-9316079.629900001, 5291315.67602515]]]]}, "properties": {"Group": 49, "Chld_Rt": 0.06627309065368, "Med_Income": 21647.966101694914, "Bay_Ld_Est": 1.255907220258234}}, {"type": "Feature", "geometry": {"type": "MultiPolygon", "coordinates": [[[[-9318144.401099999, 5283711.356059228], [-9318155.532600002, 5283708.11633559], [-9318165.590200001, 5283706.049285497], [-9318164.320899999, 5283775.647745751], [-9318141.782200001, 5283778.383187013], [-9318130.969699994, 5283779.622918939], [-9318100.0916, 5283780.084854089], [-9318100.772899995, 5283733.881275789], [-9318112.202399997, 5283725.561959503], [-9318121.742199996, 5283720.834796731], [-9318132.360699998, 5283715.600860448], [-9318144.401099999, 5283711.356059228]]], [[[-9317847.747200001, 5283870.135209557], [-9317847.7663, 5283954.989597196], [-9317821.3027, 5283972.510752257], [-9317801.456399994, 5283941.70766447], [-9317795.652199998, 5283932.840421554], [-9317780.260099998, 5283909.554343625], [-9317754.343299994, 5283868.693007249], [-9317812.6146, 5283869.293542922], [-9317847.747200001, 5283870.135209557]]], [[[-9318108.9066, 5283912.129462985], [-9318127.596699998, 5283930.730625145], [-9318086.7224, 5283954.402712302], [-9318071.207199998, 5283937.527828375], [-9318108.9066, 5283912.129462985]]], [[[-9317679.0712, 5283926.145150992], [-9317684.284200002, 5283933.767879042], [-9317691.7271, 5283945.32991011], [-9317631.338799998, 5283981.827375914], [-9317624.104999999, 5283970.805398213], [-9317619.1401, 5283962.931176299], [-9317652.334000003, 5283942.556604936], [-9317655.787499996, 5283940.436744795], [-9317661.176299995, 5283937.129165142], [-9317679.0712, 5283926.145150992]]], [[[-9318017.470099997, 5283991.255597455], [-9317983.327600002, 5283952.7817541305], [-9318028.1587, 5283923.422363796], [-9318070.168299997, 5283968.085101937], [-9318027.7905, 5284003.171752822], [-9318017.470099997, 5283991.255597455]]], [[[-9317565.443699997, 5284033.038516442], [-9317619.727799999, 5284000.303390095], [-9317631.5875, 5284018.286281716], [-9317578.128000002, 5284052.114967481], [-9317585.947299998, 5284063.549160314], [-9317587.850999996, 5284066.439045616], [-9317535.758299999, 5284098.5826055305], [-9317533.8912, 5284095.703182459], [-9317521.1535, 5284075.253977975], [-9317572.1821, 5284043.136026344], [-9317565.443699997, 5284033.038516442]]], [[[-9317863.589000002, 5284117.176297294], [-9317876.355599998, 5284109.513612169], [-9317891.075499997, 5284131.8055762695], [-9317878.229599997, 5284140.051559452], [-9317863.589000002, 5284117.176297294]]], [[[-9318007.481, 5284161.058953378], [-9317959.9834, 5284190.187381429], [-9317946.015299996, 5284168.306534758], [-9317975.444699999, 5284150.62336093], [-9317993.102999996, 5284140.096597143], [-9318005.1299, 5284158.078095719], [-9318021.811799997, 5284145.534799016], [-9318024.143, 5284143.781816391], [-9318040.972100003, 5284131.127619482], [-9318071.5519, 5284169.526239214], [-9318052.8362, 5284183.639976662], [-9318033.7054, 5284197.922904559], [-9318007.481, 5284161.058953378]]], [[[-9317880.537200002, 5284464.862051349], [-9317879.106499994, 5284462.624215484], [-9317856.307999998, 5284427.649847523], [-9317997.491299998, 5284258.025013244], [-9318301.958900003, 5284023.761649127], [-9318305.276299996, 5284021.990731305], [-9318308.019000001, 5284021.388999874], [-9318310.018499998, 5284021.625049189], [-9318311.6022, 5284021.947088598], [-9318313.3565, 5284022.850632328], [-9318315.700799996, 5284024.832390316], [-9318353.707299996, 5284080.1771356985], [-9318027.662599998, 5284263.478560314], [-9318013.217999997, 5284281.392304774], [-9317916.341799997, 5284429.81932964], [-9317908.706499996, 5284445.355743255], [-9317912.503099998, 5284452.738638599], [-9317908.305200001, 5284459.677035774], [-9317896.861900002, 5284478.3196564205], [-9317904.090699999, 5284488.5094372975], [-9317900.225699997, 5284495.4455429055], [-9317868.2697, 5284545.5300635435], [-9317843.482099997, 5284560.517955116], [-9317819.002699994, 5284523.223744032], [-9317848.270999996, 5284506.12406274], [-9317841.886100002, 5284497.593203779], [-9317873.967899997, 5284478.060091771], [-9317870.0112, 5284471.593992554], [-9317880.537200002, 5284464.862051349]]], [[[-9317595.817599997, 5284375.818526235], [-9317567.053199995, 5284393.579721978], [-9317552.333700001, 5284371.28655769], [-9317581.015400002, 5284353.609160276], [-9317595.817599997, 5284375.818526235]]], [[[-9317690.015199998, 5284480.566758923], [-9317644.5051, 5284508.598844855], [-9317628.7791, 5284485.2302539], [-9317674.624099996, 5284457.529076036], [-9317679.5038, 5284465.0711976895], [-9317727.2534, 5284435.941567786], [-9317737.512799999, 5284451.105623261], [-9317690.015199998, 5284480.566758923]]], [[[-9317540.4694, 5283924.926044599], [-9317520.074399997, 5283936.968544003], [-9317490.378400002, 5283891.054416912], [-9317498.256299995, 5283886.67211068], [-9317512.778899997, 5283880.163667041], [-9317540.4694, 5283924.926044599]]], [[[-9317200.852799999, 5283912.666029214], [-9317210.119899994, 5283929.0019552], [-9317211.395000001, 5283931.113943684], [-9317174.0686, 5283952.304274928], [-9317172.130499994, 5283948.8212276045], [-9317149.993299998, 5283961.7906865375], [-9317138.4261, 5283949.965304428], [-9317200.852799999, 5283912.666029214]]], [[[-9317521.365100002, 5283955.3564749975], [-9317464.1729, 5283991.124270741], [-9317455.4197, 5283976.949056962], [-9317478.9324, 5283962.113722351], [-9317485.5817, 5283957.918142928], [-9317496.364199996, 5283951.114761862], [-9317512.364199996, 5283941.516254299], [-9317521.365100002, 5283955.3564749975]]], [[[-9317339.569299998, 5284049.1556325015], [-9317338.154599996, 5284047.029295522], [-9317313.328300001, 5284062.65667669], [-9317283.1946, 5284013.497739074], [-9317306.6579, 5283999.686413624], [-9317318.844999999, 5283992.4448116375], [-9317330.948300002, 5283985.120507758], [-9317363.9122, 5284034.2599146785], [-9317350.8139, 5284042.173993378], [-9317339.569299998, 5284049.1556325015]]], [[[-9317492.761899997, 5284082.247873105], [-9317445.337099997, 5284110.041210801], [-9317387.0499, 5284144.068383668], [-9317365.494799996, 5284156.9511569515], [-9317348.855999997, 5284133.838848772], [-9317372.0731, 5284120.528616185], [-9317382.269499999, 5284114.299365209], [-9317429.777599996, 5284086.505628861], [-9317477.372599997, 5284059.294194583], [-9317492.761899997, 5284082.247873105]]], [[[-9317529.645300003, 5284278.954489879], [-9317533.2947, 5284284.567263244], [-9317547.1063, 5284305.809214253], [-9317563.5714, 5284331.132358444], [-9317539.982199997, 5284345.492210751], [-9317522.752500001, 5284320.20384096], [-9317508.7805, 5284299.696542265], [-9317504.6897, 5284293.69247892], [-9317492.652199998, 5284275.66753502], [-9317476.8526, 5284252.009192464], [-9317503.138400001, 5284237.012635698], [-9317510.683099996, 5284232.549320222], [-9317521.877099998, 5284226.146494232], [-9317569.968699995, 5284198.4310732465], [-9317585.028900001, 5284221.886745198], [-9317525.995199997, 5284256.3364981515], [-9317537.770399999, 5284274.249246088], [-9317529.645300003, 5284278.954489879]]], [[[-9317454.0797, 5284397.784569427], [-9317399.488599997, 5284431.015718375], [-9317399.051999995, 5284428.881708429], [-9317400.738099998, 5284426.058880675], [-9317405.158299997, 5284419.43235982], [-9317409.484399997, 5284411.478422444], [-9317413.278899996, 5284405.029162897], [-9317423.174899999, 5284376.411190515], [-9317434.729599997, 5284369.181543339], [-9317452.766800001, 5284357.895713163], [-9317459.300700001, 5284367.834696859], [-9317471.870199999, 5284386.9546959065], [-9317454.0797, 5284397.784569427]]], [[[-9317167.727699999, 5284441.828653308], [-9317164.526499998, 5284423.952271991], [-9317161.250199994, 5284407.241789504], [-9317157.226899996, 5284390.869388913], [-9317152.536399998, 5284374.335072026], [-9317187.784699999, 5284355.116030083], [-9317195.2085, 5284369.63391317], [-9317202.551300002, 5284384.485294644], [-9317210.059599997, 5284399.1691798605], [-9317217.655999996, 5284414.60166758], [-9317224.990899997, 5284428.287549514], [-9317232.840599997, 5284444.217943374], [-9317240.095799996, 5284458.404023133], [-9317247.438199999, 5284473.172205424], [-9317233.420199998, 5284480.593163781], [-9317218.656299997, 5284488.518404971], [-9317207.557399997, 5284494.612345348], [-9317204.225599999, 5284496.4416534165], [-9317195.211399997, 5284501.181871983], [-9317189.792499997, 5284504.031602941], [-9317209.214200001, 5284544.691584983], [-9317201.346999994, 5284548.874412272], [-9317194.781600002, 5284552.364934255], [-9317191.869199997, 5284554.046076313], [-9317180.1875, 5284560.788679572], [-9317161.857799996, 5284570.736233935], [-9317163.7036, 5284560.567277394], [-9317165.610599995, 5284547.151520657], [-9317166.386699999, 5284538.821338288], [-9317167.184, 5284533.654656342], [-9317167.806099996, 5284527.157070321], [-9317168.417799996, 5284519.161083815], [-9317168.724899996, 5284515.329590597], [-9317169.518299999, 5284497.259406627], [-9317170.220399998, 5284478.024420318], [-9317169.181199998, 5284459.800191974], [-9317168.703499999, 5284450.72967799], [-9317167.727699999, 5284441.828653308]]]]}, "properties": {"Group": 50, "Chld_Rt": 0.025330786744698, "Med_Income": 39494.38461538462, "Bay_Ld_Est": 8.524269307911357}}, {"type": "Feature", "geometry": {"type": "MultiPolygon", "coordinates": [[[[-9313970.566899998, 5288913.268198927], [-9313969.138199996, 5288867.142855532], [-9313983.374999998, 5288866.709117049], [-9313984.6277, 5288924.997173508], [-9313970.548799999, 5288924.762717566], [-9313970.566899998, 5288913.268198927]]], [[[-9314002.3738, 5288925.434299813], [-9314003.708600001, 5288970.728039104], [-9313985.714699998, 5288970.460801179], [-9313984.6277, 5288924.997173508], [-9314002.3738, 5288925.434299813]]], [[[-9314036.947000002, 5288926.070210485], [-9314038.197600001, 5288971.2819450125], [-9314021.2029, 5288971.001853369], [-9314020.203200001, 5288925.870130779], [-9314036.947000002, 5288926.070210485]]], [[[-9314051.526499996, 5288926.381689136], [-9314068.268999998, 5288926.498269435], [-9314084.767199999, 5288927.034638451], [-9314086.431299996, 5288971.990992403], [-9314052.6929, 5288971.511020338], [-9314051.526499996, 5288926.381689136]]], [[[-9314011.878299994, 5289087.316120955], [-9313994.219500002, 5289087.211099034], [-9313975.227000002, 5289087.04001493], [-9313974.976999998, 5289041.898224539], [-9313959.7365, 5289042.01181561], [-9313959.295299998, 5288994.956914077], [-9313974.874199998, 5288995.255539016], [-9313991.616799997, 5288995.372318608], [-9314009.276800001, 5288995.560640629], [-9314010.625499995, 5289041.937383567], [-9314025.6175, 5289041.910181494], [-9314027.038799996, 5289087.4533270085], [-9314011.878299994, 5289087.316120955]]], [[[-9314024.2696, 5288995.616738681], [-9314039.3478, 5288995.838340901], [-9314040.528099997, 5289042.0506757265], [-9314025.6175, 5289041.910181494], [-9314024.2696, 5288995.616738681]]], [[[-9314073.4183, 5288996.230827934], [-9314074.758799996, 5289041.94136922], [-9314056.6859, 5289042.008527451], [-9314055.423199996, 5288995.88038953], [-9314073.4183, 5288996.230827934]]], [[[-9314040.528099997, 5289042.0506757265], [-9314056.6859, 5289042.008527451], [-9314058.1949, 5289087.883677771], [-9314041.949700002, 5289087.593920881], [-9314040.528099997, 5289042.0506757265]]], [[[-9313979.537400002, 5289156.3682376705], [-9313964.542299999, 5289156.145439717], [-9313963.372999998, 5289110.765304951], [-9313978.535899999, 5289111.069111256], [-9313995.029999997, 5289111.272479148], [-9314012.7722, 5289111.376405019], [-9314014.024800003, 5289156.755543399], [-9313996.5346, 5289156.814829966], [-9313979.537400002, 5289156.3682376705]]], [[[-9314043.011200001, 5289111.735412609], [-9314044.182999996, 5289157.281948391], [-9314029.186699998, 5289156.976049589], [-9314027.7684, 5289111.682403449], [-9314043.011200001, 5289111.735412609]]], [[[-9314094.6681, 5289158.128500866], [-9314078.0896, 5289157.8432278335], [-9314060.4273, 5289157.488504799], [-9314059.425300002, 5289112.189378366], [-9314076.9999, 5289112.212196223], [-9314093.495199999, 5289112.498565301], [-9314111.904599998, 5289112.6770228725], [-9314113.161100002, 5289158.305862391], [-9314094.6681, 5289158.128500866]]], [[[-9314131.169899998, 5289294.926348275], [-9314126.676099999, 5289295.23453884], [-9314127.1831, 5289340.873847129], [-9314118.857399998, 5289341.148259299], [-9314117.514399996, 5289295.269612589], [-9314115.9833, 5289247.727854432], [-9314130.139500001, 5289247.461513215], [-9314131.169899998, 5289294.926348275]]], [[[-9314033.081099996, 5289297.194284149], [-9314017.760999996, 5289297.642072202], [-9314016.478299998, 5289249.930525183], [-9314031.799199997, 5289249.5659376355], [-9314046.6227, 5289249.374327395], [-9314048.154500002, 5289296.999485385], [-9314033.081099996, 5289297.194284149]]], [[[-9314000.690199997, 5289297.945978198], [-9313983.620299999, 5289298.333084699], [-9313982.3398, 5289250.788038261], [-9313999.3263, 5289250.402027835], [-9314000.690199997, 5289297.945978198]]], [[[-9314162.072599998, 5289340.0894706985], [-9314145.502299996, 5289340.470399441], [-9314144.8264, 5289294.666483733], [-9314161.062499996, 5289294.206539437], [-9314162.072599998, 5289340.0894706985]]], [[[-9314101.379999995, 5289413.092179896], [-9314086.054399997, 5289413.123865836], [-9314084.624200001, 5289366.912912787], [-9314100.195099995, 5289366.544937413], [-9314101.379999995, 5289413.092179896]]], [[[-9314036.5941, 5289414.346365189], [-9314051.497899994, 5289413.9038580945], [-9314052.8861, 5289456.866904233], [-9314037.8157, 5289457.3116034595], [-9314036.5941, 5289414.346365189]]], [[[-9314005.506500002, 5289457.97910069], [-9313988.271999998, 5289458.534899987], [-9313987.130500002, 5289415.3185655475], [-9314004.365099994, 5289414.762865911], [-9314005.506500002, 5289457.97910069]]], [[[-9313841.3427, 5288800.160801646], [-9313841.023999995, 5288781.924256739], [-9313859.927100003, 5288781.680235263], [-9313879.9971, 5288781.504468062], [-9313880.3958, 5288799.49021588], [-9313881.542, 5288843.11994146], [-9313860.8944, 5288843.719682305], [-9313860.162499996, 5288799.917876223], [-9313841.3427, 5288800.160801646]]], [[[-9313744.401, 5288871.625816279], [-9313745.532899998, 5288920.670151188], [-9313729.453400003, 5288920.2945035575], [-9313727.831500001, 5288872.00604739], [-9313744.401, 5288871.625816279]]], [[[-9313729.453400003, 5288920.2945035575], [-9313730.2179, 5288966.678417966], [-9313714.140499996, 5288966.469171266], [-9313713.459299998, 5288920.084160806], [-9313729.453400003, 5288920.2945035575]]], [[[-9313781.022100002, 5288921.295300595], [-9313783.1377, 5288921.240198954], [-9313798.765, 5288921.482825477], [-9313800.0296, 5288967.860362904], [-9313781.866999997, 5288967.428417932], [-9313781.022100002, 5288921.295300595]]], [[[-9313732.302799996, 5288992.722059627], [-9313733.745299997, 5289040.013908087], [-9313717.085799996, 5289039.895534227], [-9313700.4274, 5289039.8602612065], [-9313683.682500001, 5289039.576283537], [-9313682.49, 5288992.2813462205], [-9313699.313799998, 5288992.231127001], [-9313715.891, 5288992.433897024], [-9313732.302799996, 5288992.722059627]]], [[[-9313769.895699997, 5289040.214087438], [-9313752.1558, 5289040.276263602], [-9313750.7942, 5288992.816918136], [-9313768.704999994, 5288993.085551044], [-9313769.895699997, 5289040.214087438]]], [[[-9313835.4473, 5289085.596312211], [-9313818.872100001, 5289085.560341695], [-9313817.624599999, 5289040.51470521], [-9313834.284099998, 5289040.632979421], [-9313835.4473, 5289085.596312211]]], [[[-9313853.518899994, 5289156.412677679], [-9313837.9419, 5289156.280652957], [-9313836.667399997, 5289109.152710198], [-9313852.162299998, 5289109.369131106], [-9313853.518899994, 5289156.412677679]]], [[[-9313840.044799998, 5289228.886181572], [-9313822.641899997, 5289229.277472981], [-9313806.4049, 5289229.65361891], [-9313804.288299996, 5289155.96508897], [-9313820.446099998, 5289155.923339264], [-9313837.9419, 5289156.280652957], [-9313838.234700002, 5289172.519295395], [-9313838.446299994, 5289176.014811909], [-9313839.095899995, 5289194.081274647], [-9313839.5897, 5289212.982931064], [-9313840.044799998, 5289228.886181572]]], [[[-9313842.173499998, 5289303.491316093], [-9313826.436099995, 5289303.860985365], [-9313825.9643, 5289254.389672977], [-9313840.784599997, 5289253.948461258], [-9313842.173499998, 5289303.491316093]]], [[[-9313952.242599998, 5289345.300711437], [-9313916.352799999, 5289346.014143265], [-9313914.9275, 5289300.136592425], [-9313950.979500001, 5289299.087967281], [-9313968.2982, 5289298.614372114], [-9313983.620299999, 5289298.333084699], [-9313985.048000002, 5289344.377235742], [-9313969.394799996, 5289344.8293083785], [-9313952.242599998, 5289345.300711437]]], [[[-9313857.828799998, 5289303.20594338], [-9313874.815299995, 5289302.820032587], [-9313876.056599995, 5289347.3672723165], [-9313859.069899997, 5289347.753083484], [-9313843.581299998, 5289348.036363742], [-9313842.173499998, 5289303.491316093], [-9313857.828799998, 5289303.20594338]]], [[[-9313725.012699997, 5289305.918777727], [-9313741.666199995, 5289305.537450431], [-9313759.319099994, 5289305.143169768], [-9313760.568400001, 5289350.356611408], [-9313743.082, 5289350.748799618], [-9313726.428500002, 5289351.130126929], [-9313725.012699997, 5289305.918777727]]], [[[-9313876.7891, 5289371.846851863], [-9313892.190299997, 5289371.231666375], [-9313893.285499997, 5289417.363604003], [-9313878.132, 5289417.809199994], [-9313876.7891, 5289371.846851863]]], [[[-9313743.894099997, 5289374.977283106], [-9313761.296199996, 5289374.503289372], [-9313762.306599999, 5289420.552923396], [-9313745.402900001, 5289420.937638527], [-9313728.416099995, 5289421.323150797], [-9313727.2395, 5289375.275509569], [-9313743.894099997, 5289374.977283106]]], [[[-9313811.599299997, 5289419.250710976], [-9313828.0887, 5289419.038076391], [-9313829.901900003, 5289462.74544339], [-9313813.000399996, 5289463.296659191], [-9313811.599299997, 5289419.250710976]]], [[[-9313608.514900003, 5288687.221907617], [-9313625.5848, 5288686.918798889], [-9313626.502499996, 5288732.300214171], [-9313588.199999994, 5288733.04333875], [-9313588.531599997, 5288687.645881186], [-9313608.514900003, 5288687.221907617]]], [[[-9313608.9418, 5288849.716692172], [-9313587.787999997, 5288849.822511208], [-9313587.928099997, 5288815.421460532], [-9313608.4145, 5288815.240810902], [-9313608.9418, 5288849.716692172]]], [[[-9313560.395099996, 5288951.203329265], [-9313511.4845, 5288950.201635439], [-9313511.572399998, 5288921.046097748], [-9313560.138599996, 5288921.387070211], [-9313560.395099996, 5288951.203329265]]], [[[-9313491.794, 5289193.517803081], [-9313492.149799999, 5289150.695857738], [-9313512.140599998, 5289150.689480706], [-9313512.283600003, 5289159.100302484], [-9313559.776800001, 5289159.959609046], [-9313559.366099996, 5289194.619138398], [-9313491.794, 5289193.517803081]]], [[[-9313673.431999994, 5289233.033950227], [-9313655.6959, 5289233.429028006], [-9313653.255499998, 5289153.9141720785], [-9313671.333099999, 5289154.18101149], [-9313673.431999994, 5289233.033950227]]], [[[-9313559.453199998, 5289253.677337259], [-9313556.1997, 5289253.39933801], [-9313556.031499997, 5289271.150536736], [-9313555.868499998, 5289288.311261302], [-9313559.376899997, 5289288.414788616], [-9313559.1969, 5289307.001480233], [-9313555.6924, 5289306.886892723], [-9313514.199699998, 5289306.258853534], [-9313493.790699998, 5289306.189004965], [-9313475.878399998, 5289305.993409071], [-9313475.958999995, 5289261.676242548], [-9313494.2874, 5289261.864664259], [-9313494.566999996, 5289219.460114085], [-9313515.060399998, 5289219.611867785], [-9313556.885899998, 5289220.234227379], [-9313556.303399999, 5289234.988314802], [-9313559.305599997, 5289235.187198853], [-9313559.453199998, 5289253.677337259]]], [[[-9313676.385400001, 5289352.358106498], [-9313659.486200001, 5289353.075623616], [-9313658.2309, 5289307.362580342], [-9313675.2166, 5289306.89366832], [-9313676.385400001, 5289352.358106498]]], [[[-9313624.506499998, 5289308.046817232], [-9313625.594999999, 5289353.762152276], [-9313585.981700001, 5289330.533171201], [-9313586.0349, 5289308.792233883], [-9313624.506499998, 5289308.046817232]]], [[[-9313441.882399999, 5289329.894769305], [-9313442.664099999, 5289375.94689277], [-9313425.9176, 5289375.731368599], [-9313426.0519, 5289329.663701093], [-9313441.882399999, 5289329.894769305]]], [[[-9313510.356299998, 5289384.043945502], [-9313510.1598, 5289377.383122723], [-9313510.3231, 5289367.38421622], [-9313558.890199998, 5289367.642087939], [-9313558.8458, 5289384.636412776], [-9313558.9015, 5289402.628446372], [-9313510.579799997, 5289402.116389623], [-9313510.356299998, 5289384.043945502]]], [[[-9313477.6263, 5289418.753301496], [-9313459.7154, 5289418.640906092], [-9313460.4142, 5289376.395278701], [-9313477.828299996, 5289376.682644254], [-9313477.6263, 5289418.753301496]]], [[[-9313615.415100003, 5289468.758996574], [-9313598.6791, 5289469.2245208435], [-9313585.9384, 5289469.471930261], [-9313586.0298, 5289424.823550397], [-9313597.5224, 5289424.675682676], [-9313613.840799998, 5289424.132238911], [-9313612.329499999, 5289377.922381528], [-9313626.566900002, 5289377.48904143], [-9313627.913999999, 5289423.867790845], [-9313629.653900001, 5289468.409056243], [-9313615.415100003, 5289468.758996574]]], [[[-9313645.566999994, 5289423.473709426], [-9313661.470199997, 5289423.018946436], [-9313663.125799999, 5289467.478107362], [-9313647.1372, 5289467.767366123], [-9313645.566999994, 5289423.473709426]]], [[[-9313698.545000002, 5289540.073290691], [-9313697.0128, 5289492.280427429], [-9313713.5845, 5289491.98349627], [-9313714.700299997, 5289539.781740155], [-9313698.545000002, 5289540.073290691]]]]}, "properties": {"Group": 51, "Chld_Rt": 0.016263256636246, "Med_Income": 19907.50684931507, "Bay_Ld_Est": 7.909649885063454}}, {"type": "Feature", "geometry": {"type": "MultiPolygon", "coordinates": [[[[-9319193.0633, 5285867.269781036], [-9319178.956199998, 5285904.409985679], [-9319168.3304, 5285900.213004996], [-9319146.278199999, 5285891.50278298], [-9319167.854799997, 5285857.602208063], [-9319193.0633, 5285867.269781036]]], [[[-9319210.117299998, 5285962.13782672], [-9319225.948200002, 5285922.9711207105], [-9319237.090999996, 5285927.37226598], [-9319252.387899997, 5285890.021020937], [-9319271.341600003, 5285897.289636229], [-9319256.546799997, 5285935.056783231], [-9319245.775999997, 5285930.80260849], [-9319229.402699994, 5285970.225292613], [-9319210.117299998, 5285962.13782672]]], [[[-9319089.6966, 5285980.400936175], [-9319110.196400002, 5285948.192662592], [-9319138.984899998, 5285960.302538124], [-9319124.127999999, 5285994.964273774], [-9319104.661999999, 5285986.730933216], [-9319089.6966, 5285980.400936175]]], [[[-9319214.924199998, 5285992.245368238], [-9319234.070799997, 5286000.298956363], [-9319219.152899995, 5286035.155889906], [-9319238.741499996, 5286043.440944473], [-9319258.079599997, 5286051.619881379], [-9319240.497799996, 5286092.838699006], [-9319221.117299998, 5286084.60705173], [-9319201.5467, 5286076.294595595], [-9319182.298900003, 5286068.119046351], [-9319199.963, 5286027.03942806], [-9319214.924199998, 5285992.245368238]]], [[[-9319125.809699995, 5286044.124980357], [-9319143.274399996, 5286003.062600746], [-9319162.299299996, 5286011.1094133435], [-9319144.7456, 5286052.168006861], [-9319125.809699995, 5286044.124980357]]], [[[-9319296.8209, 5286068.005455532], [-9319314.871399999, 5286075.477040666], [-9319314.121699994, 5286103.457248059], [-9319311.406699998, 5286122.956606232], [-9319278.734299999, 5286109.079395566], [-9319296.8209, 5286068.005455532]]], [[[-9319267.845199998, 5286175.77145467], [-9319284.654399997, 5286137.64708744], [-9319307.889300002, 5286147.539851306], [-9319298.644199995, 5286189.059289105], [-9319276.381299999, 5286179.454288317], [-9319267.845199998, 5286175.77145467]]], [[[-9319154.840799997, 5286201.046608369], [-9319138.931099996, 5286239.4424994085], [-9319119.651599996, 5286231.3268334195], [-9319136.040599994, 5286193.100531717], [-9319154.840799997, 5286201.046608369]]], [[[-9319059.545000002, 5286367.996931352], [-9319076.2131, 5286328.926566003], [-9319095.761300001, 5286337.16429294], [-9319079.4494, 5286376.392689297], [-9319059.545000002, 5286367.996931352]]], [[[-9319059.328399999, 5286440.386879925], [-9319075.828000002, 5286401.616133174], [-9319099.566199996, 5286411.640126366], [-9319083.167999996, 5286450.454815164], [-9319059.328399999, 5286440.386879925]]], [[[-9319263.324699998, 5286411.23428822], [-9319283.206799999, 5286419.661034815], [-9319267.8531, 5286455.988482878], [-9319248.031800002, 5286447.6478259405], [-9319263.324699998, 5286411.23428822]]], [[[-9319287.139799997, 5286464.104249923], [-9319302.3896, 5286427.79154851], [-9319321.157699997, 5286435.7459964445], [-9319306.2458, 5286472.143891217], [-9319287.139799997, 5286464.104249923]]], [[[-9319173.089399999, 5286488.429829592], [-9319156.9425, 5286527.451076674], [-9319128.2309, 5286515.123280763], [-9319109.4243, 5286507.048366241], [-9319125.648299996, 5286468.3948950535], [-9319144.8493, 5286476.5037869355], [-9319173.089399999, 5286488.429829592]]], [[[-9319178.811600002, 5286536.6472526], [-9319195.8642, 5286497.498863194], [-9319222.777200002, 5286509.031722285], [-9319241.4299, 5286517.024931108], [-9319225.028799998, 5286556.056143144], [-9319206.099099997, 5286548.106676529], [-9319178.811600002, 5286536.6472526]]], [[[-9319099.759699997, 5286529.243121823], [-9319083.8734, 5286566.856042797], [-9319063.781900002, 5286558.452910189], [-9319039.791799996, 5286548.418852095], [-9319024.064399997, 5286586.372247275], [-9319001.549299994, 5286576.87824375], [-9319017.441300001, 5286539.070623763], [-9318998.182000002, 5286531.015139126], [-9319014.193, 5286493.079680953], [-9319033.366699997, 5286501.183192375], [-9319055.491100002, 5286510.533811809], [-9319079.669900002, 5286520.752404921], [-9319099.759699997, 5286529.243121823]]], [[[-9318878.829800002, 5285700.327294478], [-9318877.359299995, 5285736.512833563], [-9318860.4489, 5285736.747388571], [-9318843.144999996, 5285736.987324183], [-9318840.951, 5285671.731314197], [-9318840.8669, 5285669.231918544], [-9318847.381599994, 5285666.023078738], [-9318849.2258, 5285667.63427423], [-9318852.287499996, 5285670.308639534], [-9318859.553800002, 5285676.6556736855], [-9318879.097999997, 5285693.72767019], [-9318878.829800002, 5285700.327294478]]], [[[-9319057.761799999, 5286085.13026696], [-9319046.937599998, 5286080.45999063], [-9319030.5196, 5286073.37600921], [-9319052.521199994, 5286038.8088308275], [-9319073.162800001, 5286047.5979695525], [-9319057.761799999, 5286085.13026696]]], [[[-9318996.7619, 5286249.261131096], [-9318980.909200002, 5286288.764235255], [-9318960.843699997, 5286280.308095372], [-9318977.711299999, 5286241.171869925], [-9318996.7619, 5286249.261131096]]], [[[-9318960.843699997, 5286280.308095372], [-9318944.047299996, 5286319.279117094], [-9318925.381999997, 5286311.405678071], [-9318941.779999996, 5286272.274134814], [-9318960.843699997, 5286280.308095372]]], [[[-9318904.322599998, 5286329.191910214], [-9318939.9851, 5286344.251862896], [-9318935.177699996, 5286369.371181202], [-9318892.2542, 5286366.898388378], [-9318892.050699996, 5286337.757157386], [-9318892.5266, 5286333.757564291], [-9318893.9238, 5286330.668591068], [-9318896.4946, 5286328.905043527], [-9318899.652899997, 5286327.970410174], [-9318904.322599998, 5286329.191910214]]], [[[-9318855.6954, 5286352.516692296], [-9318860.539999997, 5286344.772487564], [-9318861.997800002, 5286401.143037285], [-9318832.528499996, 5286389.138577889], [-9318855.6954, 5286352.516692296]]], [[[-9318980.269999996, 5286361.263784609], [-9318964.136299998, 5286400.184589651], [-9318948.232399996, 5286393.467783873], [-9318961.386500001, 5286353.289508545], [-9318980.269999996, 5286361.263784609]]], [[[-9318931.886999995, 5286386.564748956], [-9318945.705, 5286392.400428546], [-9318930.475699997, 5286430.21143204], [-9318892.582800003, 5286413.940540212], [-9318892.4142, 5286389.795611223], [-9318931.886999995, 5286386.564748956]]], [[[-9318790.108699998, 5286397.334157022], [-9318805.777699998, 5286403.668739589], [-9318787.901099999, 5286442.6195378825], [-9318773.063000001, 5286436.525189784], [-9318790.108699998, 5286397.334157022]]], [[[-9318982.902999999, 5286408.110440415], [-9318966.9538, 5286445.874613061], [-9318948.483999997, 5286437.944178566], [-9318964.136299998, 5286400.184589651], [-9318982.902999999, 5286408.110440415]]], [[[-9318708.471699996, 5286459.180584937], [-9318690.832799997, 5286451.816510335], [-9318709.872200001, 5286410.4806030085], [-9318727.2001, 5286417.660241733], [-9318742.764499998, 5286424.046039919], [-9318750.546899999, 5286427.225786396], [-9318757.705999997, 5286430.219004765], [-9318739.288299998, 5286471.97609562], [-9318723.620899996, 5286465.433262824], [-9318708.471699996, 5286459.180584937]]], [[[-9319059.328399999, 5286440.386879925], [-9319043.081800003, 5286478.562770511], [-9319024.056199996, 5286470.393595767], [-9319039.550199997, 5286432.034066891], [-9319059.328399999, 5286440.386879925]]], [[[-9318894.331899997, 5286481.873844089], [-9318944.4428, 5286490.360475458], [-9318940.756999996, 5286506.996253949], [-9318924.364199998, 5286544.33117561], [-9318894.525799997, 5286531.748896176], [-9318894.427099997, 5286506.353469237], [-9318894.331899997, 5286481.873844089]]], [[[-9318926.509599999, 5286670.211469659], [-9318896.8492, 5286657.549974326], [-9318896.650599996, 5286632.071643516], [-9318932.998299997, 5286631.272721135], [-9318943.236899998, 5286631.047532222], [-9318926.509599999, 5286670.211469659]]], [[[-9318850.926699998, 5286702.928130126], [-9318865.171799999, 5286676.569668502], [-9318865.5527, 5286709.619230078], [-9318850.926699998, 5286702.928130126]]], [[[-9318656.668999996, 5285878.168319587], [-9318656.265099999, 5285862.423937962], [-9318656.012899999, 5285854.304189054], [-9318706.1939, 5285851.761050615], [-9318706.643599998, 5285861.339245535], [-9318707.356799996, 5285877.476212863], [-9318707.813299999, 5285886.143788421], [-9318657.0146, 5285887.745817215], [-9318656.668999996, 5285878.168319587]]], [[[-9318501.7913, 5285951.045983808], [-9318548.202799996, 5285923.549437374], [-9318557.151499998, 5285937.822121378], [-9318510.737099996, 5285965.682955817], [-9318501.7913, 5285951.045983808]]], [[[-9318395.072099997, 5286013.22110631], [-9318437.828100001, 5285987.597013289], [-9318446.2622, 5286001.059516559], [-9318403.4034, 5286026.526774807], [-9318395.072099997, 5286013.22110631]]], [[[-9318476.900900003, 5286065.68451625], [-9318470.896000002, 5286075.501353081], [-9318468.263200002, 5286079.670933042], [-9318463.312499998, 5286087.64829629], [-9318460.889699996, 5286091.58531405], [-9318450.356599996, 5286108.550002586], [-9318423.105900003, 5286064.1927898945], [-9318437.950000001, 5286055.352136625], [-9318451.957499996, 5286047.0259302305], [-9318469.624099996, 5286036.488788369], [-9318510.079199996, 5286012.356520832], [-9318493.647799999, 5286038.800560621], [-9318484.800699996, 5286052.967526734], [-9318482.588399997, 5286056.567857225], [-9318476.900900003, 5286065.68451625]]], [[[-9318709.335399998, 5286060.48325277], [-9318693.345199998, 5286097.703175799], [-9318677.366900003, 5286091.0800342], [-9318692.839900002, 5286053.414416904], [-9318709.335399998, 5286060.48325277]]], [[[-9318565.2709, 5286120.355575813], [-9318550.536199996, 5286114.4441702375], [-9318549.210300002, 5286113.908699146], [-9318566.1414, 5286073.058552775], [-9318582.534599997, 5286079.866927016], [-9318565.2709, 5286120.355575813]]], [[[-9318386.821899999, 5286087.184965344], [-9318391.0034, 5286084.692145207], [-9318405.116000002, 5286076.23640521], [-9318429.181399997, 5286115.053873917], [-9318430.4563, 5286117.08884342], [-9318411.4928, 5286128.530926109], [-9318386.821899999, 5286087.184965344]]], [[[-9318355.3571, 5286161.913773099], [-9318338.005099999, 5286172.2226382755], [-9318336.256700002, 5286169.291496894], [-9318313.437099997, 5286130.951207645], [-9318330.476699997, 5286120.774167933], [-9318355.3571, 5286161.913773099]]], [[[-9318487.4028, 5286319.767159123], [-9318480.346999997, 5286316.878763427], [-9318496.029000001, 5286279.265849686], [-9318504.0186, 5286282.525607606], [-9318519.375599999, 5286288.753972216], [-9318502.552199999, 5286325.94211629], [-9318487.4028, 5286319.767159123]]], [[[-9318546.5031, 5286392.072908285], [-9318531.769899996, 5286385.901039677], [-9318549.868200002, 5286345.23542003], [-9318566.588299999, 5286307.942253712], [-9318581.323, 5286313.905772447], [-9318564.706399998, 5286351.277755046], [-9318546.5031, 5286392.072908285]]], [[[-9318472.6685, 5286313.751428418], [-9318454.678699998, 5286353.793194241], [-9318438.907799996, 5286347.223259661], [-9318456.688999997, 5286307.258018411], [-9318472.6685, 5286313.751428418]]], [[[-9318538.8177, 5286417.984274556], [-9318528.599299997, 5286434.587668765], [-9318520.066799998, 5286448.367234636], [-9318488.045799997, 5286429.603521751], [-9318496.367799997, 5286416.134537357], [-9318504.0582, 5286403.623701827], [-9318538.8177, 5286417.984274556]]], [[[-9318575.952999998, 5286645.732140349], [-9318584.487100001, 5286631.718017227], [-9318617.374200001, 5286646.064742376], [-9318608.6297, 5286660.389546635], [-9318575.952999998, 5286645.732140349]]], [[[-9318549.614499995, 5286688.758068042], [-9318516.007699996, 5286673.18276755], [-9318525.277999997, 5286658.159180055], [-9318558.9917, 5286673.345082919], [-9318591.771999996, 5286688.081405268], [-9318582.079799997, 5286703.8565860065], [-9318549.614499995, 5286688.758068042]]]]}, "properties": {"Group": 52, "Chld_Rt": 0.121768140279036, "Med_Income": 31297.293103448275, "Bay_Ld_Est": 1.459180309836131}}, {"type": "Feature", "geometry": {"type": "MultiPolygon", "coordinates": [[[[-9316283.527200002, 5286415.836710146], [-9316213.798100002, 5286540.013726772], [-9316133.6614, 5286518.419607538], [-9316162.5574, 5286420.27721533], [-9316283.527200002, 5286415.836710146]]], [[[-9316357.061599996, 5286994.248383346], [-9316351.631, 5286994.177438859], [-9316243.318299998, 5286992.760541926], [-9316226.3156, 5286992.537943635], [-9316217.733799996, 5286992.425747729], [-9316199.907099998, 5286992.192388191], [-9316182.663, 5286991.966501732], [-9316163.915599994, 5286991.720985979], [-9316114.0381, 5286991.067738702], [-9316137.135300001, 5286932.094337765], [-9316140.431199998, 5286923.980660263], [-9316148.522399997, 5286903.02015258], [-9316153.647399995, 5286889.93458232], [-9316184.928399999, 5286810.0647490425], [-9316189.526400002, 5286806.645165437], [-9316193.8168, 5286804.563861732], [-9316201.035200002, 5286803.175761292], [-9316207.187599998, 5286802.641286337], [-9316215.792499999, 5286804.058183054], [-9316227.837799996, 5286806.824718747], [-9316235.932, 5286807.66847975], [-9316245.4478, 5286808.817939701], [-9316378.219199998, 5286813.364763301], [-9316379.274099994, 5286890.941954115], [-9316358.481099997, 5286914.438627239], [-9316355.881599998, 5286917.3761473335], [-9316357.061599996, 5286994.248383346]]], [[[-9316197.8115, 5287203.133782198], [-9316189.841500001, 5287202.863854319], [-9316189.8489, 5287202.710406954], [-9316192.375699999, 5287149.899601994], [-9316231.7776, 5287150.291291333], [-9316232.2426, 5287203.413674198], [-9316197.8115, 5287203.133782198]]], [[[-9316379.020599997, 5287205.845217178], [-9316409.0126, 5287205.748963837], [-9316408.693699999, 5287259.507557721], [-9316379.569699997, 5287259.303592283], [-9316379.020599997, 5287205.845217178]]], [[[-9316545.773500001, 5287260.3303943835], [-9316520.5343, 5287260.09673587], [-9316521.0776, 5287206.307552118], [-9316545.506299999, 5287206.1164404], [-9316545.773500001, 5287260.3303943835]]], [[[-9316232.348199999, 5287314.702481163], [-9316231.7199, 5287361.462682852], [-9316178.474799996, 5287337.8740328355], [-9316178.820399998, 5287335.2795763], [-9316179.040499998, 5287332.132210974], [-9316179.0831, 5287315.109415639], [-9316232.348199999, 5287314.702481163]]], [[[-9316256.549699998, 5287394.424179089], [-9316256.646300001, 5287369.290691894], [-9316312.146799995, 5287369.736685725], [-9316312.090199996, 5287394.873461107], [-9316256.549699998, 5287394.424179089]]], [[[-9316456.820899999, 5287633.121885496], [-9316457.637999998, 5287570.888395289], [-9316486.255799996, 5287571.117968558], [-9316485.718199998, 5287633.353750512], [-9316456.820899999, 5287633.121885496]]], [[[-9316344.162799997, 5287846.034485881], [-9316364.311899997, 5287845.616690342], [-9316370.101199998, 5288170.693454408], [-9316049.066299995, 5288172.6431342475], [-9316035.4217, 5288157.973056463], [-9316028.637199996, 5287806.35168125], [-9316322.825899998, 5287803.823485181], [-9316323.5944, 5287856.115883585], [-9316344.3285, 5287855.943305023], [-9316344.162799997, 5287846.034485881]]], [[[-9315660.748799996, 5286423.205268405], [-9315689.149300002, 5286386.767219642], [-9315713.195900002, 5286401.436181364], [-9315683.543400003, 5286438.264425036], [-9315660.748799996, 5286423.205268405]]], [[[-9315825.3312, 5286514.78629456], [-9315785.267099999, 5286528.611895469], [-9315755.234299997, 5286537.108192317], [-9315712.733799996, 5286543.422648066], [-9315690.661599996, 5286545.324597384], [-9315683.460700002, 5286546.683203771], [-9315682.651599996, 5286527.361001118], [-9315685.257599996, 5286503.720552902], [-9315699.993799997, 5286472.935141147], [-9315736.198400002, 5286414.7993467655], [-9315852.676399998, 5286486.410303872], [-9315853.166799998, 5286501.666850263], [-9315825.3312, 5286514.78629456]]], [[[-9315487.283199998, 5286743.664705446], [-9315467.5221, 5286738.046839757], [-9315408.2445, 5286712.781540071], [-9315432.605600001, 5286658.511411368], [-9315459.601700002, 5286598.370730017], [-9315555.714899994, 5286589.831587089], [-9315510.096899997, 5286692.380520629], [-9315487.283199998, 5286743.664705446]]], [[[-9315322.970000003, 5286908.792363084], [-9315398.843500001, 5286735.030902506], [-9315571.754699996, 5286810.337765701], [-9315570.625699999, 5286816.089947937], [-9315558.040199995, 5286880.215088699], [-9315690.455899999, 5286936.210811762], [-9315657.565699996, 5287046.798919316], [-9315536.032999998, 5286995.519106727], [-9315444.061399998, 5286956.3227761155], [-9315442.3554, 5286960.120498195], [-9315322.970000003, 5286908.792363084]]], [[[-9316189.321699996, 5287084.689953725], [-9316187.6254, 5287084.750535531], [-9316185.9344, 5287084.899598679], [-9316184.2536, 5287085.136943884], [-9316182.587499999, 5287085.461873653], [-9316180.940699998, 5287085.873790126], [-9316180.396900002, 5287086.0300274305], [-9316178.251299998, 5287086.749536107], [-9316177.723100001, 5287086.952804047], [-9316175.139700001, 5287088.104954567], [-9316173.6416, 5287088.902880815], [-9316171.2437, 5287090.403376769], [-9316137.2853, 5287038.166708622], [-9316165.689999996, 5287017.998146826], [-9316195.8321, 5287017.854464311], [-9316195.7267, 5287084.567992967], [-9316189.321699996, 5287084.689953725]]], [[[-9315864.136899998, 5287183.315356847], [-9315879.204, 5287146.672524194], [-9315910.445499994, 5287159.541277903], [-9315895.5933, 5287195.682617009], [-9315864.136899998, 5287183.315356847]]], [[[-9315528.2393, 5287317.5896833725], [-9315555.290599998, 5287342.4337119935], [-9315546.023699997, 5287353.904701426], [-9315517.0169, 5287330.71910004], [-9315512.189099995, 5287326.860296841], [-9315523.552599998, 5287313.2853845935], [-9315528.2393, 5287317.5896833725]]], [[[-9315890.697100002, 5287358.152902371], [-9315908.026399998, 5287312.446505674], [-9315946.7953, 5287329.304893067], [-9315930.6908, 5287376.686258303], [-9315890.697100002, 5287358.152902371]]]]}, "properties": {"Group": 53, "Chld_Rt": 0.025050928774893, "Med_Income": 17877.333333333332, "Bay_Ld_Est": 1.228324805486614}}, {"type": "Feature", "geometry": {"type": "MultiPolygon", "coordinates": [[[[-9314890.972399998, 5283961.054838492], [-9314874.5578, 5283940.063191056], [-9314937.244500002, 5283909.144321342], [-9314950.457499998, 5283925.614363924], [-9314940.936199998, 5283931.564619474], [-9314949.919699997, 5283975.633498115], [-9314950.871099995, 5283980.301176198], [-9314950.8041, 5283988.481594707], [-9314948.424399996, 5284031.99976], [-9314958.036099995, 5284043.331322512], [-9314886.5642, 5284174.616893701], [-9314791.978199996, 5284055.434404695], [-9314749.182099998, 5284002.723069819], [-9314801.377199994, 5283969.2645513015], [-9314825.267199999, 5284011.877478309], [-9314840.198700001, 5283999.759848974], [-9314817.842199998, 5283958.523760323], [-9314831.524299994, 5283949.685014575], [-9314854.733199999, 5283988.401483423], [-9314874.103499997, 5283974.006760757], [-9314890.972399998, 5283961.054838492]]], [[[-9314781.423300002, 5284155.207142003], [-9314794.0672, 5284171.208875398], [-9314796.651799994, 5284174.640807511], [-9314785.632, 5284183.215406716], [-9314752.565099997, 5284208.943987428], [-9314750.1385, 5284205.62524729], [-9314737.692599997, 5284190.867629989], [-9314725.8311, 5284176.178366511], [-9314713.7929, 5284161.07718767], [-9314701.432300001, 5284146.400479289], [-9314690.001899997, 5284132.283254808], [-9314678.906300003, 5284118.240960457], [-9314667.731899997, 5284104.367159041], [-9314683.487499997, 5284091.895803586], [-9314684.460799996, 5284090.871993227], [-9314695.405599998, 5284082.4355965825], [-9314701.662699996, 5284089.5220581675], [-9314718.2345, 5284079.6944751395], [-9314733.331200002, 5284097.216528623], [-9314745.0177, 5284111.576876546], [-9314756.8853, 5284126.5155405], [-9314769.404, 5284140.855163428], [-9314781.423300002, 5284155.207142003]]], [[[-9314814.200099997, 5284219.9963576365], [-9314827.100099998, 5284236.241414953], [-9314795.942599997, 5284262.008956319], [-9314782.5348, 5284245.443453466], [-9314814.200099997, 5284219.9963576365]]], [[[-9314763.129400002, 5284255.176079944], [-9314779.044800002, 5284275.425606855], [-9314763.3784, 5284288.144970334], [-9314741.380000003, 5284294.112764359], [-9314730.921299998, 5284282.21902553], [-9314763.129400002, 5284255.176079944]]], [[[-9314777.7209, 5284721.216194617], [-9314803.6896, 5284687.750583043], [-9314819.732799996, 5284699.836831921], [-9314793.2438, 5284732.48279725], [-9314777.7209, 5284721.216194617]]], [[[-9314748.968700001, 5284782.981933085], [-9314732.9371, 5284794.462166501], [-9314698.4033, 5284749.19926238], [-9314713.496500002, 5284736.826844214], [-9314748.968700001, 5284782.981933085]]], [[[-9314866.3069, 5284839.395659141], [-9314851.4342, 5284850.596898332], [-9314824.988799997, 5284815.705819747], [-9314809.693699997, 5284826.66782078], [-9314781.687800001, 5284789.31800239], [-9314798.205899997, 5284777.325913395], [-9314826.467900002, 5284814.919054672], [-9314840.271500003, 5284804.244517935], [-9314866.3069, 5284839.395659141]]], [[[-9314920.178500002, 5284829.291367457], [-9314955.338599999, 5284803.670685609], [-9314984.048699997, 5284826.012781054], [-9314958.7272, 5284858.7133528115], [-9314920.178500002, 5284829.291367457]]], [[[-9314758.4995, 5284863.685138317], [-9314741.2448, 5284876.195460801], [-9314713.750699997, 5284839.331888918], [-9314730.841300001, 5284826.908951921], [-9314758.4995, 5284863.685138317]]], [[[-9314843.455099998, 5284943.567605832], [-9314861.219699997, 5284931.460529731], [-9314888.194299996, 5284967.504457541], [-9314870.693900002, 5284980.187957047], [-9314843.455099998, 5284943.567605832]]], [[[-9314837.671699997, 5285004.755437204], [-9314810.355999999, 5284968.386778406], [-9314826.533200001, 5284956.070057448], [-9314854.1818, 5284992.430146788], [-9314837.671699997, 5285004.755437204]]], [[[-9314712.5449, 5285042.38993608], [-9314723.253699997, 5285034.458314473], [-9314749.967599997, 5285070.093119254], [-9314733.700700002, 5285082.162532364], [-9314716.7783, 5285094.664686389], [-9314689.9729, 5285114.82803695], [-9314668.559399996, 5285130.857781312], [-9314642.0783, 5285094.5504978215], [-9314651.820100002, 5285087.892387358], [-9314663.005099999, 5285079.032609667], [-9314670.853900002, 5285073.255126324], [-9314643.502999999, 5285035.470866155], [-9314658.218199998, 5285024.606710811], [-9314684.997099994, 5285062.821718653], [-9314690.553199997, 5285058.600926488], [-9314699.057000002, 5285052.3905031625], [-9314707.400600001, 5285046.433765801], [-9314712.5449, 5285042.38993608]]], [[[-9314566.7081, 5284030.807456904], [-9314596.932399994, 5284068.7490208065], [-9314559.345499998, 5284090.82177421], [-9314521.893800002, 5284113.311923772], [-9314492.743, 5284068.274431168], [-9314481.805399999, 5284050.917084486], [-9314530.282000002, 5284020.145082816], [-9314535.269199997, 5284026.966598876], [-9314536.333599996, 5284040.67260419], [-9314555.952099998, 5284027.739214475], [-9314556.4027, 5284036.793583672], [-9314566.7081, 5284030.807456904]]], [[[-9314657.0335, 5284125.870664501], [-9314670.007799998, 5284141.780827525], [-9314638.297099994, 5284168.727318349], [-9314625.651299998, 5284152.6420859], [-9314613.517299999, 5284137.043798792], [-9314618.640299998, 5284132.1680699205], [-9314626.298500001, 5284125.480171756], [-9314605.509099998, 5284093.5295159705], [-9314622.2326, 5284083.115446516], [-9314644.8226, 5284110.5241703], [-9314657.0335, 5284125.870664501]]], [[[-9314664.7915, 5284202.365992807], [-9314697.763099996, 5284175.887315401], [-9314709.2832, 5284190.252048395], [-9314721.812400002, 5284205.007672864], [-9314734.2498, 5284219.432688937], [-9314699.728699997, 5284247.1998240175], [-9314690.522399995, 5284235.441198716], [-9314688.622499997, 5284232.741328285], [-9314676.667500002, 5284217.637956678], [-9314674.5116, 5284214.694663506], [-9314664.7915, 5284202.365992807]]], [[[-9314680.132600002, 5284620.882335585], [-9314699.371400002, 5284606.026866138], [-9314715.187799996, 5284619.034793056], [-9314733.786199996, 5284633.388171887], [-9314709.051999997, 5284653.082007106], [-9314694.1133, 5284636.448743406], [-9314680.132600002, 5284620.882335585]]], [[[-9314644.647599997, 5284648.282202689], [-9314660.963200001, 5284635.68409873], [-9314675.7895, 5284651.589385598], [-9314690.2172, 5284668.962782516], [-9314673.5599, 5284682.040558377], [-9314644.647599997, 5284648.282202689]]], [[[-9314589.389499996, 5284781.761231635], [-9314606.475899996, 5284769.17219369], [-9314632.965700002, 5284802.56357484], [-9314616.6472, 5284815.882682465], [-9314589.389499996, 5284781.761231635]]], [[[-9314649.7876, 5284789.398113724], [-9314666.095400002, 5284775.662806073], [-9314700.089899998, 5284819.357461912], [-9314682.427400002, 5284832.2110471], [-9314649.7876, 5284789.398113724]]], [[[-9314358.281499995, 5284005.695258364], [-9314354.416899998, 5284000.000282478], [-9314346.256999997, 5283988.20927611], [-9314392.956299998, 5283959.000143473], [-9314404.2263, 5283976.345631652], [-9314358.281499995, 5284005.695258364]]], [[[-9314258.679499999, 5284062.998843581], [-9314288.2517, 5284044.136122138], [-9314298.933499996, 5284061.336036087], [-9314269.768299997, 5284079.934609737], [-9314258.679499999, 5284062.998843581]]], [[[-9314358.041000001, 5284103.24002104], [-9314346.601800002, 5284085.816811245], [-9314392.237599999, 5284057.144242692], [-9314403.317900002, 5284073.830208999], [-9314415.532299997, 5284091.975914892], [-9314369.474599995, 5284120.496930374], [-9314358.041000001, 5284103.24002104]]], [[[-9314321.7375, 5284096.435044953], [-9314333.352, 5284114.102076204], [-9314303.951900002, 5284133.125519461], [-9314292.242399998, 5284115.128477259], [-9314321.7375, 5284096.435044953]]], [[[-9314068.682699999, 5284138.63227425], [-9314094.622699995, 5284146.801434335], [-9314095.849400003, 5284231.635314044], [-9314070.800800001, 5284227.516457255], [-9314050.787099998, 5284224.470035714], [-9314033.126500001, 5284222.007709268], [-9314014.306699995, 5284219.752337025], [-9314013.281899996, 5284159.649831535], [-9314069.288099999, 5284158.268509505], [-9314068.682699999, 5284138.63227425]]], [[[-9314385.9936, 5284301.582545742], [-9314398.761999998, 5284283.308997615], [-9314416.1767, 5284295.358375589], [-9314388.179099996, 5284332.991458913], [-9314370.1574, 5284322.629200813], [-9314385.9936, 5284301.582545742]]], [[[-9314443.4587, 5284351.20801312], [-9314425.9303, 5284354.905389159], [-9314406.111899996, 5284343.190305971], [-9314434.839199997, 5284307.363911644], [-9314447.555899998, 5284316.0799022], [-9314433.673799999, 5284333.47651096], [-9314451.9117, 5284345.247094063], [-9314443.4587, 5284351.20801312]]], [[[-9314481.5849, 5284547.448948882], [-9314498.435799995, 5284533.946006476], [-9314534.916199999, 5284576.5624394715], [-9314518.074, 5284590.31528183], [-9314481.5849, 5284547.448948882]]], [[[-9314153.096400002, 5284733.323667324], [-9314091.165499998, 5284734.4968399955], [-9314070.200699996, 5284735.232289919], [-9314059.8789, 5284735.4276858475], [-9314057.7311, 5284683.691110822], [-9314069.470099999, 5284683.529194258], [-9314089.694799997, 5284683.069650174], [-9314089.455199994, 5284695.239597412], [-9314159.045600003, 5284693.964292788], [-9314155.785, 5284714.986841105], [-9314153.096400002, 5284733.323667324]]], [[[-9314383.341499997, 5284698.170336892], [-9314399.235400002, 5284685.867070042], [-9314435.803700002, 5284730.980510498], [-9314419.841099998, 5284743.702768015], [-9314403.735500002, 5284757.096506123], [-9314365.0071, 5284712.141892442], [-9314383.341499997, 5284698.170336892]]], [[[-9314089.800499996, 5284759.701120878], [-9314091.4801, 5284800.459058004], [-9314091.9456, 5284811.35479765], [-9314070.725199997, 5284811.932615626], [-9314069.317299994, 5284759.919832795], [-9314089.800499996, 5284759.701120878]]]]}, "properties": {"Group": 54, "Chld_Rt": 0.340142101888213, "Med_Income": 18647.05769230769, "Bay_Ld_Est": 10.332917224942163}}, {"type": "Feature", "geometry": {"type": "MultiPolygon", "coordinates": [[[[-9313306.381199999, 5287171.335700871], [-9313305.3855, 5287126.547802825], [-9313322.616499998, 5287126.132598171], [-9313324.107699994, 5287170.741939266], [-9313306.381199999, 5287171.335700871]]], [[[-9313173.540599996, 5287175.118377767], [-9313171.903800001, 5287131.345324656], [-9313189.543000001, 5287130.587354464], [-9313190.353699997, 5287174.630235789], [-9313173.540599996, 5287175.118377767]]], [[[-9313146.786899999, 5287132.8662470905], [-9313148.906999994, 5287175.961441531], [-9313127.010299996, 5287176.322042833], [-9313125.221099999, 5287133.135676747], [-9313146.786899999, 5287132.8662470905]]], [[[-9313073.394299999, 5287246.496814383], [-9313063.401199996, 5287246.570648489], [-9313051.499400001, 5287246.940317168], [-9313045.5891, 5287247.082604731], [-9313031.189499997, 5287247.234059287], [-9313010.6271, 5287247.923874986], [-9313009.001099998, 5287204.566821218], [-9313029.474700002, 5287203.907495731], [-9313044.123599995, 5287203.555064979], [-9313050.2853, 5287203.406699304], [-9313061.86, 5287203.294802297], [-9313072.3465, 5287202.959011617], [-9313079.2557, 5287202.792909829], [-9313097.323299997, 5287202.524476568], [-9313114.887399998, 5287202.101599526], [-9313116.097899996, 5287245.468916253], [-9313098.6148, 5287245.806400836], [-9313094.369499996, 5287245.90863266], [-9313081.636000002, 5287246.215029205], [-9313073.394299999, 5287246.496814383]]], [[[-9313382.327400003, 5287286.024560269], [-9313338.2734, 5287286.646321084], [-9313337.343600001, 5287267.1242272435], [-9313337.098, 5287261.969690653], [-9313336.325199999, 5287245.745420443], [-9313335.4493, 5287227.35664569], [-9313379.938400002, 5287227.119400106], [-9313380.690699996, 5287244.50977051], [-9313381.591199996, 5287261.147053282], [-9313381.755800001, 5287267.973169884], [-9313382.327400003, 5287286.024560269]]], [[[-9313099.715899996, 5287402.291446933], [-9313097.659099998, 5287358.360853478], [-9313117.8893, 5287357.957107484], [-9313119.6945, 5287401.810379378], [-9313099.715899996, 5287402.291446933]]], [[[-9313219.637399996, 5287422.2271532845], [-9313237.788699998, 5287421.956527874], [-9313258.010999996, 5287421.219482156], [-9313259.583299996, 5287465.7450351715], [-9313239.5213, 5287466.22839449], [-9313221.118199999, 5287466.421798002], [-9313219.637399996, 5287422.2271532845]]], [[[-9313111.119599998, 5287512.717677303], [-9313104.210199997, 5287512.883978415], [-9313095.302999996, 5287513.098505865], [-9313094.0153, 5287469.981678099], [-9313102.498299995, 5287469.444412906], [-9313109.324499998, 5287469.2801046185], [-9313111.119599998, 5287512.717677303]]], [[[-9313085.843499996, 5287538.814996369], [-9313087.384799998, 5287582.092348362], [-9313069.819899995, 5287582.515125896], [-9313050.342399996, 5287583.067237662], [-9313048.1353, 5287539.805628956], [-9313067.697899995, 5287539.334924031], [-9313085.843499996, 5287538.814996369]]], [[[-9313166.755299997, 5287623.24654748], [-9313147.444199994, 5287623.794673623], [-9313128.4621, 5287624.168427701], [-9313126.7581, 5287581.061361098], [-9313145.987799997, 5287580.598428166], [-9313164.951899996, 5287579.4754720805], [-9313166.755299997, 5287623.24654748]]], [[[-9313089.392299997, 5287779.710814084], [-9313108.925, 5287780.1281114025], [-9313109.8029, 5287821.369104281], [-9313091.460299999, 5287820.644413856], [-9313089.392299997, 5287779.710814084]]], [[[-9313104.355100002, 5287893.792713027], [-9313083.872999998, 5287894.139564062], [-9313083.5531, 5287850.668798093], [-9313104.469699996, 5287851.397274899], [-9313104.355100002, 5287893.792713027]]], [[[-9313007.207299998, 5287022.697521731], [-9313026.521299995, 5287022.316095463], [-9313027.733199999, 5287065.765610118], [-9313008.342100002, 5287066.398729933], [-9313007.207299998, 5287022.697521731]]], [[[-9312989.972399998, 5287022.945628172], [-9312990.942600003, 5287066.734221651], [-9312972.9626, 5287067.166763826], [-9312972.410699999, 5287023.451406578], [-9312989.972399998, 5287022.945628172]]], [[[-9312993.942599995, 5287136.045198183], [-9312975.633599998, 5287136.652212048], [-9312974.657299995, 5287092.613516929], [-9312992.708800001, 5287091.6795805115], [-9312993.942599995, 5287136.045198183]]], [[[-9312914.057599997, 5287094.071167191], [-9312929.792199997, 5287093.776129772], [-9312931.013800003, 5287137.642346097], [-9312914.964099994, 5287138.69465623], [-9312909.638699993, 5287138.906094748], [-9312897.5665, 5287139.113049406], [-9312888.5744, 5287139.246070323], [-9312887.5868, 5287094.707874101], [-9312897.078299996, 5287094.562896235], [-9312908.230599998, 5287094.211461926], [-9312914.057599997, 5287094.071167191]]], [[[-9313011.179900002, 5287135.880292089], [-9313012.385699999, 5287179.080508389], [-9312994.8177, 5287179.336785419], [-9312993.942599995, 5287136.045198183], [-9313011.179900002, 5287135.880292089]]], [[[-9312955.742799997, 5287137.29728882], [-9312975.633599998, 5287136.652212048], [-9312977.003699994, 5287179.765342014], [-9312956.948299998, 5287180.497704445], [-9312955.742799997, 5287137.29728882]]], [[[-9312994.429199997, 5287291.293684287], [-9312977.697399998, 5287291.696234554], [-9312975.6772, 5287249.264546718], [-9312992.325699996, 5287248.864088912], [-9312994.429199997, 5287291.293684287]]], [[[-9313026.9241, 5287471.763062957], [-9313028.300600002, 5287515.1274990905], [-9313008.4902, 5287515.687283217], [-9312989.930599999, 5287516.300475005], [-9312988.302399997, 5287472.858816916], [-9313006.532999996, 5287472.420196475], [-9313026.9241, 5287471.763062957]]], [[[-9312916.131999997, 5287543.9810924465], [-9312947.679899998, 5287543.139024865], [-9312948.439499998, 5287560.862898512], [-9312948.9984, 5287577.175853305], [-9312916.784199998, 5287578.033963143], [-9312916.482, 5287562.255882178], [-9312916.131999997, 5287543.9810924465]]], [[[-9313051.881599996, 5287626.261689675], [-9313034.651500002, 5287626.759497025], [-9313032.947899997, 5287583.652330677], [-9313050.342399996, 5287583.067237662], [-9313051.881599996, 5287626.261689675]]], [[[-9312983.6294, 5287846.780599195], [-9312985.931499999, 5287894.215590303], [-9312966.345399998, 5287893.381095219], [-9312966.709299996, 5287845.984266721], [-9312983.6294, 5287846.780599195]]], [[[-9312906.623299997, 5287068.929017034], [-9312895.052599996, 5287069.207314728], [-9312884.809899997, 5287069.287027652], [-9312884.0369, 5287026.743051529], [-9312893.8632, 5287026.67350201], [-9312905.758799998, 5287026.054132711], [-9312910.751100002, 5287025.850864795], [-9312927.395300003, 5287025.283807078], [-9312928.759399997, 5287068.146734447], [-9312912.035799999, 5287068.882185692], [-9312906.623299997, 5287068.929017034]]], [[[-9312510.5842, 5287107.18155015], [-9312512.350799996, 5287191.1822248455], [-9312469.488899997, 5287192.544319364], [-9312467.363699999, 5287107.469413415], [-9312466.952099998, 5287090.320973546], [-9312510.0832, 5287089.785402415], [-9312510.5842, 5287107.18155015]]], [[[-9312886.211199997, 5287269.574702171], [-9312886.7917, 5287293.716259724], [-9312870.061800001, 5287294.201811085], [-9312853.908600003, 5287294.423612307], [-9312852.612000002, 5287250.891786405], [-9312869.0089, 5287250.414106703], [-9312885.659599999, 5287250.09694891], [-9312886.211199997, 5287269.574702171]]], [[[-9312731.5638, 5287436.967669061], [-9312733.036299996, 5287480.912613495], [-9312715.719199995, 5287481.24551465], [-9312714.504699996, 5287437.627492874], [-9312731.5638, 5287436.967669061]]], [[[-9312893.280799996, 5287476.976986506], [-9312913.432, 5287476.742331548], [-9312913.859400002, 5287484.062171297], [-9312914.293099998, 5287492.051201193], [-9312914.686899995, 5287518.526957038], [-9312894.376999995, 5287519.098797746], [-9312893.280799996, 5287476.976986506]]], [[[-9312826.560199998, 5287591.198755069], [-9312825.897800002, 5287546.317478749], [-9312841.4648, 5287545.943126851], [-9312879.174900003, 5287545.036491777], [-9312880.67, 5287589.897740185], [-9312860.520500002, 5287590.215695184], [-9312842.624699997, 5287590.729245831], [-9312835.808499996, 5287591.309655702], [-9312826.560199998, 5287591.198755069]]], [[[-9312685.295799999, 5287594.760628328], [-9312669.0667, 5287595.317124327], [-9312667.673799997, 5287551.20298528], [-9312683.653000003, 5287550.65246779], [-9312685.295799999, 5287594.760628328]]], [[[-9312899.573499996, 5287766.3686589245], [-9312899.009499995, 5287753.30410425], [-9312915.8634, 5287754.481464587], [-9312919.548600001, 5287814.201713666], [-9312900.956399998, 5287813.482603142], [-9312899.573499996, 5287766.3686589245]]], [[[-9312794.338199995, 5287758.069942497], [-9312811.336599994, 5287758.327714268], [-9312813.495099997, 5287810.00452753], [-9312796.8176, 5287809.239283131], [-9312794.338199995, 5287758.069942497]]], [[[-9312554.529599998, 5287832.504805309], [-9312570.791299997, 5287832.249225629], [-9312571.236100001, 5287878.155819814], [-9312554.4089, 5287877.940196239], [-9312554.529599998, 5287832.504805309]]], [[[-9312609.116799997, 5287832.957375626], [-9312623.364199996, 5287833.299643146], [-9312623.245599998, 5287880.525885441], [-9312608.7357, 5287879.4382020775], [-9312609.116799997, 5287832.957375626]]]]}, "properties": {"Group": 55, "Chld_Rt": 0.03131926835444, "Med_Income": 27088.91489361702, "Bay_Ld_Est": 9.265386153830597}}, {"type": "Feature", "geometry": {"type": "MultiPolygon", "coordinates": [[[[-9318906.701999998, 5288507.421550555], [-9318907.192700002, 5288531.818312373], [-9318861.600299995, 5288532.2743703835], [-9318861.217899999, 5288507.9881107025], [-9318906.701999998, 5288507.421550555]]], [[[-9318861.930799998, 5288553.259216858], [-9318907.618200002, 5288552.967367621], [-9318908.1491, 5288579.363731029], [-9318862.3525, 5288580.037604847], [-9318861.930799998, 5288553.259216858]]], [[[-9318909.185800001, 5288630.903370967], [-9318868.5028, 5288631.240158418], [-9318868.130199999, 5288604.790087329], [-9318908.649899999, 5288604.258899788], [-9318909.185800001, 5288630.903370967]]], [[[-9318866.339299997, 5288746.763243898], [-9318865.904300002, 5288733.193996334], [-9318865.522599999, 5288721.285669198], [-9318864.892200002, 5288701.624653864], [-9318911.605499996, 5288700.996814262], [-9318911.856499998, 5288720.234254564], [-9318912.1834, 5288745.303001109], [-9318866.339299997, 5288746.763243898]]], [[[-9318938.318099996, 5288809.2567545585], [-9318937.8125, 5288788.9390022615], [-9318937.384899996, 5288767.954351264], [-9318959.201299999, 5288767.519417113], [-9318980.687000003, 5288767.337073598], [-9318999.509099996, 5288767.343948837], [-9318999.930600002, 5288787.579098184], [-9319000.525099995, 5288808.56245417], [-9318938.318099996, 5288809.2567545585]]], [[[-9318914.390399998, 5288840.884489436], [-9318914.8145, 5288861.537236526], [-9318915.243699996, 5288882.436895029], [-9318871.447100002, 5288883.379800446], [-9318852.631000001, 5288883.784941894], [-9318850.806799999, 5288842.466892542], [-9318869.751599997, 5288841.995390031], [-9318868.956799997, 5288822.591945556], [-9318868.274799997, 5288805.9437818555], [-9318913.658599999, 5288805.248086483], [-9318913.988699997, 5288821.318131492], [-9318914.390399998, 5288840.884489436]]], [[[-9319036.466399996, 5289078.777858415], [-9319020.058100002, 5289078.66735622], [-9319007.984499997, 5289079.01968784], [-9319007.5016, 5289061.366439129], [-9319007.3587, 5289044.543202621], [-9319007.0502, 5289027.804661431], [-9319069.092900002, 5289027.194458174], [-9319069.488399997, 5289044.34860319], [-9319069.795100002, 5289060.837443518], [-9319070.358599998, 5289078.156794228], [-9319052.622800002, 5289078.640552725], [-9319036.466399996, 5289078.777858415]]], [[[-9319160.299700001, 5289077.225745974], [-9319159.9618, 5289057.072497258], [-9319224.1694, 5289056.359663464], [-9319224.593499998, 5289076.845215881], [-9319182.284300001, 5289076.872019391], [-9319173.540699998, 5289077.02975155], [-9319165.295199998, 5289077.016499256], [-9319160.299700001, 5289077.225745974]]], [[[-9318873.018599998, 5289063.430508524], [-9318918.5711, 5289062.719667533], [-9318918.785199994, 5289077.460500873], [-9318918.999299997, 5289092.201932216], [-9318873.496399997, 5289092.487205247], [-9318873.269000001, 5289078.663968418], [-9318873.018599998, 5289063.430508524]]], [[[-9319110.982699996, 5289144.443465828], [-9319128.1364, 5289144.0477902265], [-9319136.7149, 5289143.933800587], [-9319137.8018, 5289182.945462296], [-9319129.300499996, 5289183.01780188], [-9319112.064199997, 5289183.497475123], [-9319110.982699996, 5289144.443465828]]], [[[-9319028.9574, 5289185.119735159], [-9319012.7197, 5289185.5074394755], [-9318994.985000001, 5289186.157698614], [-9318994.932799999, 5289179.994684778], [-9318994.538599998, 5289163.006839311], [-9318994.313299997, 5289146.2673998205], [-9319011.801599994, 5289146.035634146], [-9319027.625599995, 5289145.984518169], [-9319028.9574, 5289185.119735159]]], [[[-9319130.551000003, 5289251.722075883], [-9319131.421, 5289295.2761889165], [-9319119.677500002, 5289295.292629729], [-9319114.263499996, 5289295.255264236], [-9319113.3088, 5289251.535447717], [-9319130.551000003, 5289251.722075883]]], [[[-9319140.962099997, 5289457.448112066], [-9319120.0587, 5289457.709271978], [-9319119.2734, 5289414.320358803], [-9319124.8505, 5289413.93972896], [-9319141.423199996, 5289413.715635639], [-9319140.962099997, 5289457.448112066]]], [[[-9319016.218100002, 5289460.257299908], [-9319015.014799997, 5289416.621973654], [-9319025.672299998, 5289416.198398405], [-9319036.496999994, 5289415.856628674], [-9319037.2014, 5289459.579240694], [-9319016.218100002, 5289460.257299908]]], [[[-9319193.453999998, 5289684.894099792], [-9319193.3985, 5289668.568663336], [-9319193.159599999, 5289660.074637734], [-9319212.315299997, 5289659.911624498], [-9319212.794800002, 5289706.469439492], [-9319193.559299998, 5289707.049551393], [-9319193.453999998, 5289684.894099792]]], [[[-9318818.885499999, 5288508.515412195], [-9318840.700400002, 5288508.243790143], [-9318841.2578, 5288543.251647917], [-9318819.404799996, 5288543.3237881875], [-9318818.885499999, 5288508.515412195]]], [[[-9318650.019299997, 5288607.646005059], [-9318695.933499997, 5288607.0452679135], [-9318696.372800002, 5288632.750221715], [-9318650.438799998, 5288633.294262999], [-9318650.019299997, 5288607.646005059]]], [[[-9318736.264200002, 5288606.517468182], [-9318736.742799997, 5288642.820067141], [-9318716.466800002, 5288642.9071536], [-9318715.947899997, 5288606.783410695], [-9318736.264200002, 5288606.517468182]]], [[[-9318547.947599998, 5288782.6833239375], [-9318527.1303, 5288783.031171625], [-9318526.2271, 5288736.145071772], [-9318547.0916, 5288735.778391905], [-9318547.947599998, 5288782.6833239375]]], [[[-9318702.577199997, 5288784.689501302], [-9318654.948799998, 5288785.8971535135], [-9318653.822699998, 5288752.419878733], [-9318701.579800002, 5288751.1025215145], [-9318702.577199997, 5288784.689501302]]], [[[-9318745.368399998, 5288807.827300852], [-9318767.601499999, 5288807.4867269825], [-9318768.6365, 5288844.511132968], [-9318746.606499996, 5288845.059060349], [-9318725.8378, 5288845.5757003585], [-9318724.6338, 5288808.144757956], [-9318745.368399998, 5288807.827300852]]], [[[-9318568.8801, 5288849.80457578], [-9318590.034499995, 5288849.457226289], [-9318590.294799997, 5288868.144848214], [-9318590.578399997, 5288888.510628859], [-9318569.681399997, 5288889.059751952], [-9318550.695100002, 5288889.558755471], [-9318529.7163, 5288890.109971031], [-9318509.236200001, 5288890.647834661], [-9318508.168499999, 5288850.801486746], [-9318528.781299999, 5288850.463104974], [-9318550.105199996, 5288850.112965533], [-9318568.8801, 5288849.80457578]]], [[[-9318533.9722, 5289116.892547219], [-9318516.988899998, 5289117.280052229], [-9318500.417199995, 5289117.658190946], [-9318499.3712, 5289071.451732275], [-9318516.065899996, 5289070.996670498], [-9318532.9207, 5289070.537124845], [-9318549.409, 5289070.087642962], [-9318567.430000002, 5289069.596311757], [-9318568.444, 5289116.1058791885], [-9318550.124700002, 5289116.523974066], [-9318533.9722, 5289116.892547219]]], [[[-9318632.305699997, 5289114.648326291], [-9318584.679799998, 5289115.7352135535], [-9318584.202699997, 5289089.489696165], [-9318631.929399999, 5289088.747667434], [-9318632.305699997, 5289114.648326291]]], [[[-9318551.448299998, 5289185.679719279], [-9318535.246000001, 5289186.107877958], [-9318534.2536, 5289142.82529113], [-9318550.906499999, 5289142.482325786], [-9318551.448299998, 5289185.679719279]]], [[[-9318502.714799996, 5289231.5511879455], [-9318501.4824, 5289187.000265461], [-9318484.794899996, 5289187.441277864], [-9318484.039399996, 5289143.858870331], [-9318500.279900001, 5289143.524673415], [-9318517.3493, 5289143.173238543], [-9318518.0973, 5289186.561146246], [-9318518.865999999, 5289231.133391946], [-9318502.714799996, 5289231.5511879455]]], [[[-9318922.4586, 5289366.948385102], [-9318827.869800001, 5289369.132821683], [-9318827.513, 5289343.312169734], [-9318923.4219, 5289340.774903292], [-9318922.4586, 5289366.948385102]]], [[[-9318422.794600002, 5288784.773997099], [-9318401.810400002, 5288785.124335816], [-9318400.910499997, 5288738.346147384], [-9318421.894599998, 5288737.977673972], [-9318422.794600002, 5288784.773997099]]], [[[-9318423.889799993, 5288814.604701007], [-9318446.786900003, 5288814.165880831], [-9318447.353999997, 5288851.799593417], [-9318424.535799997, 5288852.1739457045], [-9318423.889799993, 5288814.604701007]]], [[[-9318467.441199997, 5288891.745781922], [-9318447.963799996, 5288892.257340249], [-9318447.353999997, 5288851.799593417], [-9318466.8804, 5288851.479047436], [-9318467.441199997, 5288891.745781922]]], [[[-9318468.513799999, 5288960.750757902], [-9318469.104299998, 5289002.084355049], [-9318448.869599998, 5289002.471561094], [-9318448.319700003, 5288961.044400774], [-9318447.754999995, 5288918.490199214], [-9318467.905999998, 5288918.197253846], [-9318468.513799999, 5288960.750757902]]], [[[-9318371.1458, 5288919.603391618], [-9318390.880699998, 5288919.316624011], [-9318405.2036, 5288919.108573024], [-9318425.521399999, 5288918.813435541], [-9318426.128399996, 5288961.367138895], [-9318406.230900003, 5288961.656497188], [-9318391.319100002, 5288961.873316626], [-9318372.550199999, 5288962.146134451], [-9318371.908499997, 5288942.709308358], [-9318371.1458, 5288919.603391618]]], [[[-9318451.500300001, 5289072.756435375], [-9318435.3914, 5289073.195454917], [-9318434.371199997, 5289026.222855949], [-9318450.525599996, 5289025.988997838], [-9318451.500300001, 5289072.756435375]]], [[[-9318400.479099998, 5289026.71329039], [-9318417.7144, 5289026.463788591], [-9318418.613399994, 5289073.652708819], [-9318401.380299997, 5289074.122318244], [-9318400.479099998, 5289026.71329039]]], [[[-9318306.912799995, 5289030.2156817475], [-9318307.222300002, 5289054.61733581], [-9318307.486299999, 5289075.438181158], [-9318285.458499996, 5289075.957113019], [-9318284.183900002, 5289030.668053202], [-9318306.912799995, 5289030.2156817475]]], [[[-9318467.529699998, 5289118.40848992], [-9318452.458999999, 5289118.752152752], [-9318451.500300001, 5289072.756435375], [-9318466.859199997, 5289072.337842304], [-9318467.529699998, 5289118.40848992]]], [[[-9318453.8635, 5289188.258635474], [-9318436.9624, 5289188.705227789], [-9318436.162999997, 5289144.844123497], [-9318453.065900002, 5289144.496275713], [-9318453.8635, 5289188.258635474]]], [[[-9318378.195199996, 5289168.847314162], [-9318377.460099999, 5289146.051875685], [-9318401.106899997, 5289145.565526496], [-9318401.7016, 5289189.636674693], [-9318399.2888, 5289189.700445122], [-9318378.885199998, 5289190.239404929], [-9318378.195199996, 5289168.847314162]]], [[[-9318470.080099998, 5289232.395448732], [-9318454.675199999, 5289232.794013963], [-9318453.8635, 5289188.258635474], [-9318469.267999995, 5289187.851501109], [-9318470.080099998, 5289232.395448732]]], [[[-9318288.992699994, 5289237.239610475], [-9318287.525299998, 5289190.423442413], [-9318309.342799997, 5289190.026172546], [-9318309.636700002, 5289211.845525578], [-9318309.972099997, 5289236.7455888875], [-9318288.992699994, 5289237.239610475]]]]}, "properties": {"Group": 56, "Chld_Rt": 0.103769120398112, "Med_Income": 26898.178571428572, "Bay_Ld_Est": 9.537081339712918}}, {"type": "Feature", "geometry": {"type": "MultiPolygon", "coordinates": [[[[-9319508.948499998, 5286583.092759666], [-9319497.277699996, 5286610.465067624], [-9319496.004199997, 5286613.452009023], [-9319491.440499997, 5286624.15535692], [-9319472.182400001, 5286615.9033794785], [-9319489.080099996, 5286574.693811869], [-9319508.948499998, 5286583.092759666]]], [[[-9319800.876799997, 5286871.185012108], [-9319797.264799995, 5286869.644161744], [-9319793.746499997, 5286868.143167854], [-9319786.454499997, 5286865.032172662], [-9319781.5167, 5286862.925659646], [-9319797.996000001, 5286825.970560774], [-9319801.737099996, 5286827.565715488], [-9319817.336499995, 5286834.216660713], [-9319800.876799997, 5286871.185012108]]], [[[-9319489.686299998, 5286867.785256928], [-9319495.503299996, 5286870.164886265], [-9319502.8591, 5286873.1743471585], [-9319496.436200002, 5286887.117129837], [-9319486.548799999, 5286908.58032676], [-9319474.1837, 5286903.327445815], [-9319465.2469, 5286899.530919584], [-9319425.911299996, 5286882.820106287], [-9319441.534099996, 5286857.768633643], [-9319474.960900001, 5286874.433810984], [-9319484.6741, 5286879.276469312], [-9319489.686299998, 5286867.785256928]]], [[[-9319854.0495, 5286895.741667172], [-9319837.589599999, 5286934.879406989], [-9319812.425799996, 5286924.062166712], [-9319814.082099998, 5286921.500791846], [-9319835.6856, 5286888.09341359], [-9319854.0495, 5286895.741667172]]], [[[-9319583.279299997, 5286906.073355996], [-9319588.418000001, 5286908.175584502], [-9319572.355399998, 5286945.032240281], [-9319566.691599999, 5286942.6263055485], [-9319552.923999999, 5286936.777570503], [-9319535.7265, 5286929.4719825275], [-9319533.1201, 5286928.364670659], [-9319542.0001, 5286906.6518723825], [-9319548.1192, 5286891.689860413], [-9319561.753999995, 5286897.267671032], [-9319568.037299998, 5286899.838113176], [-9319581.174499996, 5286905.212257369], [-9319583.279299997, 5286906.073355996]]], [[[-9319756.058900002, 5286976.379738871], [-9319738.896799996, 5287015.835037411], [-9319719.9519, 5287007.776859487], [-9319700.8379, 5286999.646840364], [-9319680.433299998, 5286990.967798652], [-9319692.961700002, 5286948.962584677], [-9319717.8491, 5286959.7767362995], [-9319736.952, 5286968.07744042], [-9319756.058900002, 5286976.379738871]]], [[[-9319530.0863, 5287001.890659096], [-9319514.347099997, 5286995.4154799525], [-9319509.305700002, 5286993.341549385], [-9319526.201100001, 5286953.843306208], [-9319546.263300002, 5286962.291479174], [-9319530.0863, 5287001.890659096]]], [[[-9319635.275599997, 5287045.165302863], [-9319611.129699996, 5287035.231679273], [-9319605.898199998, 5287033.079530345], [-9319622.238499995, 5286994.284054882], [-9319648.044299997, 5287005.150518458], [-9319635.275599997, 5287045.165302863]]], [[[-9319575.305299995, 5287065.346818408], [-9319556.550499994, 5287057.4006368285], [-9319538.117399998, 5287049.590764386], [-9319554.139499998, 5287011.786219495], [-9319567.6932, 5287017.362137463], [-9319571.619700002, 5287018.977718841], [-9319587.061699998, 5287025.330339484], [-9319591.3153, 5287027.080237127], [-9319575.305299995, 5287065.346818408]]], [[[-9319659.076299997, 5287054.864670204], [-9319688.017499998, 5287067.384180806], [-9319671.305099996, 5287106.586393597], [-9319646.087300003, 5287095.759984919], [-9319659.076299997, 5287054.864670204]]], [[[-9319590.7163, 5287098.961953007], [-9319614.860099997, 5287109.352929931], [-9319601.510099998, 5287149.836130586], [-9319578.455199996, 5287139.957009896], [-9319573.972199997, 5287138.035928625], [-9319590.7163, 5287098.961953007]]], [[[-9319542.704799999, 5287170.853537362], [-9319524.234099995, 5287162.765665418], [-9319505.135899996, 5287154.402783962], [-9319521.413299998, 5287115.514140391], [-9319535.945400001, 5287121.741213672], [-9319541.5115, 5287124.126323733], [-9319554.6888, 5287129.77298739], [-9319559.305199996, 5287131.75116304], [-9319542.704799999, 5287170.853537362]]], [[[-9319459.999599997, 5287162.03111088], [-9319478.830200002, 5287170.266750629], [-9319463.4356, 5287206.896730243], [-9319449.573600002, 5287201.074199622], [-9319444.483699996, 5287198.936299109], [-9319459.999599997, 5287162.03111088]]], [[[-9319646.8515, 5287172.171092254], [-9319656.568099996, 5287176.484956115], [-9319639.8498, 5287214.830856165], [-9319611.333799995, 5287202.137868902], [-9319624.510199998, 5287162.252015301], [-9319646.8515, 5287172.171092254]]], [[[-9319526.395999998, 5287233.342089711], [-9319540.277299996, 5287239.17259178], [-9319545.72, 5287241.458858038], [-9319530.4832, 5287279.212692252], [-9319511.0142, 5287271.048594148], [-9319491.886999996, 5287263.027780073], [-9319507.424899997, 5287225.373786762], [-9319502.647599997, 5287223.367213258], [-9319488.1319, 5287217.270071547], [-9319472.618299995, 5287254.947679575], [-9319453.4309, 5287246.901457122], [-9319469.603599997, 5287209.487499805], [-9319481.6609, 5287214.5520602185], [-9319497.885499999, 5287178.600636626], [-9319517.622399999, 5287187.232549333], [-9319535.872199995, 5287195.213805401], [-9319520.509599997, 5287230.8697934495], [-9319526.395999998, 5287233.342089711]]], [[[-9319695.272700002, 5287193.668570442], [-9319704.425899995, 5287197.732335093], [-9319714.954799997, 5287202.406800369], [-9319698.411399996, 5287240.897180853], [-9319677.838, 5287231.739760341], [-9319695.272700002, 5287193.668570442]]], [[[-9319607.9349, 5287318.440419587], [-9319579.222599994, 5287304.920509335], [-9319591.801900001, 5287264.385091901], [-9319603.895299997, 5287225.415038199], [-9319640.367099999, 5287241.488152536], [-9319624.2813, 5287279.655298269], [-9319607.9349, 5287318.440419587]]], [[[-9319523.5372, 5287392.355827787], [-9319497.555499997, 5287381.512278424], [-9319513.388799997, 5287343.043615544], [-9319536.702399999, 5287352.773076755], [-9319523.5372, 5287392.355827787]]], [[[-9319458.021199998, 5287440.905687306], [-9319454.113499999, 5287439.2052111365], [-9319470.251299994, 5287397.276805993], [-9319489.482399998, 5287405.308382141], [-9319473.765899999, 5287447.757313002], [-9319458.021199998, 5287440.905687306]]], [[[-9319319.414199999, 5286550.442263912], [-9319303.14, 5286588.858093522], [-9319283.121799998, 5286580.451772238], [-9319299.718299998, 5286542.002264201], [-9319317.006300002, 5286501.950528456], [-9319336.470899997, 5286510.179388432], [-9319355.271699999, 5286518.127360212], [-9319338.227799999, 5286558.503926435], [-9319319.414199999, 5286550.442263912]]], [[[-9319280.348399999, 5286533.701961348], [-9319264.260899996, 5286572.531301027], [-9319244.583799997, 5286564.268164115], [-9319225.028799998, 5286556.056143144], [-9319241.4299, 5286517.024931108], [-9319260.870700002, 5286525.355425083], [-9319280.348399999, 5286533.701961348]]], [[[-9319200.845399994, 5286616.897498792], [-9319216.867399996, 5286579.496811908], [-9319234.8606, 5286587.046717907], [-9319219.1081, 5286624.518349467], [-9319200.845399994, 5286616.897498792]]], [[[-9319437.305799998, 5286645.197964379], [-9319417.770399997, 5286636.99461168], [-9319433.9234, 5286599.509727477], [-9319453.177299999, 5286607.759811623], [-9319437.305799998, 5286645.197964379]]], [[[-9319276.4829, 5286648.460513165], [-9319257.4325, 5286640.510946341], [-9319273.321999999, 5286603.184591038], [-9319291.871899998, 5286610.96795627], [-9319276.4829, 5286648.460513165]]], [[[-9319427.154399998, 5286667.729210345], [-9319411.472, 5286704.789127169], [-9319392.6258, 5286696.924952431], [-9319408.0911, 5286659.730819258], [-9319427.154399998, 5286667.729210345]]], [[[-9319360.466899998, 5286827.086441687], [-9319365.441, 5286820.63756869], [-9319371.814100001, 5286812.374928412], [-9319376.661799999, 5286806.089965118], [-9319377.558599994, 5286804.083292613], [-9319381.921899999, 5286794.318761857], [-9319426.025399998, 5286812.260540406], [-9319420.408299997, 5286821.353589789], [-9319414.734800002, 5286830.538010138], [-9319409.1969, 5286839.503020816], [-9319404.572099999, 5286846.989656196], [-9319399.4328, 5286855.309391074], [-9319391.1064, 5286868.788244493], [-9319350.707499994, 5286852.208160746], [-9319356.4408, 5286837.450015129], [-9319359.889799995, 5286828.571991177], [-9319360.466899998, 5286827.086441687]]], [[[-9319325.6831, 5286840.600268854], [-9319306.541999996, 5286832.430294687], [-9319322.561299996, 5286795.90554667], [-9319326.903400002, 5286797.792450538], [-9319341.269400002, 5286804.0357637955], [-9319325.6831, 5286840.600268854]]], [[[-9319253.6759, 5286928.514431272], [-9319233.836799998, 5286920.048323116], [-9319249.925099995, 5286881.648824864], [-9319254.476099998, 5286883.5810655635], [-9319270.064400002, 5286890.199926648], [-9319253.6759, 5286928.514431272]]], [[[-9319304.1645, 5286916.116683481], [-9319348.270799996, 5286937.481036881], [-9319332.876599997, 5286962.312104883], [-9319290.869299999, 5286944.3861671975], [-9319304.1645, 5286916.116683481]]], [[[-9319302.859499997, 5287011.452720625], [-9319260.690499995, 5286991.301995016], [-9319272.390299996, 5286963.889025446], [-9319318.431099996, 5286983.54832055], [-9319302.859499997, 5287011.452720625]]], [[[-9319199.453499999, 5287022.770160125], [-9319180.990099996, 5287014.835736465], [-9319196.9374, 5286975.809293378], [-9319198.465700002, 5286976.467223788], [-9319215.360999994, 5286983.739631521], [-9319199.453499999, 5287022.770160125]]], [[[-9319409.189599998, 5287112.3885969985], [-9319389.4103, 5287103.727290658], [-9319371.396699997, 5287095.839099982], [-9319388.153599996, 5287058.410001564], [-9319401.879700001, 5287064.2918180255], [-9319404.832199996, 5287065.55716086], [-9319407.0711, 5287066.5166054005], [-9319420.201999996, 5287072.143340574], [-9319437.726599999, 5287033.115700083], [-9319456.4879, 5287041.190717505], [-9319439.655999998, 5287080.479716951], [-9319425.420499995, 5287074.3796863295], [-9319409.189599998, 5287112.3885969985]]], [[[-9319395.7481, 5287222.712271964], [-9319377.396900002, 5287215.016587268], [-9319357.775299998, 5287206.788221035], [-9319373.740199996, 5287169.220817517], [-9319387.1269, 5287174.843966047], [-9319402.787499998, 5287137.0092262635], [-9319421.989799995, 5287145.4073805595], [-9319441.502100002, 5287153.941246169], [-9319425.9761, 5287191.162396255], [-9319410.9971, 5287184.870555898], [-9319395.7481, 5287222.712271964]]], [[[-9319231.1588, 5287178.5854911655], [-9319223.001599995, 5287207.195952621], [-9319174.565099994, 5287192.684813388], [-9319188.056500003, 5287160.560905753], [-9319231.1588, 5287178.5854911655]]], [[[-9319447.003099997, 5287269.719480779], [-9319466.863600003, 5287277.943961412], [-9319450.181999996, 5287316.665312335], [-9319436.3401, 5287310.888516514], [-9319430.6486, 5287308.513270586], [-9319447.003099997, 5287269.719480779]]], [[[-9319412.236599997, 5287300.829044122], [-9319416.9163, 5287302.7822100865], [-9319401.278599996, 5287341.329787579], [-9319382.4187, 5287333.458135888], [-9319398.047699997, 5287294.90756941], [-9319412.236599997, 5287300.829044122]]], [[[-9319154.978100002, 5286597.756940827], [-9319170.624199994, 5286560.093500905], [-9319196.210199999, 5286570.829331369], [-9319180.469100002, 5286608.394425823], [-9319154.978100002, 5286597.756940827]]], [[[-9319184.843999997, 5286654.249462252], [-9319164.7461, 5286645.916177487], [-9319180.469100002, 5286608.394425823], [-9319200.845399994, 5286616.897498792], [-9319184.843999997, 5286654.249462252]]], [[[-9319054.531, 5286679.419005689], [-9319059.300200002, 5286681.491740062], [-9319073.485399997, 5286687.656834486], [-9319078.162, 5286689.689513152], [-9319092.809, 5286696.055185167], [-9319076.3433, 5286734.170999684], [-9319056.4072, 5286725.661050707], [-9319037.538399996, 5286717.606561316], [-9319018.393699998, 5286709.434395819], [-9319000.207399996, 5286701.671157507], [-9319015.869499996, 5286662.615827926], [-9319020.6323, 5286664.685871963], [-9319036.5102, 5286671.586716249], [-9319039.621099997, 5286672.938646843], [-9319054.531, 5286679.419005689]]], [[[-9319006.028099997, 5286778.086227281], [-9319021.414600002, 5286784.619894671], [-9319004.5511, 5286822.198945056], [-9318985.485199997, 5286814.062251139], [-9318965.759000001, 5286805.643572903], [-9318982.068799999, 5286767.912271354], [-9318967.5058, 5286761.728444038], [-9318984.6516, 5286721.835031246], [-9319004.596600002, 5286730.450500122], [-9318987.865299998, 5286770.373805514], [-9319001.219399998, 5286776.044281852], [-9319006.028099997, 5286778.086227281]]], [[[-9319152.714200001, 5286766.770184874], [-9319168.892800001, 5286729.12188552], [-9319170.2182, 5286729.697910795], [-9319173.692799998, 5286731.208071522], [-9319188.307199998, 5286737.559395414], [-9319172.002199998, 5286775.00323146], [-9319152.714200001, 5286766.770184874]]], [[[-9319041.870399997, 5286838.125781228], [-9319022.9847, 5286830.066109787], [-9319039.561099999, 5286792.325241981], [-9319044.9133, 5286794.598055912], [-9319061.4156, 5286754.994199187], [-9319080.445699995, 5286763.214391987], [-9319063.418299997, 5286802.455754564], [-9319058.1889, 5286800.235152574], [-9319041.870399997, 5286838.125781228]]], [[[-9319102.194999998, 5286818.921150744], [-9319118.878300002, 5286779.815498874], [-9319138.652899997, 5286788.357034441], [-9319120.883599997, 5286826.856569627], [-9319115.368399998, 5286824.514704354], [-9319102.194999998, 5286818.921150744]]], [[[-9318841.080599997, 5286838.452803381], [-9318855.500399997, 5286844.9084520675], [-9318834.410799999, 5286881.963790455], [-9318819.988799995, 5286875.794211265], [-9318841.080599997, 5286838.452803381]]], [[[-9318989.0288, 5286886.313922725], [-9319004.232599998, 5286849.381840283], [-9319024.1544, 5286857.889099775], [-9319008.091499995, 5286894.519768034], [-9319005.078700002, 5286893.22263986], [-9318989.0288, 5286886.313922725]]], [[[-9318902.3289, 5286895.080149736], [-9318901.807399996, 5286871.442385124], [-9318946.883600002, 5286868.171465922], [-9318930.134899996, 5286907.030409028], [-9318902.3289, 5286895.080149736]]], [[[-9319047.149700003, 5286911.332813275], [-9319061.842000002, 5286917.657234956], [-9319045.377699997, 5286956.557231685], [-9319027.002399998, 5286948.660273499], [-9319007.448199997, 5286940.256640196], [-9319024.224499997, 5286901.464455661], [-9319026.308799999, 5286902.36162436], [-9319041.948999995, 5286865.487831517], [-9319062.893999998, 5286874.43181815], [-9319047.149700003, 5286911.332813275]]], [[[-9318787.7168, 5286933.090350504], [-9318807.958699996, 5286898.136342381], [-9318821.239399994, 5286903.802933276], [-9318834.104899999, 5286909.336304009], [-9318814.074400002, 5286943.875705688], [-9318800.9994, 5286938.522784896], [-9318787.7168, 5286933.090350504]]], [[[-9318903.468899999, 5286933.127317358], [-9318906.6065, 5286928.612278869], [-9318912.424099995, 5286926.745900874], [-9318951.573700001, 5286943.361756739], [-9318942.285999997, 5286963.957877461], [-9318904.085999994, 5286963.614115549], [-9318903.468899999, 5286933.127317358]]], [[[-9319103.387200002, 5286981.486645867], [-9319119.1572, 5286942.329076067], [-9319122.940999994, 5286943.957610695], [-9319133.446599998, 5286948.4798234], [-9319138.3734, 5286950.600585233], [-9319122.357999995, 5286989.639283419], [-9319112.1391, 5286985.247700079], [-9319103.387200002, 5286981.486645867]]], [[[-9318972.429899996, 5286998.461210508], [-9318968.386199998, 5286996.783851645], [-9318953.369899997, 5286990.55498543], [-9318970.301299997, 5286951.309830805], [-9318988.768199999, 5286959.147303262], [-9318972.429899996, 5286998.461210508]]], [[[-9319046.460899998, 5286983.632218394], [-9319066.458399998, 5286992.119151951], [-9319049.336099999, 5287030.362515817], [-9319044.791899996, 5287028.477504788], [-9319029.260700002, 5287022.035207103], [-9319046.460899998, 5286983.632218394]]], [[[-9318971.673399996, 5287042.567857664], [-9318988.1813, 5287004.995078277], [-9318991.871499995, 5287006.525865039], [-9319007.1935, 5287012.8815745115], [-9318990.701399997, 5287050.62374405], [-9318971.673399996, 5287042.567857664]]], [[[-9318960.3945, 5287109.713730515], [-9318953.203199996, 5287106.701180206], [-9318945.581699999, 5287085.095792102], [-9318941.458900003, 5287085.014285643], [-9318949.4719, 5287060.784051348], [-9318954.627499996, 5287062.940185969], [-9318975.920099998, 5287071.845214285], [-9318960.3945, 5287109.713730515]]], [[[-9318994.197499994, 5287079.488985088], [-9319014.219300002, 5287087.86242802], [-9318998.561400002, 5287125.702347717], [-9318991.514099995, 5287122.750080248], [-9318978.2434, 5287117.190801908], [-9318994.197499994, 5287079.488985088]]], [[[-9319056.3167, 5287149.896214196], [-9319068.617699996, 5287155.04915608], [-9319052.2224, 5287193.542424749], [-9319032.8617, 5287185.289945489], [-9319049.418299995, 5287147.00652132], [-9319056.3167, 5287149.896214196]]]]}, "properties": {"Group": 57, "Chld_Rt": 0.200734270525905, "Med_Income": 37223.045454545456, "Bay_Ld_Est": 10.090791386776647}}, {"type": "Feature", "geometry": {"type": "MultiPolygon", "coordinates": [[[[-9317883.729999999, 5289876.0784455], [-9317883.065999998, 5289923.024570618], [-9317866.625899997, 5289922.9401743915], [-9317849.017, 5289922.8496003905], [-9317849.096700002, 5289876.953695178], [-9317883.729999999, 5289876.0784455]]], [[[-9317824.227999998, 5289928.097810431], [-9317807.1913, 5289928.064032004], [-9317807.323900001, 5289883.4208177235], [-9317824.659999995, 5289881.7032000385], [-9317824.227999998, 5289928.097810431]]], [[[-9317771.607899996, 5290020.242256932], [-9317719.804599997, 5290020.101065101], [-9317719.829199996, 5290001.691326362], [-9317771.7375, 5290002.084511178], [-9317771.607899996, 5290020.242256932]]], [[[-9317771.628799995, 5290120.570255998], [-9317771.697199998, 5290101.12474375], [-9317823.6788, 5290101.18323324], [-9317823.678699998, 5290120.834903483], [-9317823.678500002, 5290139.329538376], [-9317771.562999995, 5290139.231491273], [-9317771.628799995, 5290120.570255998]]], [[[-9317901.948600002, 5290139.402475865], [-9317849.0216, 5290139.004906788], [-9317849.1286, 5290121.26316212], [-9317849.247200001, 5290101.605513376], [-9317902.054099998, 5290102.088475119], [-9317901.9993, 5290121.449591134], [-9317901.948600002, 5290139.402475865]]], [[[-9317771.430799996, 5290176.673432629], [-9317771.486499999, 5290160.888943013], [-9317823.678399997, 5290161.323578709], [-9317823.678399997, 5290176.730826054], [-9317823.6782, 5290195.222871068], [-9317771.365599995, 5290195.208024494], [-9317771.430799996, 5290176.673432629]]], [[[-9317953.168100001, 5290177.528953495], [-9317953.162299996, 5290195.851608173], [-9317901.789100002, 5290195.791325141], [-9317901.841099998, 5290177.42672144], [-9317953.168100001, 5290177.528953495]]], [[[-9318030.017899998, 5290253.177786404], [-9317977.356400002, 5290252.995243386], [-9317977.434100002, 5290177.111356483], [-9318029.962600002, 5290177.210200742], [-9318029.977000002, 5290197.078392853], [-9318081.841600003, 5290197.632299286], [-9318081.628700001, 5290226.285075227], [-9318029.998000002, 5290225.937027882], [-9318030.017899998, 5290253.177786404]]], [[[-9317823.678099997, 5290214.802103456], [-9317823.678, 5290233.3734635515], [-9317823.677900001, 5290251.950005263], [-9317823.677799996, 5290271.0291383965], [-9317771.098499998, 5290270.969054641], [-9317771.166299997, 5290251.76576835], [-9317771.231699994, 5290233.189425919], [-9317771.298099998, 5290214.365674205], [-9317823.678099997, 5290214.802103456]]], [[[-9317770.870299999, 5290335.731174241], [-9317752.045399996, 5290335.66431485], [-9317735.054299999, 5290335.603932169], [-9317719.642899998, 5290335.549229048], [-9317719.7255, 5290289.236708589], [-9317734.8658, 5290289.375309751], [-9317752.106900001, 5290289.533141715], [-9317771.032399997, 5290289.706218801], [-9317770.870299999, 5290335.731174241]]], [[[-9317803.995899998, 5290290.007733637], [-9317804.103799997, 5290335.849149649], [-9317785.6137, 5290335.783585596], [-9317785.838700002, 5290289.841531802], [-9317803.995899998, 5290290.007733637]]], [[[-9317898.644, 5290360.720338495], [-9317900.804499999, 5290411.230554265], [-9317884.146899996, 5290411.382308111], [-9317882.062299997, 5290411.401339613], [-9317881.988799995, 5290360.753917649], [-9317898.644, 5290360.720338495]]], [[[-9317736.998699998, 5289890.387940631], [-9317753.536999999, 5289888.749637458], [-9317753.383800002, 5289927.957714694], [-9317736.892099999, 5289927.924932672], [-9317736.998699998, 5289890.387940631]]], [[[-9317625.239, 5289946.075004991], [-9317608.247999994, 5289945.960218139], [-9317608.935099997, 5289903.134860168], [-9317625.5203, 5289901.48659283], [-9317641.151299998, 5289899.932984782], [-9317658.8641, 5289898.172421638], [-9317675.7526, 5289896.493664061], [-9317675.2957, 5289946.413287408], [-9317658.388199994, 5289946.29899877], [-9317641.1171, 5289946.182318735], [-9317625.239, 5289946.075004991]]], [[[-9317565.265999999, 5290001.313884875], [-9317513.477499997, 5290001.377057493], [-9317513.4327, 5290009.789080475], [-9317513.382899998, 5290019.16184559], [-9317461.2705, 5290018.932072599], [-9317461.398500001, 5290001.440230112], [-9317461.5405, 5289982.033480142], [-9317461.678199999, 5289963.209034583], [-9317479.4428, 5289963.329002795], [-9317496.517099999, 5289963.44428785], [-9317513.678699996, 5289963.559971469], [-9317513.5788, 5289982.3426673], [-9317565.318299994, 5289982.649761978], [-9317565.265999999, 5290001.313884875]]], [[[-9317589.532699997, 5290001.6429006485], [-9317641.075599996, 5290002.156153323], [-9317693.969799997, 5290002.682459014], [-9317693.9156, 5290020.2568045575], [-9317641.062499998, 5290019.941539275], [-9317589.4548, 5290019.63354781], [-9317589.532699997, 5290001.6429006485]]], [[[-9317513.382899998, 5290019.16184559], [-9317565.215199996, 5290019.390323236], [-9317565.1606, 5290038.794981303], [-9317513.281500002, 5290038.235395381], [-9317513.382899998, 5290019.16184559]]], [[[-9317565.0574, 5290075.527971406], [-9317513.083999999, 5290075.341841321], [-9317513.1852, 5290056.309044314], [-9317565.111, 5290056.453524286], [-9317565.0574, 5290075.527971406]]], [[[-9317771.495999997, 5290158.218354824], [-9317719.9601, 5290157.872599251], [-9317719.993599996, 5290139.134141642], [-9317771.562999995, 5290139.231491273], [-9317771.495999997, 5290158.218354824]]], [[[-9317641.166299997, 5290287.993682282], [-9317641.190699998, 5290270.628380746], [-9317693.755100003, 5290270.48519607], [-9317693.774099996, 5290288.14115153], [-9317674.898099996, 5290288.088241955], [-9317675.247599997, 5290335.003592799], [-9317658.423499996, 5290334.969316159], [-9317641.100099998, 5290334.934043104], [-9317641.166299997, 5290287.993682282]]], [[[-9317693.319599997, 5290412.923760506], [-9317674.133899998, 5290413.156223893], [-9317673.581800003, 5290359.941342093], [-9317693.4057, 5290360.028428668], [-9317693.319599997, 5290412.923760506]]], [[[-9317572.7359, 5290524.645286367], [-9317556.230300002, 5290524.8226480875], [-9317555.6037, 5290483.661481705], [-9317572.041199997, 5290483.388763174], [-9317572.7359, 5290524.645286367]]], [[[-9317307.064599998, 5289796.958030309], [-9317306.952599999, 5289818.022012464], [-9317265.211099999, 5289817.857903157], [-9317265.186599996, 5289796.65850842], [-9317307.064599998, 5289796.958030309]]], [[[-9317306.764699996, 5289983.397072205], [-9317288.730999999, 5289983.3760478785], [-9317267.575899998, 5289983.351237182], [-9317267.595500002, 5289963.805288505], [-9317288.6268, 5289963.993012832], [-9317306.851299994, 5289964.1554282475], [-9317306.764699996, 5289983.397072205]]], [[[-9317332.967999997, 5290000.734071771], [-9317332.979, 5289980.739537407], [-9317350.469199998, 5289980.886906977], [-9317367.9594, 5289981.034276553], [-9317385.575799998, 5289981.182642537], [-9317385.4509, 5290000.839791252], [-9317332.967999997, 5290000.734071771]]], [[[-9317385.4509, 5290000.839791252], [-9317437.5333, 5290000.944514325], [-9317437.555799998, 5290018.517763801], [-9317385.3404, 5290018.287094045], [-9317385.4509, 5290000.839791252]]], [[[-9317332.948000003, 5290037.048965613], [-9317332.958399998, 5290018.0554278605], [-9317385.3404, 5290018.287094045], [-9317385.2198, 5290037.278140762], [-9317367.078899996, 5290037.198726584], [-9317349.503500002, 5290037.121604173], [-9317332.948000003, 5290037.048965613]]], [[[-9317207.8584, 5290034.964368548], [-9317188.216999998, 5290034.56699878], [-9317188.293900002, 5290020.823166087], [-9317207.9309, 5290020.929383794], [-9317227.921100002, 5290021.0371957505], [-9317225.7337, 5290035.325967083], [-9317207.8584, 5290034.964368548]]], [[[-9317287.035899999, 5290073.735024578], [-9317287.140699996, 5290021.356845253], [-9317266.485199997, 5290021.245545843], [-9317247.000999998, 5290021.14032456], [-9317247.258799996, 5290003.732081157], [-9317306.671500001, 5290004.135728323], [-9317306.593500001, 5290021.46206653], [-9317306.358099997, 5290073.771393686], [-9317287.035899999, 5290073.735024578]]], [[[-9317251.957099998, 5290099.611390584], [-9317270.615, 5290099.690605481], [-9317270.388799999, 5290151.368010172], [-9317251.564599998, 5290151.173709481], [-9317251.957099998, 5290099.611390584]]], [[[-9317383.9495, 5290212.700068874], [-9317331.933599995, 5290212.388490279], [-9317332.018499997, 5290192.645746423], [-9317384.0809, 5290192.999274031], [-9317383.9495, 5290212.700068874]]], [[[-9317271.650599994, 5290228.889501686], [-9317289.474599998, 5290228.965328792], [-9317305.635, 5290229.0339817], [-9317305.487399995, 5290281.758423213], [-9317288.9907, 5290281.604277998], [-9317271.208600001, 5290281.438175795], [-9317250.966499995, 5290281.2491561], [-9317232.269899998, 5290281.074285461], [-9317232.921799997, 5290228.7245951975], [-9317251.575899996, 5290228.804109022], [-9317271.650599994, 5290228.889501686]]], [[[-9317511.921399998, 5290288.159884115], [-9317495.2328, 5290288.073196119], [-9317477.407100001, 5290287.980629255], [-9317460.016399996, 5290287.890055244], [-9317460.083599996, 5290269.150300421], [-9317511.994299997, 5290269.503728415], [-9317511.921399998, 5290288.159884115]]], [[[-9317383.143799998, 5290333.562778281], [-9317365.0633, 5290333.56995247], [-9317365.383199994, 5290286.62012577], [-9317383.4569, 5290286.583955934], [-9317383.143799998, 5290333.562778281]]], [[[-9317510.7596, 5290414.604411955], [-9317495.288699996, 5290414.773901967], [-9317495.500199998, 5290358.967148196], [-9317510.9926, 5290359.084625396], [-9317510.7596, 5290414.604411955]]], [[[-9317435.280100001, 5290415.591758559], [-9317434.992099999, 5290440.332020138], [-9317434.749599999, 5290461.151692023], [-9317402.600099994, 5290460.675705058], [-9317402.9188, 5290443.117096883], [-9317402.968899997, 5290440.361314723], [-9317403.2349, 5290425.705161087], [-9317403.416399997, 5290415.708737548], [-9317423.3117, 5290415.635700407], [-9317435.280100001, 5290415.591758559]]]]}, "properties": {"Group": 58, "Chld_Rt": 0.032685714192327, "Med_Income": 26335.32, "Bay_Ld_Est": 4.70891072278968}}, {"type": "Feature", "geometry": {"type": "MultiPolygon", "coordinates": [[[[-9318551.090400001, 5284888.980493561], [-9318493.650299996, 5284925.259174331], [-9318486.5835, 5284914.568594494], [-9318484.571899995, 5284911.163264562], [-9318476.896099996, 5284898.170380498], [-9318534.865499998, 5284862.3021216495], [-9318541.574999997, 5284873.3117514495], [-9318543.340400001, 5284875.797096194], [-9318545.193, 5284878.8646431435], [-9318551.090400001, 5284888.980493561]]], [[[-9318491.212299999, 5284969.982329406], [-9318454.0717, 5284992.384112648], [-9318461.650699995, 5285004.409184797], [-9318425.922, 5285026.878525225], [-9318418.0957, 5285014.694425865], [-9318410.430199996, 5285001.676829805], [-9318446.742499998, 5284979.863526028], [-9318483.634499999, 5284957.630136246], [-9318491.212299999, 5284969.982329406]]], [[[-9318483.968099998, 5285210.633948331], [-9318488.513800003, 5285218.70935298], [-9318490.0368, 5285221.415004643], [-9318459.532499997, 5285240.524653589], [-9318452.634199997, 5285230.165477122], [-9318483.968099998, 5285210.633948331]]], [[[-9318450.864000002, 5285347.483890413], [-9318483.522699999, 5285326.860593353], [-9318492.532100001, 5285341.534525133], [-9318460.207499998, 5285362.32203081], [-9318450.864000002, 5285347.483890413]]], [[[-9318436.730700001, 5285398.533965327], [-9318427.212699998, 5285382.531419676], [-9318460.207499998, 5285362.32203081], [-9318469.9736, 5285378.073181956], [-9318480.466999998, 5285394.893580972], [-9318446.496300003, 5285414.201817029], [-9318436.730700001, 5285398.533965327]]], [[[-9318499.0992, 5285424.411732732], [-9318489.255599996, 5285409.493779176], [-9318480.466999998, 5285394.893580972], [-9318513.473199997, 5285375.5967042865], [-9318522.2556, 5285390.033491016], [-9318531.013599997, 5285404.459417032], [-9318499.0992, 5285424.411732732]]], [[[-9318623.468099995, 5285442.272783125], [-9318593.3657, 5285460.0024072565], [-9318584.729600001, 5285445.758724038], [-9318598.9518, 5285436.4195709955], [-9318614.324800001, 5285426.230380514], [-9318619.5586, 5285436.181827525], [-9318623.468099995, 5285442.272783125]]], [[[-9318426.070799997, 5285496.098362367], [-9318441.5424, 5285486.716562604], [-9318455.654199999, 5285478.261324725], [-9318464.7046, 5285492.742253565], [-9318450.696999999, 5285501.198288668], [-9318435.016299998, 5285510.734631759], [-9318426.070799997, 5285496.098362367]]], [[[-9318581.280599998, 5285560.237686565], [-9318547.8313, 5285580.180040561], [-9318537.238099998, 5285563.189950463], [-9318533.124600003, 5285556.550869035], [-9318525.822599998, 5285544.814750733], [-9318559.272799997, 5285524.742465388], [-9318548.0642, 5285506.551004244], [-9318581.0921, 5285487.282125014], [-9318602.783099996, 5285523.399304416], [-9318570.5855, 5285542.960730231], [-9318581.280599998, 5285560.237686565]]], [[[-9318647.552199999, 5285548.811750732], [-9318679.5338, 5285530.289281778], [-9318686.7349, 5285541.608202982], [-9318654.544099998, 5285560.285314973], [-9318647.552199999, 5285548.811750732]]], [[[-9318775.120000001, 5285622.65491802], [-9318784.035499996, 5285607.9048573235], [-9318849.3239, 5285651.474989907], [-9318852.333599996, 5285653.483553806], [-9318847.381599994, 5285666.023078738], [-9318844.2346, 5285664.134482612], [-9318775.120000001, 5285622.65491802]]], [[[-9318534.791699994, 5285738.951049753], [-9318515.640699998, 5285739.251666766], [-9318495.240399998, 5285739.594631219], [-9318475.360800002, 5285739.9158739215], [-9318454.6484, 5285740.2565466445], [-9318432.0243, 5285703.662977407], [-9318447.704399997, 5285694.282571113], [-9318452.199199999, 5285691.583992979], [-9318462.129899997, 5285685.647280536], [-9318476.869099999, 5285676.806231281], [-9318491.503499998, 5285668.094615789], [-9318504.047699999, 5285660.538138837], [-9318512.790099999, 5285674.4966517845], [-9318560.9725, 5285646.597661084], [-9318569.509600002, 5285660.190291995], [-9318522.046299998, 5285689.343763608], [-9318530.3758, 5285702.8827881], [-9318552.693999998, 5285738.641365412], [-9318534.791699994, 5285738.951049753]]], [[[-9318396.742799995, 5284900.203953114], [-9318434.291999994, 5284876.717579488], [-9318442.757699998, 5284890.585510345], [-9318405.334199999, 5284913.993367143], [-9318402.971299998, 5284910.06791132], [-9318396.742799995, 5284900.203953114]]], [[[-9318335.7398, 5285047.647990838], [-9318327.238400001, 5285034.136573738], [-9318357.9072, 5285014.776928592], [-9318365.735199997, 5285027.2108278945], [-9318335.7398, 5285047.647990838]]], [[[-9318299.830400001, 5285103.841721086], [-9318294.7116, 5285106.934776677], [-9318264.429999998, 5285125.232050954], [-9318257.105700001, 5285113.377264145], [-9318249.194499996, 5285100.943662934], [-9318279.2275, 5285081.6499791285], [-9318284.171200002, 5285078.47412193], [-9318290.452799996, 5285088.510759329], [-9318292.420499995, 5285091.654532136], [-9318298.566200001, 5285101.602588783], [-9318299.830400001, 5285103.841721086]]], [[[-9318187.075299997, 5285135.0890359925], [-9318192.710699996, 5285143.458779666], [-9318151.594499996, 5285169.05087125], [-9318142.838399999, 5285154.791447949], [-9318125.411799999, 5285126.605004169], [-9318165.947499998, 5285101.350297797], [-9318170.493699996, 5285108.728613418], [-9318183.706500001, 5285129.450950146], [-9318187.075299997, 5285135.0890359925]]], [[[-9318166.494700002, 5285193.008651719], [-9318157.989899999, 5285178.9972346015], [-9318198.7368, 5285153.399861841], [-9318203.753000002, 5285160.880409402], [-9318194.411799999, 5285166.647131919], [-9318198.491599994, 5285172.974235413], [-9318192.270699998, 5285176.869201867], [-9318166.494700002, 5285193.008651719]]], [[[-9318218.114300001, 5285169.4257206675], [-9318250.444500001, 5285149.471814622], [-9318256.674099999, 5285159.502673383], [-9318241.005899996, 5285169.101488879], [-9318254.577399997, 5285191.512542179], [-9318238.0237, 5285201.358268293], [-9318218.114300001, 5285169.4257206675]]], [[[-9318360.941500003, 5285199.843226937], [-9318348.214799998, 5285207.753825305], [-9318328.812799996, 5285175.515379674], [-9318341.631400002, 5285167.754541912], [-9318360.941500003, 5285199.843226937]]], [[[-9318277.381299997, 5285240.865724739], [-9318262.307499994, 5285215.910038782], [-9318285.354299998, 5285201.847704869], [-9318300.676799998, 5285226.635196537], [-9318277.381299997, 5285240.865724739]]], [[[-9318287.841999998, 5285309.145817543], [-9318273.915899998, 5285284.846764485], [-9318296.152899997, 5285271.809636089], [-9318320.039399996, 5285257.805392268], [-9318334.608899996, 5285282.015365748], [-9318319.3493, 5285290.529290904], [-9318303.930700002, 5285300.126612752], [-9318287.841999998, 5285309.145817543]]], [[[-9318421.5579, 5285299.06533641], [-9318412.210499998, 5285283.64429687], [-9318428.782599997, 5285273.280735839], [-9318438.211199997, 5285288.581608205], [-9318447.954499999, 5285304.3929416165], [-9318431.327399997, 5285315.315588585], [-9318421.5579, 5285299.06533641]]], [[[-9318197.334299996, 5285319.343476584], [-9318201.634399999, 5285327.223186966], [-9318204.4934, 5285331.366260011], [-9318146.7066, 5285366.231545443], [-9318139.213799998, 5285354.127853184], [-9318197.334299996, 5285319.343476584]]], [[[-9318300.2417, 5285444.312135789], [-9318274.782699998, 5285403.649136318], [-9318295.7848, 5285390.900567096], [-9318320.655299999, 5285432.022413033], [-9318300.2417, 5285444.312135789]]], [[[-9318317.363399997, 5285518.369226401], [-9318338.957900003, 5285553.3416309375], [-9318345.9504, 5285564.659356655], [-9318350.166799998, 5285571.455372738], [-9318337.518700002, 5285578.958640876], [-9318326.310199996, 5285560.818892655], [-9318323.278700002, 5285562.617612427], [-9318312.681799999, 5285546.199661318], [-9318301.263999999, 5285528.214456782], [-9318317.363399997, 5285518.369226401]]], [[[-9318226.724299999, 5285545.872838753], [-9318235.666799994, 5285560.847489631], [-9318196.0486, 5285584.567434217], [-9318190.717399994, 5285587.75405386], [-9318181.878499996, 5285572.831913505], [-9318226.724299999, 5285545.872838753]]], [[[-9318249.014400002, 5285683.180367825], [-9318239.448699998, 5285668.018490051], [-9318284.303200003, 5285639.914039674], [-9318293.763599997, 5285655.257064522], [-9318249.014400002, 5285683.180367825]]], [[[-9318281.864399998, 5285772.017426793], [-9318298.1728, 5285762.147483568], [-9318325.615999995, 5285808.378336111], [-9318310.251699999, 5285817.266715757], [-9318281.864399998, 5285772.017426793]]], [[[-9318296.638899997, 5285856.505957261], [-9318286.9711, 5285841.056911963], [-9318330.870099997, 5285815.598525403], [-9318340.023699997, 5285830.237090139], [-9318296.638899997, 5285856.505957261]]], [[[-9318393.0913, 5285915.530425176], [-9318384.1436, 5285901.1537161525], [-9318375.0925, 5285886.724097892], [-9318420.670599999, 5285859.378210082], [-9318429.8247, 5285873.964663044], [-9318438.566099994, 5285888.053708051], [-9318447.616799999, 5285902.587351576], [-9318402.1411, 5285930.142386872], [-9318393.0913, 5285915.530425176]]], [[[-9317875.3676, 5285165.605983159], [-9317898.8517, 5285205.503034831], [-9317885.829899998, 5285213.417718526], [-9317862.253699997, 5285173.545975422], [-9317875.3676, 5285165.605983159]]], [[[-9318097.268299999, 5285203.876993399], [-9318056.840399995, 5285227.48035148], [-9318048.499499999, 5285213.05133856], [-9318088.409399996, 5285189.5332734315], [-9318097.268299999, 5285203.876993399]]], [[[-9318109.948200002, 5285278.324762657], [-9318092.030399999, 5285248.052232215], [-9318109.275499998, 5285237.693454243], [-9318127.302099997, 5285268.373715426], [-9318109.948200002, 5285278.324762657]]], [[[-9317862.905499997, 5285427.873361201], [-9317846.824999997, 5285401.67455038], [-9317871.527599996, 5285386.103051701], [-9317866.0163, 5285376.976732274], [-9317840.848699998, 5285392.140998033], [-9317819.302399999, 5285357.987148728], [-9317807.848599996, 5285338.750256461], [-9317857.607, 5285308.692650249], [-9317847.485799996, 5285291.439910037], [-9317841.507899998, 5285281.6568574235], [-9317863.482400002, 5285268.934893537], [-9317878.4042, 5285259.674657433], [-9317890.922200002, 5285251.929462808], [-9317904.247, 5285273.463477434], [-9317916.2684, 5285266.383884624], [-9317929.504499996, 5285258.621153143], [-9317943.1765, 5285250.641403604], [-9317957.665899996, 5285242.304441136], [-9317971.5282, 5285234.125808252], [-9317984.157199997, 5285226.730453332], [-9317995.523499997, 5285245.301243846], [-9318005.038800001, 5285261.054386383], [-9318013.955199994, 5285275.937563521], [-9318046.6127, 5285256.952963494], [-9318054.041599998, 5285269.456912756], [-9318032.805399997, 5285281.902173573], [-9318051.173200002, 5285314.186556344], [-9317956.921499994, 5285370.615251642], [-9317862.905499997, 5285427.873361201]]], [[[-9318029.590799995, 5285354.475002455], [-9318046.244899997, 5285381.891624751], [-9318054.8805, 5285396.10950024], [-9318039.513799999, 5285405.361267836], [-9318024.461, 5285414.381071215], [-9318015.929799994, 5285400.137886696], [-9317999.275899999, 5285372.695158087], [-9318014.224500002, 5285363.674657508], [-9318029.590799995, 5285354.475002455]]], [[[-9318078.986799998, 5285401.076405386], [-9318124.041099997, 5285373.989793728], [-9318133.291799996, 5285389.46085413], [-9318088.341799999, 5285416.496549561], [-9318078.986799998, 5285401.076405386]]], [[[-9318051.9096, 5285459.570363809], [-9318080.866400002, 5285442.094226431], [-9318097.801099997, 5285431.9174910365], [-9318103.867099999, 5285441.849408457], [-9318106.436899997, 5285446.109460409], [-9318060.545099996, 5285473.81444575], [-9318051.9096, 5285459.570363809]]], [[[-9318027.256899996, 5285472.031170452], [-9317981.369200002, 5285499.163419767], [-9317973.039199997, 5285485.83214892], [-9318019.1321, 5285459.117595042], [-9318027.256899996, 5285472.031170452]]], [[[-9317854.636699999, 5285524.104364289], [-9317851.346299998, 5285518.79808136], [-9317839.3167, 5285499.246620017], [-9317825.7461, 5285477.029961021], [-9317843.726400001, 5285466.237144953], [-9317861.100799998, 5285494.70039887], [-9317872.410599995, 5285513.101504548], [-9317854.636699999, 5285524.104364289]]], [[[-9318016.435999999, 5285555.467771101], [-9318062.6388, 5285527.973126224], [-9318071.277700001, 5285541.775002057], [-9318080.329299998, 5285556.048379344], [-9318033.917099997, 5285583.671661383], [-9318025.176999995, 5285569.504600759], [-9318016.435999999, 5285555.467771101]]], [[[-9318022.702999996, 5285663.984223932], [-9318066.722200003, 5285636.342905166], [-9318069.808099998, 5285641.20538743], [-9318078.343599996, 5285654.902442095], [-9318033.4987, 5285681.627163398], [-9318025.170599997, 5285668.00932307], [-9318022.702999996, 5285663.984223932]]]]}, "properties": {"Group": 59, "Chld_Rt": 0.060652324311467, "Med_Income": 21742.090909090908, "Bay_Ld_Est": 1.972267481624032}}, {"type": "Feature", "geometry": {"type": "MultiPolygon", "coordinates": [[[[-9314311.952299997, 5289567.96499163], [-9314310.805199997, 5289524.415253681], [-9314327.792199995, 5289524.028545671], [-9314326.594199996, 5289476.564698656], [-9314343.247899998, 5289476.1822752515], [-9314344.527199997, 5289523.478525538], [-9314346.006499998, 5289566.940878026], [-9314329.189200003, 5289567.5751947565], [-9314311.952299997, 5289567.96499163]]], [[[-9314412.394, 5289522.099090985], [-9314413.537399996, 5289565.315827553], [-9314396.6335, 5289565.701539144], [-9314395.320499998, 5289522.23709423], [-9314412.394, 5289522.099090985]]], [[[-9314362.7449, 5289566.640559047], [-9314361.4297, 5289523.0096134525], [-9314378.667699996, 5289522.702917449], [-9314379.980700001, 5289566.167163085], [-9314362.7449, 5289566.640559047]]], [[[-9314278.4934, 5289524.917147039], [-9314279.893599998, 5289568.7133976845], [-9314262.1581, 5289569.193170689], [-9314261.006799998, 5289525.31013244], [-9314278.4934, 5289524.917147039]]], [[[-9314428.2645, 5289589.78116249], [-9314429.4501, 5289636.246109252], [-9314415.544099996, 5289636.593060387], [-9314414.275499996, 5289590.129010392], [-9314428.2645, 5289589.78116249]]], [[[-9314263.998299995, 5289640.55589601], [-9314265.079300001, 5289685.439935062], [-9314249.090199996, 5289685.730190279], [-9314247.761699999, 5289641.015940058], [-9314246.407300001, 5289594.3031851435], [-9314262.8103, 5289593.840849353], [-9314263.998299995, 5289640.55589601]]], [[[-9314282.068200001, 5289640.15523819], [-9314296.7236, 5289639.7988211345], [-9314297.888899999, 5289684.765064261], [-9314283.315699998, 5289685.037085124], [-9314282.068200001, 5289640.15523819]]], [[[-9314333.093699997, 5289708.215853311], [-9314334.279699994, 5289754.764801947], [-9314316.627200002, 5289755.243478978], [-9314315.689799996, 5289708.607842343], [-9314333.093699997, 5289708.215853311]]], [[[-9314234.854699995, 5289757.135269583], [-9314233.501499996, 5289710.505312436], [-9314249.739300001, 5289710.128369241], [-9314251.009399999, 5289756.759621711], [-9314252.4288, 5289802.056379245], [-9314236.1066, 5289802.351018721], [-9314234.854699995, 5289757.135269583]]], [[[-9314221.949899998, 5289918.488497396], [-9314220.7285, 5289875.604351937], [-9314238.299099995, 5289875.210370009], [-9314254.6195, 5289874.749130176], [-9314269.607199999, 5289874.305128294], [-9314270.829899998, 5289917.272573907], [-9314255.925399998, 5289917.71557938], [-9314239.4352, 5289917.929011168], [-9314221.949899998, 5289918.488497396]]], [[[-9314168.695399996, 5290968.848341294], [-9314171.802299999, 5290971.007471646], [-9314174.5967, 5290973.19011738], [-9314180.289499994, 5290977.530498498], [-9314182.152699998, 5290978.95098686], [-9314185.0514, 5290981.108423327], [-9314187.535399996, 5290983.002407824], [-9314194.161599994, 5290987.844583272], [-9314199.0275, 5290991.423404916], [-9314201.821799997, 5290993.606249969], [-9314206.584199997, 5290997.080149168], [-9314239.790799998, 5291024.9104026565], [-9314221.222899996, 5291025.097230371], [-9314151.924699996, 5291026.44358555], [-9314105.365, 5291027.347732016], [-9314119.961700002, 5290991.286198653], [-9314130.492099997, 5290965.270815049], [-9314138.467399998, 5290946.325988379], [-9314153.271200001, 5290957.29830426], [-9314155.859700002, 5290959.193085851], [-9314158.344599998, 5290960.982945017], [-9314162.0709, 5290963.823822092], [-9314164.244899996, 5290965.428946025], [-9314168.695399996, 5290968.848341294]]], [[[-9314007.538299995, 5289531.4210355], [-9314024.107699998, 5289530.957005824], [-9314039.763399996, 5289530.67133413], [-9314041.0023, 5289574.969777277], [-9314025.1811, 5289575.340841598], [-9314008.695900002, 5289575.8870753795], [-9314007.538299995, 5289531.4210355]]], [[[-9314075.642999995, 5289645.0755274305], [-9314074.0406, 5289598.4490617635], [-9314091.11, 5289597.978455742], [-9314092.713400003, 5289644.688121921], [-9314075.642999995, 5289645.0755274305]]], [[[-9314041.482199999, 5289599.203247019], [-9314042.913399996, 5289645.498604563], [-9314027.011100002, 5289646.037265623], [-9314025.826399997, 5289599.488819085], [-9314041.482199999, 5289599.203247019]]], [[[-9313975.949699996, 5289600.7998001315], [-9313977.215199996, 5289647.18055034], [-9313959.976999998, 5289647.486548894], [-9313943.740399998, 5289647.946194387], [-9313942.641699998, 5289601.563152388], [-9313958.7117, 5289601.105699023], [-9313975.949699996, 5289600.7998001315]]], [[[-9313833.5618, 5289604.387386365], [-9313835.071099998, 5289650.348646681], [-9313817.752799997, 5289650.905143561], [-9313816.656900002, 5289604.688801412], [-9313833.5618, 5289604.387386365]]], [[[-9313819.077299995, 5289695.453092714], [-9313804.2563, 5289695.894105313], [-9313802.932099994, 5289651.346255772], [-9313817.752799997, 5289650.905143561], [-9313819.077299995, 5289695.453092714]]], [[[-9313684.678700002, 5289698.602157682], [-9313669.357900001, 5289699.049547315], [-9313668.0386, 5289654.834798657], [-9313683.774500001, 5289654.2989275325], [-9313684.678700002, 5289698.602157682]]], [[[-9313857.7171, 5289836.730373745], [-9313859.1636, 5289884.276238767], [-9313841.762699997, 5289884.917331244], [-9313840.480800001, 5289837.202574105], [-9313857.7171, 5289836.730373745]]], [[[-9313760.528300002, 5289928.615248003], [-9313709.813699998, 5289929.685595492], [-9313708.6182, 5289888.633654909], [-9313724.524300002, 5289888.345392469], [-9313742.091800002, 5289887.7023071535], [-9313759.245, 5289887.23130247], [-9313760.528300002, 5289928.615248003]]], [[[-9313559.130899994, 5290044.220354151], [-9313517.902399994, 5290044.483805934], [-9313501.8271, 5290044.586536187], [-9313484.502900003, 5290044.697038457], [-9313484.2009, 5290002.333116397], [-9313501.313, 5290002.179469403], [-9313517.4302, 5290002.034690505], [-9313517.5441, 5290012.279915351], [-9313517.730399998, 5290029.021358841], [-9313558.9556, 5290028.476719123], [-9313559.130899994, 5290044.220354151]]], [[[-9313452.095799997, 5290113.885216583], [-9313451.1203, 5290070.646142092], [-9313468.1114, 5290070.524978196], [-9313484.353, 5290070.409294561], [-9313485.2435, 5290113.557396452], [-9313468.711099999, 5290113.720907961], [-9313452.095799997, 5290113.885216583]]], [[[-9313369.1244, 5290182.873418142], [-9313385.616800003, 5290182.768396124], [-9313385.926399997, 5290226.382723786], [-9313369.434299994, 5290226.4697107095], [-9313369.1244, 5290182.873418142]]], [[[-9313336.949600002, 5290226.640894605], [-9313352.443399997, 5290226.559288314], [-9313352.9147, 5290269.630870829], [-9313337.0903, 5290269.707993253], [-9313336.949600002, 5290226.640894605]]]]}, "properties": {"Group": 60, "Chld_Rt": 0.039764845339635, "Med_Income": 20894.472222222223, "Bay_Ld_Est": 9.846447819689253}}, {"type": "Feature", "geometry": {"type": "MultiPolygon", "coordinates": [[[[-9318808.930299995, 5287841.39608841], [-9318788.5249, 5287841.755294927], [-9318787.912399996, 5287800.455014901], [-9318808.314099997, 5287800.0958083905], [-9318808.930299995, 5287841.39608841]]], [[[-9318895.559699994, 5287953.477496248], [-9318873.695299998, 5287953.763067944], [-9318873.095999997, 5287909.4718543105], [-9318851.798899997, 5287909.840028555], [-9318851.4855, 5287889.937096675], [-9318851.109899996, 5287866.084288226], [-9318874.836899998, 5287865.650948649], [-9318893.786199996, 5287865.304795107], [-9318894.271799998, 5287889.449153706], [-9318894.667, 5287909.098697991], [-9318895.040499996, 5287927.66673694], [-9318895.559699994, 5287953.477496248]]], [[[-9318747.672099994, 5287911.639847633], [-9318747.048899997, 5287867.984346297], [-9318766.984399999, 5287867.620456625], [-9318767.691799998, 5287911.293893379], [-9318747.672099994, 5287911.639847633]]], [[[-9318790.202299997, 5287954.853142763], [-9318768.401599998, 5287955.13771806], [-9318767.691799998, 5287911.293893379], [-9318789.550600002, 5287910.916153571], [-9318790.202299997, 5287954.853142763]]], [[[-9318852.889299998, 5287979.0880768765], [-9318853.226800002, 5288000.516317804], [-9318853.529100003, 5288019.72236073], [-9318853.5585, 5288021.582363261], [-9318853.827299997, 5288038.652796367], [-9318854.174099999, 5288060.675697041], [-9318833.578299996, 5288060.971432166], [-9318823.246999996, 5288061.119797938], [-9318812.2115, 5288061.278327109], [-9318791.785099998, 5288061.571571221], [-9318791.178000001, 5288020.637963857], [-9318811.6004, 5288020.338043791], [-9318814.379300002, 5288020.29739018], [-9318815.010399994, 5287979.644473391], [-9318832.279399997, 5287979.390786882], [-9318852.889299998, 5287979.0880768765]]], [[[-9318728.553499999, 5288021.557253674], [-9318728.017899998, 5287980.921774071], [-9318748.656899996, 5287980.618765153], [-9318749.236999998, 5288021.253746545], [-9318728.553499999, 5288021.557253674]]], [[[-9318922.131199997, 5288029.593118247], [-9318921.6947, 5288007.860771872], [-9318985.3597, 5288006.930421873], [-9318985.8155, 5288027.96268907], [-9318922.131199997, 5288029.593118247]]], [[[-9318922.959299998, 5288070.812895488], [-9318986.716699997, 5288069.551338029], [-9318987.166, 5288090.290461774], [-9318987.601499997, 5288110.383711472], [-9318923.768899998, 5288111.108601347], [-9318923.385799998, 5288092.048730717], [-9318922.959299998, 5288070.812895488]]], [[[-9318875.3814, 5288084.946205038], [-9318898.1973, 5288084.610812708], [-9318898.674700001, 5288108.34136539], [-9318899.051399997, 5288127.075210174], [-9318876.365500001, 5288127.423456242], [-9318875.3814, 5288084.946205038]]], [[[-9318813.8396, 5288170.385961595], [-9318813.2129, 5288128.39236748], [-9318812.578399997, 5288085.86938093], [-9318833.969799994, 5288085.555012882], [-9318854.561000003, 5288085.252402504], [-9318854.9313, 5288108.764442008], [-9318855.230199998, 5288127.747788414], [-9318834.646599999, 5288128.063551445], [-9318835.3165, 5288170.133072162], [-9318813.8396, 5288170.385961595]]], [[[-9318793.402400002, 5288170.626395872], [-9318771.895199994, 5288170.879683862], [-9318751.376699999, 5288171.121214188], [-9318750.780299999, 5288129.349819969], [-9318750.1726, 5288086.786279426], [-9318770.5286, 5288086.487355758], [-9318771.217599994, 5288129.036547967], [-9318792.780599998, 5288128.705838761], [-9318793.402400002, 5288170.626395872]]], [[[-9318988.525399998, 5288153.02377727], [-9318988.965599997, 5288173.337334667], [-9318925.038400002, 5288174.310331231], [-9318924.638700001, 5288154.414071242], [-9318988.525399998, 5288153.02377727]]], [[[-9318856.928300003, 5288235.58201357], [-9318878.312700002, 5288235.212543895], [-9318877.524, 5288194.255316078], [-9318900.396199996, 5288193.933773838], [-9318900.850100001, 5288216.499422929], [-9318901.218599996, 5288234.816270721], [-9318901.568599999, 5288252.218810848], [-9318857.193099994, 5288252.402648919], [-9318856.928300003, 5288235.58201357]]], [[[-9318836.364399998, 5288235.937633118], [-9318835.709999997, 5288194.842900394], [-9318856.282199994, 5288194.553841182], [-9318856.624100002, 5288216.264568557], [-9318856.928300003, 5288235.58201357], [-9318836.364399998, 5288235.937633118]]], [[[-9318794.3818, 5288236.663320205], [-9318772.966399996, 5288237.033288072], [-9318773.610299995, 5288276.79342748], [-9318752.891099997, 5288277.184917881], [-9318752.322900001, 5288237.390103329], [-9318751.7322, 5288196.022453216], [-9318772.297699997, 5288195.733692947], [-9318793.770199997, 5288195.432178598], [-9318794.3818, 5288236.663320205]]], [[[-9318796.623299995, 5288387.793167609], [-9318796.076199995, 5288350.911859466], [-9318816.529499996, 5288350.639938519], [-9318817.079099998, 5288387.47262173], [-9318796.623299995, 5288387.793167609]]], [[[-9318860.102899998, 5288437.1784565635], [-9318859.6945, 5288411.252103797], [-9318904.752500001, 5288410.502004516], [-9318905.276599996, 5288436.563470797], [-9318860.102899998, 5288437.1784565635]]], [[[-9318611.665600002, 5287714.181584867], [-9318612.047200002, 5287738.744433644], [-9318568.000799997, 5287739.420698418], [-9318546.852899998, 5287739.745130128], [-9318546.131799996, 5287693.284934413], [-9318558.207499998, 5287693.084057777], [-9318557.778499998, 5287644.170199571], [-9318566.095800001, 5287643.892499589], [-9318578.250299998, 5287643.486561408], [-9318579.438200003, 5287692.730730136], [-9318586.765199995, 5287692.608968592], [-9318611.3241, 5287692.200240447], [-9318611.665600002, 5287714.181584867]]], [[[-9318681.3481, 5287711.226825041], [-9318681.984, 5287737.686842045], [-9318661.419999996, 5287737.975004363], [-9318661.455299998, 5287691.751655821], [-9318680.870399997, 5287691.355183533], [-9318681.3481, 5287711.226825041]]], [[[-9318492.099399997, 5287694.183697931], [-9318505.547199998, 5287693.960003469], [-9318524.610999998, 5287693.64284556], [-9318525.537600001, 5287740.072052889], [-9318506.4707, 5287740.364699063], [-9318483.824199997, 5287740.712048271], [-9318463.091399996, 5287741.030102935], [-9318462.4999, 5287694.6759253945], [-9318483.0669, 5287694.333956839], [-9318492.099399997, 5287694.183697931]]], [[[-9318568.432, 5287764.387194144], [-9318589.913899997, 5287764.06326062], [-9318612.561699996, 5287763.721790253], [-9318612.848699998, 5287785.5382297225], [-9318613.0976, 5287804.440064903], [-9318590.994099995, 5287804.827868434], [-9318569.053500002, 5287805.212483459], [-9318568.767999995, 5287786.465391043], [-9318568.432, 5287764.387194144]]], [[[-9318485.9123, 5287847.253197402], [-9318485.1294, 5287806.683685724], [-9318495.203299994, 5287806.507221155], [-9318493.998899994, 5287765.508855063], [-9318506.737699999, 5287765.316846478], [-9318525.719199998, 5287765.030876252], [-9318526.467399998, 5287805.959194584], [-9318507.234099997, 5287806.296380385], [-9318507.725499997, 5287846.852938705], [-9318485.9123, 5287847.253197402]]], [[[-9318746.095299998, 5287801.191164047], [-9318746.684900003, 5287842.49174304], [-9318726.1979, 5287842.852344535], [-9318725.653499994, 5287801.550968418], [-9318746.095299998, 5287801.191164047]]], [[[-9318569.339799996, 5287824.0180655345], [-9318569.6701, 5287845.7160326075], [-9318549.354999997, 5287846.088889984], [-9318548.614800002, 5287805.570892845], [-9318569.053500002, 5287805.212483459], [-9318569.339799996, 5287824.0180655345]]], [[[-9318592.4377, 5287912.503637241], [-9318593.165100003, 5287957.031598504], [-9318571.679199997, 5287957.320159443], [-9318550.614699999, 5287957.603140461], [-9318549.8027, 5287913.111050019], [-9318570.824899998, 5287912.8116282], [-9318592.4377, 5287912.503637241]]], [[[-9318508.2588, 5287913.702719492], [-9318508.897899998, 5287958.163323344], [-9318487.5801, 5287958.44949289], [-9318466.847099997, 5287958.727790789], [-9318446.029499998, 5287959.00718473], [-9318445.047699999, 5287914.602778499], [-9318466.210899996, 5287914.301463495], [-9318487.071400002, 5287914.004532704], [-9318508.2588, 5287913.702719492]]], [[[-9318707.545099998, 5288021.865543587], [-9318728.553499999, 5288021.557253674], [-9318729.092800003, 5288062.471530686], [-9318708.132699996, 5288062.772247873], [-9318707.545099998, 5288021.865543587]]], [[[-9318729.978499997, 5288129.6686718855], [-9318730.528200002, 5288171.36643125], [-9318709.696299998, 5288171.611349376], [-9318688.495599998, 5288171.860851002], [-9318673.996199997, 5288172.031436779], [-9318672.866899999, 5288130.544020023], [-9318687.785599995, 5288130.315542695], [-9318687.458200002, 5288111.158820517], [-9318641.9076, 5288111.77819035], [-9318641.524900002, 5288088.381435673], [-9318687.057399996, 5288087.713142032], [-9318708.486499999, 5288087.3983754255], [-9318729.417200001, 5288087.090982261], [-9318729.978499997, 5288129.6686718855]]], [[[-9318596.812499998, 5288130.108189322], [-9318597.805899996, 5288172.961189046], [-9318575.155799996, 5288173.215672728], [-9318574.737000002, 5288148.920153124], [-9318574.418599995, 5288130.470385153], [-9318596.812499998, 5288130.108189322]]], [[[-9318598.873699995, 5288239.833007345], [-9318575.379399996, 5288240.103533283], [-9318575.280499995, 5288220.619986263], [-9318575.165199997, 5288197.899992856], [-9318597.976799997, 5288197.668426646], [-9318598.873699995, 5288239.833007345]]], [[[-9318492.741200002, 5288241.053811699], [-9318492.3107, 5288198.740366964], [-9318513.045399997, 5288198.530223609], [-9318513.603399998, 5288240.814074903], [-9318492.741200002, 5288241.053811699]]], [[[-9318689.634, 5288238.473103844], [-9318710.651499998, 5288238.110011208], [-9318711.2242, 5288277.972382548], [-9318690.315899998, 5288278.367260743], [-9318689.9501, 5288256.958345633], [-9318689.634, 5288238.473103844]]], [[[-9318575.379399996, 5288240.103533283], [-9318575.465999998, 5288257.183534821], [-9318575.5811, 5288279.864669193], [-9318556.014599998, 5288280.213114581], [-9318555.7298, 5288240.329419959], [-9318575.379399996, 5288240.103533283]]], [[[-9318494.218, 5288319.049780331], [-9318515.617399998, 5288318.7098044325], [-9318516.247999996, 5288355.267078353], [-9318494.683599994, 5288355.618513003], [-9318494.218, 5288319.049780331]]], [[[-9318622.442999996, 5288343.914952075], [-9318622.8229, 5288364.565100585], [-9318578.7849, 5288365.825362972], [-9318578.571999999, 5288354.251136279], [-9318578.395799996, 5288344.67561328], [-9318622.442999996, 5288343.914952075]]], [[[-9318517.847599998, 5288452.912606382], [-9318518.298400002, 5288488.734631308], [-9318496.8164, 5288489.022694157], [-9318496.239899997, 5288453.167887247], [-9318517.847599998, 5288452.912606382]]], [[[-9318267.562099999, 5287654.346553747], [-9318282.114399996, 5287653.903050838], [-9318282.695799999, 5287684.375417983], [-9318265.231699996, 5287684.430320287], [-9318264.712599998, 5287654.433540496], [-9318267.562099999, 5287654.346553747]]], [[[-9318247.732599998, 5287654.951076811], [-9318248.576899998, 5287684.482532262], [-9318241.3332, 5287684.505449737], [-9318241.6375, 5287702.180700416], [-9318234.417399999, 5287702.28014232], [-9318234.0061, 5287655.369470153], [-9318247.732599998, 5287654.951076811]]], [[[-9318152.794500003, 5287703.40429422], [-9318152.598099995, 5287657.850635293], [-9318167.165599996, 5287657.406733826], [-9318184.395299999, 5287656.881624779], [-9318184.969400002, 5287702.961189851], [-9318176.3579, 5287703.079762868], [-9318167.8636, 5287703.1967416145], [-9318159.3723, 5287703.31362074], [-9318152.794500003, 5287703.40429422]]], [[[-9318378.787499996, 5287696.067414592], [-9318379.830099998, 5287742.30650661], [-9318362.928200003, 5287742.565573706], [-9318361.634100001, 5287696.352388397], [-9318364.7959, 5287696.299877478], [-9318378.787499996, 5287696.067414592]]], [[[-9318347.395199997, 5287789.450043392], [-9318347.7939, 5287809.089622051], [-9318329.060299998, 5287809.417640871], [-9318328.220399998, 5287768.004667679], [-9318346.954300001, 5287767.722882385], [-9318347.395199997, 5287789.450043392]]], [[[-9318381.755899997, 5287849.163717768], [-9318363.2724, 5287849.50259748], [-9318362.4884, 5287808.832248842], [-9318380.766899996, 5287808.512201327], [-9318381.755899997, 5287849.163717768]]], [[[-9318178.289400002, 5287810.3046468105], [-9318185.999900002, 5287810.145619462], [-9318186.346699998, 5287852.658732494], [-9318170.7775, 5287852.934340058], [-9318169.833699996, 5287810.479218187], [-9318178.289400002, 5287810.3046468105]]], [[[-9318330.9902, 5287875.56993133], [-9318331.730099995, 5287916.215072847], [-9318310.795499997, 5287916.512701124], [-9318310.504299996, 5287897.444563138], [-9318310.176399998, 5287875.963015874], [-9318330.9902, 5287875.56993133]]], [[[-9318236.994099999, 5287918.416844551], [-9318225.377700001, 5287918.628283181], [-9318224.332299998, 5287877.275390141], [-9318236.3217, 5287877.06893358], [-9318242.982499998, 5287876.954146923], [-9318253.972900001, 5287876.764828621], [-9318261.9658, 5287876.627124478], [-9318269.875599999, 5287876.490715682], [-9318285.7782, 5287876.216802012], [-9318286.449299997, 5287917.516287335], [-9318287.156999998, 5287961.064078195], [-9318271.753900003, 5287961.257880353], [-9318270.790900001, 5287917.801460475], [-9318263.010900002, 5287917.9431502605], [-9318254.7672, 5287918.093209909], [-9318244.360900002, 5287918.282727483], [-9318236.994099999, 5287918.416844551]]], [[[-9318446.469099998, 5287984.4190808935], [-9318467.285999997, 5287984.167985055], [-9318467.896699999, 5288024.301372679], [-9318468.534299998, 5288066.217741491], [-9318447.635599999, 5288066.5438671885], [-9318447.039499996, 5288024.575784586], [-9318446.469099998, 5287984.4190808935]]], [[[-9318368.201299995, 5288067.783204656], [-9318367.688499996, 5288025.619028089], [-9318385.379400002, 5288025.386565144], [-9318386.019599998, 5288067.505106004], [-9318368.201299995, 5288067.783204656]]], [[[-9318352.213699996, 5288068.032606604], [-9318313.746499998, 5288068.632446733], [-9318313.256100003, 5288045.570188412], [-9318351.882199999, 5288044.571683793], [-9318352.213699996, 5288068.032606604]]], [[[-9318354.320299998, 5288175.693650349], [-9318353.921699999, 5288152.562936606], [-9318353.602199998, 5288134.039035499], [-9318368.964799996, 5288133.790829217], [-9318387.032800002, 5288133.499079717], [-9318386.191600002, 5288091.926072378], [-9318406.591499995, 5288091.6131989565], [-9318407.140799997, 5288133.174050051], [-9318407.694899997, 5288175.09520515], [-9318387.878999999, 5288175.31730545], [-9318369.4772, 5288175.523562773], [-9318354.320299998, 5288175.693650349]]], [[[-9318448.441499997, 5288132.506852429], [-9318469.423499996, 5288132.167773358], [-9318470.066999998, 5288174.395424831], [-9318449.1686, 5288174.6298806295], [-9318448.441499997, 5288132.506852429]]], [[[-9318430.687499994, 5288199.364918167], [-9318430.993299996, 5288241.763456539], [-9318409.1762, 5288242.013954594], [-9318408.868699996, 5288199.585922415], [-9318430.687499994, 5288199.364918167]]], [[[-9318355.475699997, 5288222.413129822], [-9318355.007199997, 5288200.131358487], [-9318371.9864, 5288199.9594773725], [-9318372.545499993, 5288242.434739505], [-9318355.901000002, 5288242.625751738], [-9318355.475699997, 5288222.413129822]]], [[[-9318472.8815, 5288241.282089761], [-9318492.741200002, 5288241.053811699], [-9318493.150899999, 5288281.332384559], [-9318473.417599997, 5288281.683619904], [-9318472.8815, 5288241.282089761]]], [[[-9318409.1762, 5288242.013954594], [-9318409.471899996, 5288282.821622428], [-9318390.3213, 5288283.162395452], [-9318373.0858, 5288283.469091163], [-9318372.545499993, 5288242.434739505], [-9318389.7367, 5288242.237350241], [-9318409.1762, 5288242.013954594]]]]}, "properties": {"Group": 61, "Chld_Rt": 0.030548956761927, "Med_Income": 23647.011627906977, "Bay_Ld_Est": 7.754128760078872}}, {"type": "Feature", "geometry": {"type": "MultiPolygon", "coordinates": [[[[-9314478.3406, 5280126.202960541], [-9314474.8002, 5280107.646591558], [-9314515.728899999, 5280100.137675568], [-9314519.090699997, 5280118.198830622], [-9314478.3406, 5280126.202960541]]], [[[-9314453.557299998, 5280519.019471953], [-9314477.317899998, 5280520.593295811], [-9314525.543599999, 5280511.903835171], [-9314531.4005, 5280546.634276914], [-9314477.2104, 5280574.662092929], [-9314448.829399996, 5280526.378530859], [-9314449.884, 5280525.2703276845], [-9314450.840699999, 5280523.581618166], [-9314451.891099999, 5280522.307114768], [-9314452.852099996, 5280520.785004403], [-9314453.557299998, 5280519.019471953]]], [[[-9314477.004999999, 5280615.317966167], [-9314476.823100002, 5280601.067859503], [-9314494.077599999, 5280595.505918819], [-9314533.536400001, 5280585.702475297], [-9314536.376599995, 5280602.861988934], [-9314498.012000002, 5280609.80823711], [-9314477.004999999, 5280615.317966167]]], [[[-9314625.088899998, 5280729.508839836], [-9314584.565099997, 5280736.675792742], [-9314580.9726, 5280716.0388185885], [-9314578.350399999, 5280700.95451928], [-9314618.9674, 5280694.2016731175], [-9314630.958599996, 5280691.073454889], [-9314633.865699995, 5280707.565576838], [-9314637.508500002, 5280726.869458585], [-9314625.088899998, 5280729.508839836]]], [[[-9313891.722399998, 5280771.023620397], [-9313888.830499997, 5280766.367910735], [-9313886.7155, 5280762.604084612], [-9313884.153799998, 5280757.854912044], [-9313881.594700001, 5280753.189039096], [-9313878.352100002, 5280747.961591427], [-9313876.4944, 5280744.439294299], [-9313916.232799998, 5280705.158457987], [-9313925.080700003, 5280713.958122484], [-9313927.383200001, 5280715.718075327], [-9313904.4575, 5280770.960747132], [-9313891.722399998, 5280771.023620397]]], [[[-9314357.298828127, 5280657.395062529], [-9314358.01074219, 5280658.871427494], [-9314358.813720696, 5280660.594704719], [-9314359.603515629, 5280661.902244958], [-9314360.487060547, 5280663.539893491], [-9314361.28222656, 5280665.013582559], [-9314362.07214355, 5280666.320879555], [-9314363.106201172, 5280667.4544865405], [-9314364.15344238, 5280669.003587236], [-9314365.530639645, 5280670.459153217], [-9314366.396118157, 5280671.514551047], [-9314368.703735352, 5280673.440831502], [-9314488.24536133, 5280789.594928222], [-9314489.6072998, 5280790.809785265], [-9314491.137573242, 5280792.103459626], [-9314491.984008787, 5280792.665154636], [-9314493.331420897, 5280793.297639288], [-9314494.849365229, 5280794.0922589395], [-9314496.19274902, 5280794.558229845], [-9314497.61523438, 5280794.8559841495], [-9314498.53845215, 5280795.165901619], [-9314500.039916987, 5280795.295074443], [-9314501.460327148, 5280795.509511065], [-9314502.953369137, 5280795.3060213], [-9314504.28442383, 5280795.27281585], [-9314505.44274902, 5280794.994400982], [-9314507.349731449, 5280794.697254829], [-9314508.587158198, 5280794.250380092], [-9314510.076171879, 5280793.880376576], [-9314511.638061518, 5280793.092568298], [-9314512.696777342, 5280792.150652705], [-9314513.840698238, 5280791.289743804], [-9314514.812133793, 5280790.18338221], [-9314515.95800781, 5280789.405790987], [-9314517.00842285, 5280788.131091169], [-9314518.054565428, 5280786.690120869], [-9314519.00524902, 5280784.751920329], [-9314520.03710938, 5280782.728699277], [-9314520.49487305, 5280781.052493359], [-9314521.046142578, 5280779.790199971], [-9314521.51855469, 5280778.696488065], [-9314521.724487297, 5280776.943167678], [-9314522.094970698, 5280775.102759017], [-9314522.211791988, 5280773.102283085], [-9314521.904296879, 5280770.77924], [-9314508.488769528, 5280698.138016899], [-9314512.528442375, 5280697.41284898], [-9314551.70227051, 5280690.379863529], [-9314565.97839355, 5280775.843495823], [-9314566.387573238, 5280778.913235686], [-9314587.292236328, 5280903.335498046], [-9314587.69519043, 5280906.1556500085], [-9314587.72814941, 5280907.486665415], [-9314587.355834961, 5280909.243999838], [-9314587.210083004, 5280910.079974331], [-9314586.57556152, 5280911.344335585], [-9314586.097045898, 5280912.188581009], [-9314585.28601074, 5280913.041097431], [-9314584.468627924, 5280913.64426888], [-9314583.570068358, 5280914.332339273], [-9314582.501098627, 5280914.858396256], [-9314581.344848625, 5280915.220250494], [-9314579.768432617, 5280915.425808016], [-9314578.431152334, 5280915.209303651], [-9314576.92358398, 5280914.8305426035], [-9314576.00024414, 5280914.520625105], [-9314574.90234375, 5280913.8818155555], [-9314573.043212887, 5280912.762804148], [-9314323.28039551, 5280695.8337052325], [-9314328.513061522, 5280690.0929344585], [-9314330.696533194, 5280688.026899214], [-9314332.305541987, 5280686.228696854], [-9314333.91711426, 5280684.513568915], [-9314335.851196293, 5280682.455318104], [-9314338.25036621, 5280679.300193051], [-9314339.768554686, 5280677.255078467], [-9314341.299560552, 5280675.62557923], [-9314342.500366205, 5280674.0897363685], [-9314344.520263666, 5280672.11188408], [-9314347.93212891, 5280666.758388601], [-9314350.688964838, 5280660.070715579], [-9314354.29956055, 5280650.633559134], [-9314354.955688475, 5280648.976327916], [-9314355.2545166, 5280650.548660243], [-9314355.732299797, 5280652.531864291], [-9314356.290893545, 5280654.429439646], [-9314356.66748047, 5280655.832947259], [-9314357.298828127, 5280657.395062529]]], [[[-9314479.832397457, 5280796.046758119], [-9314480.035888672, 5280797.540151677], [-9314480.322753912, 5280799.031355864], [-9314480.61767578, 5280800.855101031], [-9314480.923095698, 5280803.095069742], [-9314481.039428705, 5280804.424017299], [-9314481.090942377, 5280806.503797115], [-9314481.126098627, 5280807.917886832], [-9314481.65209961, 5280808.986907533], [-9314482.253051758, 5280809.721197882], [-9314483.099243158, 5280810.282892914], [-9314484.621459961, 5280811.243904686], [-9314485.942016602, 5280810.794840587], [-9314486.92370605, 5280810.104337624], [-9314492.277343748, 5280804.477900117], [-9314493.415161127, 5280803.367281398], [-9314493.71887207, 5280802.1945088925], [-9314493.781494139, 5280801.360480583], [-9314493.671508789, 5280800.281242843], [-9314493.139282232, 5280798.962633975], [-9314492.201538088, 5280798.070222464], [-9314485.23986816, 5280792.583053271], [-9314483.88830566, 5280791.784176504], [-9314482.71325684, 5280791.397144554], [-9314481.877441408, 5280791.251429831], [-9314480.21154785, 5280791.209588531], [-9314479.477539062, 5280791.810692214], [-9314479.250732418, 5280792.731808794], [-9314479.36071777, 5280793.811168175], [-9314479.637084957, 5280794.886392064], [-9314479.832397457, 5280796.046758119]]], [[[-9314529.537109379, 5280779.82900047], [-9314531.065551762, 5280781.039478764], [-9314532.647949219, 5280781.083509425], [-9314533.47753906, 5280780.979635979], [-9314534.386474604, 5280780.707302689], [-9314544.487426756, 5280778.541772606], [-9314545.891357416, 5280778.090762407], [-9314546.615112301, 5280777.073921706], [-9314547.08935547, 5280776.063284236], [-9314546.97924805, 5280774.983924883], [-9314546.27661133, 5280773.503059407], [-9314545.430419914, 5280772.941364398], [-9314543.739746092, 5280771.9014137], [-9314542.631469728, 5280770.846623933], [-9314541.1114502, 5280769.968808248], [-9314539.745483397, 5280768.587802383], [-9314538.641357416, 5280767.699648008], [-9314537.366699219, 5280766.649236977], [-9314536.51831055, 5280766.004345924], [-9314534.90063477, 5280764.546225577], [-9314533.954467772, 5280763.321151507], [-9314532.25170898, 5280761.782024486], [-9314530.708740233, 5280759.989052199], [-9314529.77111816, 5280759.096762331], [-9314528.671142576, 5280758.374878441], [-9314526.913818358, 5280758.002442285], [-9314525.776245117, 5280759.112817718], [-9314525.547241205, 5280759.950859846], [-9314525.405883787, 5280760.953347982], [-9314528.838500978, 5280778.514527106], [-9314529.537109379, 5280779.82900047]]], [[[-9314182.6274, 5280780.0478753755], [-9314147.698399996, 5280816.017056977], [-9314133.192899998, 5280801.981972653], [-9314168.220499996, 5280766.509300829], [-9314182.6274, 5280780.0478753755]]], [[[-9313728.211, 5280918.215297153], [-9313748.7671, 5280917.993297751], [-9313768.9931, 5280917.864960574], [-9313769.5403, 5280962.305695446], [-9313748.979, 5280962.361494223], [-9313728.838699996, 5280962.570440721], [-9313728.211, 5280918.215297153]]], [[[-9314127.3329, 5280958.93146377], [-9314128.0033, 5281007.28170156], [-9314107.5277, 5281007.418707491], [-9314106.277599998, 5280959.169604981], [-9314127.3329, 5280958.93146377]]], [[[-9313906.961600002, 5280961.45097777], [-9313907.2023, 5281009.398368411], [-9313875.072399998, 5281009.563871568], [-9313874.665500002, 5280961.621662248], [-9313906.961600002, 5280961.45097777]]], [[[-9313832.882600002, 5280961.9204846155], [-9313833.3775, 5281010.026403576], [-9313811.241100002, 5281010.29752586], [-9313811.3233, 5280962.007271647], [-9313832.882600002, 5280961.9204846155]]], [[[-9313769.5403, 5280962.305695446], [-9313790.681299996, 5280962.148761397], [-9313790.430099998, 5281010.361096612], [-9313770.2064, 5281010.572833043], [-9313769.5403, 5280962.305695446]]], [[[-9314600.214599999, 5280977.847149192], [-9314573.4161, 5281008.146781899], [-9314559.715200001, 5280996.084381543], [-9314586.7404, 5280964.86347148], [-9314600.214599999, 5280977.847149192]]], [[[-9314234.385899995, 5281030.948255112], [-9314231.262299998, 5281080.415965808], [-9314214.778600002, 5281080.429118377], [-9314213.824400002, 5281031.005050308], [-9314234.385899995, 5281030.948255112]]], [[[-9313855.626399998, 5281034.811423782], [-9313876.185099998, 5281034.672325403], [-9313876.760999996, 5281082.6928550005], [-9313873.9357, 5281082.863938042], [-9313873.850299997, 5281136.400079498], [-9313848.300799996, 5281136.694218789], [-9313847.713199997, 5281082.929103051], [-9313856.196900003, 5281082.665553445], [-9313855.626399998, 5281034.811423782]]], [[[-9313822.0756, 5281083.059333413], [-9313812.921499997, 5281083.1771087], [-9313802.007799998, 5281082.93328795], [-9313797.017499998, 5281083.088129567], [-9313792.435299998, 5281082.980716915], [-9313772.456000002, 5281083.01838109], [-9313771.5661, 5281035.590314949], [-9313791.376399998, 5281035.474831403], [-9313802.110700002, 5281035.308032918], [-9313812.099200001, 5281035.247551025], [-9313833.068599999, 5281034.9292987], [-9313833.483, 5281083.121309918], [-9313829.9042, 5281083.149209313], [-9313822.0756, 5281083.059333413]]], [[[-9314004.863699999, 5281081.959698863], [-9314015.608299999, 5281082.125301686], [-9314015.0845, 5281134.925795921], [-9313990.281099996, 5281135.113817904], [-9313990.8881, 5281082.310633347], [-9314004.863699999, 5281081.959698863]]], [[[-9313312.804999998, 5280078.203091965], [-9313333.101900002, 5280077.740161725], [-9313352.949499995, 5280097.686715979], [-9313355.838900002, 5280099.595132482], [-9313326.374399997, 5280126.564954868], [-9313324.510199998, 5280126.583786936], [-9313312.7165, 5280126.7030567415], [-9313294.087899996, 5280126.891477126], [-9313276.417799998, 5280126.817444164], [-9313271.007499997, 5280126.941297434], [-9313271.087400002, 5280123.450588058], [-9313271.114299998, 5280078.66293335], [-9313281.106699996, 5280078.769449155], [-9313291.088900002, 5280078.543165352], [-9313302.323700001, 5280078.444620776], [-9313312.804999998, 5280078.203091965]]], [[[-9313196.4792, 5280305.411885017], [-9313196.2285, 5280259.716298714], [-9313215.7046, 5280259.612174274], [-9313215.534299996, 5280305.154214368], [-9313196.4792, 5280305.411885017]]], [[[-9313690.183199996, 5280484.319720264], [-9313696.9779, 5280491.351459485], [-9313701.455, 5280496.124146262], [-9313669.5249, 5280529.49987348], [-9313642.1661, 5280503.62569114], [-9313623.878399996, 5280485.711500655], [-9313642.051499998, 5280467.748386861], [-9313637.043999998, 5280440.514609349], [-9313656.5101, 5280440.076788423], [-9313659.546400001, 5280473.532226696], [-9313668.213300003, 5280476.510186297], [-9313675.534000002, 5280479.030097923], [-9313682.057699999, 5280439.7832471235], [-9313709.276399998, 5280439.687492473], [-9313687.914399998, 5280483.640768988], [-9313690.183199996, 5280484.319720264]]], [[[-9313156.772299996, 5280515.015911169], [-9313157.440899996, 5280541.96840472], [-9313110.682599999, 5280542.834381507], [-9313110.079400001, 5280515.296997405], [-9313156.772299996, 5280515.015911169]]], [[[-9313650.181399995, 5280600.9469954], [-9313627.9388, 5280578.992973397], [-9313658.574499998, 5280546.822896653], [-9313686.0375, 5280573.360088665], [-9313655.497900002, 5280605.943674744], [-9313650.181399995, 5280600.9469954]]], [[[-9313526.563199999, 5280579.641335046], [-9313495.890799996, 5280610.646613502], [-9313483.025999997, 5280598.4748114105], [-9313513.290199997, 5280567.731986714], [-9313526.563199999, 5280579.641335046]]], [[[-9313170.080299998, 5280608.677016886], [-9313112.179799998, 5280609.971548128], [-9313111.647099994, 5280590.091047741], [-9313169.217399996, 5280588.889979432], [-9313170.080299998, 5280608.677016886]]], [[[-9313333.813600002, 5280640.399011189], [-9313324.329799999, 5280619.130715423], [-9313352.107399995, 5280588.715409034], [-9313371.673100002, 5280607.589339618], [-9313375.368, 5280611.304540659], [-9313334.181, 5280646.881133447], [-9313333.813600002, 5280640.399011189]]], [[[-9313730.6381, 5280677.288768868], [-9313697.865099994, 5280713.022397125], [-9313683.388699995, 5280699.901516882], [-9313717.014099998, 5280664.807681593], [-9313723.697400002, 5280670.9273112975], [-9313730.6381, 5280677.288768868]]], [[[-9313612.8235, 5280722.322257748], [-9313605.448999995, 5280715.3913536295], [-9313635.1652, 5280683.083071911], [-9313650.085600002, 5280697.105699865], [-9313618.059299998, 5280727.404628519], [-9313612.8235, 5280722.322257748]]], [[[-9313381.876500001, 5280727.239025756], [-9313403.6017, 5280727.148053844], [-9313404.143499997, 5280776.8330692295], [-9313382.589700002, 5280777.0852597235], [-9313381.876500001, 5280727.239025756]]], [[[-9313319.258999998, 5280777.800081793], [-9313301.0346, 5280778.032144885], [-9313299.323699998, 5280728.21689913], [-9313318.384999996, 5280728.125329372], [-9313319.258999998, 5280777.800081793]]], [[[-9313593.2352, 5280815.423995769], [-9313592.323499998, 5280812.8714013565], [-9313591.570300002, 5280810.064225061], [-9313591.5735, 5280807.483332708], [-9313592.174299996, 5280805.3832065435], [-9313593.513399998, 5280802.927462862], [-9313595.4501, 5280800.952485364], [-9313597.490699997, 5280799.640417184], [-9313599.8013, 5280798.985877686], [-9313643.504099999, 5280798.878265796], [-9313643.146199996, 5280819.536265446], [-9313596.949599996, 5280825.132682771], [-9313595.845899997, 5280821.753469417], [-9313594.752299996, 5280818.707055868], [-9313593.2352, 5280815.423995769]]], [[[-9313663.971700002, 5280946.01843149], [-9313615.111699998, 5280946.286165958], [-9313615.182499995, 5280919.059851449], [-9313663.707299998, 5280918.719279658], [-9313663.971700002, 5280946.01843149]]], [[[-9313581.078300001, 5280987.054644813], [-9313580.794499999, 5281012.789439496], [-9313530.184899995, 5281013.027580701], [-9313529.304300003, 5280987.329154873], [-9313581.078300001, 5280987.054644813]]], [[[-9313721.715099996, 5281138.044150789], [-9313722.002, 5281082.919836461], [-9313729.905899996, 5281082.757721083], [-9313729.876299998, 5281036.218848339], [-9313750.752500001, 5281035.5705860965], [-9313751.2213, 5281082.84520559], [-9313747.314699996, 5281083.049767908], [-9313747.184199996, 5281137.836200678], [-9313721.715099996, 5281138.044150789]]]]}, "properties": {"Group": 62, "Chld_Rt": 0.160480481745906, "Med_Income": 34846.1282051282, "Bay_Ld_Est": 6.886562655892547}}, {"type": "Feature", "geometry": {"type": "MultiPolygon", "coordinates": [[[[-9316487.017099997, 5289383.126747178], [-9316486.910300002, 5289424.85443921], [-9316435.683999995, 5289424.448799386], [-9316419.692299996, 5289424.415519178], [-9316419.699799998, 5289415.336600635], [-9316419.430499997, 5289383.021227025], [-9316435.672000002, 5289383.052614038], [-9316487.017099997, 5289383.126747178]]], [[[-9316535.692299997, 5289431.776820697], [-9316535.690800002, 5289471.507702151], [-9316518.948600002, 5289471.397598486], [-9316502.205199998, 5289471.120794888], [-9316502.5412, 5289431.553823424], [-9316519.283299997, 5289431.664026743], [-9316535.692299997, 5289431.776820697]]], [[[-9316506.165499998, 5289496.575466789], [-9316522.6565, 5289496.521162275], [-9316539.816600002, 5289496.794279141], [-9316555.6433, 5289496.995255699], [-9316571.968299998, 5289497.0255466625], [-9316572.578899998, 5289541.0868422985], [-9316556.097699994, 5289540.976439706], [-9316540.0179, 5289540.868428495], [-9316522.612900002, 5289540.751748498], [-9316522.2434, 5289586.731440206], [-9316505.417799998, 5289586.621934378], [-9316506.5334, 5289540.643737294], [-9316490.3776, 5289540.535327542], [-9316472.965400001, 5289540.418348614], [-9316456.136099994, 5289540.305255699], [-9316439.980599998, 5289540.196746303], [-9316440.528799998, 5289496.040193596], [-9316456.688599998, 5289496.238479828], [-9316473.263600001, 5289496.267076884], [-9316490.506100003, 5289496.456196122], [-9316506.165499998, 5289496.575466789]]], [[[-9316399.4115, 5289699.287291558], [-9316399.827400003, 5289653.887608096], [-9316418.046, 5289654.021127486], [-9316422.189200003, 5289654.0515180975], [-9316435.267100003, 5289654.147373061], [-9316450.588600002, 5289654.2596688485], [-9316449.719699996, 5289699.284401954], [-9316422.067499997, 5289699.348371696], [-9316399.4115, 5289699.287291558]]], [[[-9316601.2306, 5289699.685458352], [-9316585.071, 5289699.570671535], [-9316584.615, 5289655.240438539], [-9316601.356600001, 5289655.362897746], [-9316601.2306, 5289699.685458352]]], [[[-9316636.468999997, 5290000.918109362], [-9316620.6438, 5290000.9015689045], [-9316603.733599998, 5290000.88383273], [-9316603.582600001, 5289955.024991326], [-9316620.583300002, 5289955.00426593], [-9316636.321400002, 5289954.98513479], [-9316636.468999997, 5290000.918109362]]], [[[-9316586.678300003, 5289955.045517453], [-9316586.484399997, 5290000.865698006], [-9316569.078600002, 5290000.847463633], [-9316569.080099998, 5289997.485663625], [-9316569.097400002, 5289955.066840708], [-9316586.678300003, 5289955.045517453]]], [[[-9316519.594199998, 5290000.7951519145], [-9316502.4884, 5290000.777017191], [-9316502.4743, 5289997.387118311], [-9316502.297799997, 5289955.14774949], [-9316519.6231, 5289955.126725163], [-9316519.596299998, 5289997.412526858], [-9316519.594199998, 5290000.7951519145]]], [[[-9316502.4884, 5290000.777017191], [-9316502.667399995, 5290043.604271573], [-9316485.4333, 5290043.556742636], [-9316485.972599994, 5290000.759480318], [-9316502.4884, 5290000.777017191]]], [[[-9316502.254000003, 5290113.485953595], [-9316485.1385, 5290113.566463822], [-9316485.500299994, 5290069.372027885], [-9316502.5702, 5290069.3865755275], [-9316502.254000003, 5290113.485953595]]], [[[-9316370.4026, 5289357.2493990315], [-9316353.500800002, 5289357.250395455], [-9316360.345300002, 5289349.030784069], [-9316359.078399999, 5289266.915980393], [-9316209.152799994, 5289265.998184302], [-9316210.742000002, 5289356.829311254], [-9316083.811199997, 5289356.452965996], [-9316016.582399998, 5289355.303204868], [-9316018.2825, 5289023.537523188], [-9316376.1446, 5289026.065522354], [-9316380.712499999, 5289014.5334380455], [-9316377.818899997, 5289108.632283716], [-9316370.403099997, 5289125.441770552], [-9316370.4026, 5289357.2493990315]]], [[[-9316293.9524, 5289427.758983707], [-9316276.962699996, 5289427.805516212], [-9316277.157699997, 5289431.331423994], [-9316276.7225, 5289469.001822487], [-9316259.980499996, 5289468.891320258], [-9316259.668, 5289431.340591001], [-9316259.639399998, 5289427.852945474], [-9316242.646199996, 5289427.899378336], [-9316227.073700001, 5289427.941925182], [-9316210.9145, 5289427.821957019], [-9316210.919900002, 5289468.549650157], [-9316062.574199999, 5289467.699610018], [-9316042.442200001, 5289467.547557368], [-9316042.779699998, 5289433.471121737], [-9316083.766399996, 5289381.815567081], [-9316374.996399997, 5289382.818556576], [-9316375.1599, 5289427.701889228], [-9316368.9281, 5289427.648680768], [-9316360.4568, 5289427.576540449], [-9316344.3578, 5289427.620681558], [-9316327.6076, 5289427.666715842], [-9316310.535099996, 5289427.7135472605], [-9316293.9524, 5289427.758983707]]], [[[-9316309.764300002, 5289586.170559143], [-9316293.105299998, 5289586.059259768], [-9316275.53, 5289585.955832065], [-9316275.222199999, 5289539.320699722], [-9316292.4689, 5289539.436482954], [-9316292.348399999, 5289535.226437496], [-9316292.596099997, 5289494.857152117], [-9316309.2542, 5289494.885051686], [-9316309.008100001, 5289535.346206374], [-9316309.0415, 5289539.547682674], [-9316326.463499995, 5289539.664362672], [-9316326.088099997, 5289586.034648357], [-9316309.764300002, 5289586.170559143]]], [[[-9316427.288999999, 5289586.357486279], [-9316400.553299999, 5289586.413883269], [-9316400.515600001, 5289571.9210514445], [-9316427.4201, 5289572.113159933], [-9316427.288999999, 5289586.357486279]]], [[[-9316242.5031, 5289610.718995349], [-9316258.659700003, 5289610.501279036], [-9316258.192699997, 5289654.190617398], [-9316241.950699998, 5289654.156540071], [-9316242.5031, 5289610.718995349]]], [[[-9316224.859299999, 5289654.120968112], [-9316225.081799997, 5289699.239364063], [-9316208.756900001, 5289699.291775428], [-9316208.5453, 5289654.086591854], [-9316224.859299999, 5289654.120968112]]], [[[-9316208.2516, 5289768.759229822], [-9316209.209099997, 5289723.610241549], [-9316242.195199996, 5289723.919030067], [-9316241.484200003, 5289768.833163693], [-9316225.160600001, 5289768.796894243], [-9316224.459899997, 5289814.7754979655], [-9316207.552699998, 5289814.915992273], [-9316208.2516, 5289768.759229822]]], [[[-9316419.252399996, 5290000.688436025], [-9316418.7862, 5290043.373203239], [-9316401.533999996, 5290043.325475032], [-9316401.8422, 5290000.669902722], [-9316419.252399996, 5290000.688436025]]], [[[-9316211.9595, 5290044.511008028], [-9316211.741799997, 5290001.642801014], [-9316195.610299999, 5290001.691724919], [-9316195.5504, 5290044.590322556], [-9316095.767000003, 5290045.073184627], [-9316045.957999999, 5290045.313619244], [-9316044.831999997, 5289955.945478231], [-9316095.474099996, 5289955.711619955], [-9316211.5056, 5289955.174951582], [-9316229.4111, 5289955.092049976], [-9316246.316499999, 5289955.013731863], [-9316262.648099998, 5289954.93800443], [-9316279.466799997, 5289954.859985244], [-9316296.626800003, 5289954.7803717945], [-9316313.2842, 5289954.703050094], [-9316330.444099996, 5289954.623337], [-9316346.522499997, 5289954.548705619], [-9316363.3454, 5289954.47058679], [-9316378.5863, 5289954.399741792], [-9316378.348499997, 5290001.133434366], [-9316363.543899996, 5290001.178571889], [-9316346.676799998, 5290001.230385407], [-9316330.640000002, 5290001.279408949], [-9316313.5264, 5290001.331820319], [-9316296.692899996, 5290001.383434536], [-9316279.750699999, 5290001.435048762], [-9316262.667099996, 5290001.487260845], [-9316246.9004, 5290001.535487265], [-9316229.214599995, 5290001.589393243], [-9316229.033600003, 5290044.428206044], [-9316211.9595, 5290044.511008028]]], [[[-9316262.569100002, 5290113.509967164], [-9316262.884599999, 5290158.669530979], [-9316246.051099995, 5290158.65727509], [-9316229.805899998, 5290158.645318123], [-9316229.155299999, 5290113.411122919], [-9316246.033599995, 5290113.461142905], [-9316262.569100002, 5290113.509967164]]], [[[-9316377.7353, 5290113.849445323], [-9316377.503099997, 5290158.753030456], [-9316363.595600002, 5290158.742966677], [-9316363.6176, 5290113.807695588], [-9316377.7353, 5290113.849445323]]], [[[-9316259.943399997, 5290183.622920585], [-9316275.858099999, 5290183.674634469], [-9316275.983599996, 5290224.595157389], [-9316275.9937, 5290227.894183926], [-9316260.422499998, 5290227.893287147], [-9316260.386899997, 5290224.598545194], [-9316259.943399997, 5290183.622920585]]], [[[-9316095.308899999, 5289538.1120504], [-9316093.151299998, 5289538.080563735], [-9316092.603599997, 5289553.408987391], [-9316075.8892, 5289553.298285885], [-9316075.976499999, 5289577.202440612], [-9316076.128799995, 5289585.530562872], [-9316042.562899997, 5289585.559259565], [-9316042.540399997, 5289577.068124093], [-9316042.476699999, 5289553.076882849], [-9316042.204499999, 5289537.335146951], [-9316042.045799995, 5289493.107749355], [-9316092.8533, 5289493.185768511], [-9316108.015199995, 5289493.5596227795], [-9316108.135699999, 5289538.198339791], [-9316095.308899999, 5289538.1120504]]], [[[-9316158.405599996, 5289653.981370587], [-9316142.246199999, 5289653.865886288], [-9316142.132699996, 5289610.137189613], [-9316158.292199997, 5289610.252972836], [-9316158.405599996, 5289653.981370587]]], [[[-9316123.750800002, 5289813.779781959], [-9316123.2821, 5289768.569711979], [-9316140.615799997, 5289768.6083728075], [-9316154.8614, 5289768.640258045], [-9316155.149799997, 5289723.559823022], [-9316175.642699998, 5289723.639336823], [-9316174.6897, 5289768.684498808], [-9316173.815300003, 5289814.44668151], [-9316156.237500003, 5289814.093054352], [-9316123.750800002, 5289813.779781959]]], [[[-9316206.797, 5289880.489169749], [-9316190.971700002, 5289880.446224319], [-9316191.507699998, 5289838.622164469], [-9316207.500899995, 5289838.739043771], [-9316206.797, 5289880.489169749]]], [[[-9316222.934999999, 5289880.482593413], [-9316223.161499998, 5289928.423438392], [-9316206.500600003, 5289928.436989623], [-9316206.797, 5289880.489169749], [-9316222.934999999, 5289880.482593413]]], [[[-9316095.376399998, 5290113.014849185], [-9316111.745199999, 5290113.063474168], [-9316128.279, 5290113.11239808], [-9316145.649099996, 5290113.164012308], [-9316145.843, 5290158.58304227], [-9316128.679600002, 5290158.570088894], [-9316112.022599995, 5290158.557733355], [-9316095.694200002, 5290158.545577108], [-9316095.376399998, 5290113.014849185]]], [[[-9316194.042700002, 5290224.6127939075], [-9316194.081399996, 5290227.888902927], [-9316177.038399996, 5290227.887707231], [-9316177.071, 5290231.509372565], [-9316177.423, 5290270.72274114], [-9316162.0764, 5290270.652493961], [-9316161.771400003, 5290231.530596184], [-9316161.7431, 5290227.886611172], [-9316161.717599995, 5290224.619469881], [-9316161.395500002, 5290183.301577134], [-9316176.6388, 5290183.351397828], [-9316193.5583, 5290183.406599151], [-9316194.042700002, 5290224.6127939075]]]]}, "properties": {"Group": 63, "Chld_Rt": 0.15084481886851, "Med_Income": 20115.36, "Bay_Ld_Est": 3.539229292523867}}, {"type": "Feature", "geometry": {"type": "MultiPolygon", "coordinates": [[[[-9320519.8836, 5288896.4035135545], [-9320519.943199998, 5288874.415074579], [-9320560.912599996, 5288873.643950724], [-9320560.6156, 5288895.88448213], [-9320560.5589, 5288900.1325884815], [-9320561.044399997, 5288915.705026107], [-9320520.4787, 5288917.053870135], [-9320519.8836, 5288896.4035135545]]], [[[-9320521.629900001, 5288982.758528742], [-9320521.194999997, 5288961.357075127], [-9320520.913599996, 5288938.455123756], [-9320561.158200001, 5288937.858969956], [-9320561.161799999, 5288940.938782393], [-9320561.4928, 5288959.92562841], [-9320561.9306, 5288981.660282485], [-9320521.629900001, 5288982.758528742]]], [[[-9320442.8423, 5289030.997865874], [-9320442.576299999, 5289009.844717535], [-9320488.467700003, 5289009.947646983], [-9320488.648999998, 5289030.934892581], [-9320442.8423, 5289030.997865874]]], [[[-9320563.2821, 5289046.448045205], [-9320563.644299999, 5289064.184992392], [-9320563.7146, 5289068.514805158], [-9320564.001300002, 5289086.1704453435], [-9320564.038399996, 5289090.471063287], [-9320523.828, 5289092.431505771], [-9320523.3801, 5289069.530747775], [-9320523.0218, 5289047.378794507], [-9320522.420299998, 5289025.978734798], [-9320562.8432, 5289025.79499625], [-9320563.210700002, 5289042.9500380205], [-9320563.2821, 5289046.448045205]]], [[[-9320443.4614, 5289073.72006633], [-9320443.9359, 5289099.70223146], [-9320399.798700001, 5289100.250258583], [-9320399.077299995, 5289074.603187124], [-9320398.715199994, 5289051.951632329], [-9320398.705599997, 5289031.545793335], [-9320442.8423, 5289030.997865874], [-9320443.265, 5289050.983517525], [-9320489.3166, 5289050.335649848], [-9320489.263999995, 5289073.157491595], [-9320443.4614, 5289073.72006633]]], [[[-9320449.563499998, 5289124.474054264], [-9320491.450000001, 5289123.695556811], [-9320491.8664, 5289152.5935262935], [-9320449.979099998, 5289153.2888232805], [-9320449.563499998, 5289124.474054264]]], [[[-9320564.7948, 5289135.805561626], [-9320564.9597, 5289148.796196369], [-9320565.040399995, 5289158.124017014], [-9320565.3929, 5289179.609870067], [-9320565.7822, 5289205.34333262], [-9320525.651399998, 5289206.940084517], [-9320525.260699995, 5289181.040021675], [-9320525.069200002, 5289158.886372598], [-9320524.630499994, 5289137.068216157], [-9320564.7948, 5289135.805561626]]], [[[-9320569.004300002, 5289280.6125751175], [-9320569.191599999, 5289285.857594031], [-9320525.673199996, 5289286.482942893], [-9320525.456800003, 5289280.737624963], [-9320525.692499999, 5289259.829390899], [-9320524.7806, 5289231.435006184], [-9320567.997199994, 5289230.311550453], [-9320568.744799998, 5289258.9571308885], [-9320568.689299999, 5289271.784554382], [-9320569.004300002, 5289280.6125751175]]], [[[-9320452.9069, 5289280.032264127], [-9320452.6487, 5289259.794715715], [-9320452.586299999, 5289233.30876094], [-9320492.975, 5289232.626417277], [-9320493.6987, 5289258.5236912025], [-9320493.9663, 5289279.843942066], [-9320458.570699995, 5289280.066740032], [-9320452.9069, 5289280.032264127]]], [[[-9320638.348600002, 5289304.164791722], [-9320637.590399997, 5289283.931527516], [-9320679.059799997, 5289282.989119998], [-9320680.0666, 5289303.053691453], [-9320638.348600002, 5289304.164791722]]], [[[-9320789.376499996, 5289364.741230302], [-9320789.625599999, 5289374.234357457], [-9320789.8904, 5289385.559689237], [-9320748.672599996, 5289386.75030335], [-9320747.991599998, 5289365.849939226], [-9320789.376499996, 5289364.741230302]]], [[[-9321084.801399998, 5289423.30800591], [-9321082.7923, 5289339.287358128], [-9321125.602499995, 5289337.920877138], [-9321127.898199998, 5289422.607627059], [-9321084.801399998, 5289423.30800591]]], [[[-9320790.024900002, 5289391.472305408], [-9320833.1554, 5289389.931850622], [-9320833.711399997, 5289406.002401078], [-9320833.799599996, 5289408.679862983], [-9320790.574499996, 5289411.12237064], [-9320790.496199995, 5289407.3771523675], [-9320790.024900002, 5289391.472305408]]], [[[-9320970.1538, 5289484.277933636], [-9321010.3769, 5289483.59499199], [-9321011.053399997, 5289503.912755168], [-9320970.673099997, 5289505.67989409], [-9320970.1538, 5289484.277933636]]], [[[-9320901.720599996, 5289487.871697327], [-9320902.234700002, 5289508.690556788], [-9320861.9333, 5289509.956998063], [-9320861.336, 5289489.138836069], [-9320901.720599996, 5289487.871697327]]], [[[-9320768.033799998, 5289554.334854645], [-9320753.205800002, 5289544.468170827], [-9320752.419899996, 5289511.490777019], [-9320792.806899995, 5289510.473937269], [-9320792.215099998, 5289519.058336577], [-9320768.033799998, 5289554.334854645]]], [[[-9320339.142399997, 5288740.46880532], [-9320373.191199997, 5288729.181043929], [-9320374.242899995, 5288783.47497384], [-9320374.504599996, 5288804.127919295], [-9320333.535499996, 5288804.898046689], [-9320333.875299998, 5288824.96739354], [-9320334.0493, 5288845.121535416], [-9320334.231, 5288866.191679886], [-9320294.844000002, 5288866.94795718], [-9320294.496400002, 5288845.962507795], [-9320294.154600002, 5288825.643260301], [-9320293.691399997, 5288800.910901151], [-9320293.293599997, 5288754.773405509], [-9320319.046199998, 5288747.2219922915], [-9320339.142399997, 5288740.46880532]]], [[[-9320440.499700002, 5288885.179720518], [-9320396.945799997, 5288885.639465382], [-9320396.5994, 5288864.82031698], [-9320440.4848, 5288864.191381233], [-9320440.499700002, 5288885.179720518]]], [[[-9320375.364699999, 5288865.170356789], [-9320375.795199996, 5288886.071808886], [-9320334.741699995, 5288886.75943337], [-9320334.231, 5288866.191679886], [-9320375.364699999, 5288865.170356789]]], [[[-9320440.9329, 5288906.414473028], [-9320440.499700002, 5288885.179720518], [-9320486.382999994, 5288884.449947794], [-9320486.402999997, 5288906.021388172], [-9320440.9329, 5288906.414473028]]], [[[-9320441.272200001, 5288926.400720617], [-9320397.3944, 5288927.945857988], [-9320397.045199996, 5288906.793608107], [-9320440.9329, 5288906.414473028], [-9320441.272200001, 5288926.400720617]]], [[[-9320295.885499997, 5288929.738205381], [-9320295.452999998, 5288908.586752599], [-9320335.176299999, 5288908.160686476], [-9320335.4392, 5288928.980433427], [-9320295.885499997, 5288929.738205381]]], [[[-9320376.576799998, 5288928.375411552], [-9320376.8299, 5288948.029256156], [-9320335.610199999, 5288948.801575744], [-9320335.4392, 5288928.980433427], [-9320376.576799998, 5288928.375411552]]], [[[-9320336.219399998, 5288990.440672715], [-9320296.584199997, 5288991.449042547], [-9320296.3206, 5288970.545795209], [-9320335.792899996, 5288969.955320939], [-9320336.219399998, 5288990.440672715]]], [[[-9320336.219399998, 5288990.440672715], [-9320377.442000002, 5288990.001553551], [-9320377.791299997, 5289011.154004082], [-9320378.2281, 5289032.80535889], [-9320336.671500001, 5289033.16406753], [-9320336.405599996, 5289012.011018797], [-9320336.219399998, 5288990.440672715]]], [[[-9320298.038799996, 5289102.128098453], [-9320297.740599995, 5289077.227140961], [-9320297.5401, 5289053.9910902865], [-9320337.0932, 5289053.066718028], [-9320337.459499994, 5289076.218073576], [-9320337.7613, 5289101.535531664], [-9320298.038799996, 5289102.128098453]]], [[[-9320346.334199997, 5289168.426827872], [-9320345.640799994, 5289126.704225802], [-9320366.375599999, 5289126.275270006], [-9320386.942999998, 5289125.764707994], [-9320387.889899995, 5289167.901419284], [-9320367.2369, 5289168.163077345], [-9320346.334199997, 5289168.426827872]]], [[[-9320409.314599998, 5289208.778765514], [-9320408.542199995, 5289167.55646111], [-9320429.9439, 5289167.2049266035], [-9320430.300099997, 5289208.430818077], [-9320409.314599998, 5289208.778765514]]], [[[-9320325.266199999, 5289168.858473982], [-9320326.2839, 5289209.57878554], [-9320304.3809, 5289209.767805094], [-9320282.9784, 5289210.035840196], [-9320263.573099999, 5289210.119837827], [-9320263.1416, 5289169.727545424], [-9320282.461299997, 5289169.394444543], [-9320303.779799998, 5289169.04390645], [-9320325.266199999, 5289168.858473982]]], [[[-9320375.453100001, 5289280.534854901], [-9320367.956400001, 5289280.433121118], [-9320368.724799998, 5289234.366453404], [-9320389.6269, 5289234.0193030955], [-9320410.946899999, 5289233.8351659635], [-9320411.595999997, 5289280.176644395], [-9320409.348299999, 5289280.158908239], [-9320391.610599997, 5289280.4787568385], [-9320389.0279, 5289280.487624914], [-9320375.453100001, 5289280.534854901]]], [[[-9320347.3851, 5289280.527381804], [-9320341.389499996, 5289280.662395777], [-9320327.397799997, 5289280.715604238], [-9320327.918199996, 5289234.885186057], [-9320348.6547, 5289234.622930132], [-9320349.299799997, 5289280.525488616], [-9320347.3851, 5289280.527381804]]], [[[-9320230.803799998, 5288867.583469255], [-9320190.912, 5288867.760731097], [-9320190.6581, 5288847.940486781], [-9320190.153299997, 5288828.039035137], [-9320219.467299996, 5288827.7865441255], [-9320229.7069, 5288827.281761434], [-9320229.693999998, 5288816.121241197], [-9320244.559799997, 5288811.2458933005], [-9320272.213, 5288801.929135317], [-9320272.3251, 5288824.582280028], [-9320272.849199995, 5288846.732137021], [-9320230.2984, 5288847.598916479], [-9320230.803799998, 5288867.583469255]]], [[[-9320232.345100002, 5288930.452733015], [-9320231.9926, 5288908.884082175], [-9320273.881099999, 5288908.439582429], [-9320274.313399998, 5288929.591134844], [-9320232.345100002, 5288930.452733015]]], [[[-9320232.934499996, 5288950.52018862], [-9320192.3833, 5288951.5359318685], [-9320192.208300002, 5288931.214988829], [-9320232.345100002, 5288930.452733015], [-9320232.934499996, 5288950.52018862]]], [[[-9320233.627899999, 5288992.3250887375], [-9320234.563399997, 5289013.888958175], [-9320234.904499996, 5289034.125207417], [-9320235.4184, 5289055.109663447], [-9320276.142299995, 5289054.7585275285], [-9320276.5824, 5289076.826483313], [-9320276.975899996, 5289103.142745776], [-9320236.585699996, 5289103.574192587], [-9320236.015699998, 5289076.093521952], [-9320194.7934, 5289076.61544305], [-9320194.364300001, 5289055.796590513], [-9320194.351399997, 5289034.974450143], [-9320193.8411, 5289014.406495032], [-9320193.487999996, 5288992.754243766], [-9320233.627899999, 5288992.3250887375]]], [[[-9320169.9336, 5289081.577081302], [-9320170.3763, 5289103.978238037], [-9320131.239699999, 5289104.898226122], [-9320130.184199996, 5289104.869130862], [-9320129.616399994, 5289082.6275994675], [-9320127.582299996, 5289082.554562401], [-9320127.358199997, 5289063.79310318], [-9320130.724400003, 5289063.757531239], [-9320169.357999993, 5289063.091728117], [-9320169.9336, 5289081.577081302]]], [[[-9320195.415600002, 5289129.499064568], [-9320220.8945, 5289128.696453904], [-9320240.296699999, 5289128.27945508], [-9320241.239299996, 5289169.9996658135], [-9320221.753099997, 5289170.334161662], [-9320196.188599996, 5289170.8875694545], [-9320195.415600002, 5289129.499064568]]], [[[-9320283.5911, 5289281.0778004], [-9320276.262299996, 5289281.141072625], [-9320264.6861, 5289281.240913223], [-9320263.9601, 5289235.686700713], [-9320285.862399999, 5289235.414580311], [-9320306.265099999, 5289235.072013499], [-9320307.327100001, 5289280.9563376345], [-9320304.246899998, 5289280.945775656], [-9320293.584099999, 5289280.908410163], [-9320286.3397, 5289281.031267898], [-9320283.5911, 5289281.0778004]]], [[[-9320197.337799998, 5289236.594333378], [-9320221.6539, 5289236.134887317], [-9320221.960299995, 5289281.359386741], [-9320198.140900003, 5289281.481347705], [-9320197.337799998, 5289236.594333378]]], [[[-9320005.278699998, 5288510.144845576], [-9320050.240799997, 5288509.008736026], [-9320050.9124, 5288528.991290774], [-9320005.948100002, 5288529.877500074], [-9320005.497599997, 5288516.222662951], [-9320005.278699998, 5288510.144845576]]], [[[-9320006.901599998, 5288582.672020016], [-9320006.6398, 5288571.59739265], [-9320052.106800001, 5288571.039700533], [-9320052.2845, 5288591.69304118], [-9320006.902000003, 5288592.4164367085], [-9320006.901599998, 5288582.672020016]]], [[[-9320054.576799994, 5288654.887122087], [-9320055.165199999, 5288674.87067548], [-9320008.6998, 5288675.603337685], [-9320008.353899997, 5288664.446007283], [-9320008.274399994, 5288655.201988466], [-9320054.576799994, 5288654.887122087]]], [[[-9320008.811199997, 5288698.25638054], [-9319969.5935, 5288699.259568801], [-9319969.196999999, 5288682.189226651], [-9320008.747700002, 5288681.183049174], [-9320008.811199997, 5288698.25638054]]], [[[-9320055.601299997, 5288696.521426827], [-9320056.026499996, 5288716.922876347], [-9320009.315299999, 5288718.157431646], [-9320009.370699998, 5288714.908727782], [-9320008.811199997, 5288698.25638054], [-9320055.601299997, 5288696.521426827]]], [[[-9319971.493999999, 5288765.372745595], [-9319970.478399998, 5288734.398858556], [-9320009.724399997, 5288733.483155297], [-9320009.822399998, 5288738.391583806], [-9320010.389599998, 5288765.621450199], [-9320002.5659, 5288766.188409032], [-9319992.737599999, 5288766.106304616], [-9319982.157799998, 5288765.780876229], [-9319971.493999999, 5288765.372745595]]], [[[-9319999.358000001, 5288799.9472704055], [-9320009.686399998, 5288800.309964639], [-9320009.456800003, 5288831.509640383], [-9320002.129799996, 5288831.739213884], [-9319973.650899999, 5288832.233833172], [-9319972.852799997, 5288797.509945229], [-9319983.857600002, 5288798.831188504], [-9319999.358000001, 5288799.9472704055]]], [[[-9320166.857899994, 5288908.196059136], [-9320144.293800002, 5288908.890060656], [-9320122.644199995, 5288909.409490658], [-9320101.156099997, 5288909.344524534], [-9320100.394199997, 5288859.634486686], [-9320100.341699997, 5288856.212307024], [-9320120.012800002, 5288855.96499736], [-9320120.934699997, 5288855.953438976], [-9320120.949699998, 5288857.70224303], [-9320120.9643, 5288859.37691399], [-9320121.716199996, 5288879.017505256], [-9320166.3478, 5288877.966987241], [-9320166.857899994, 5288908.196059136]]], [[[-9320010.148899997, 5288882.9755557785], [-9320009.564100001, 5288860.770895449], [-9320009.484500002, 5288857.354295693], [-9320025.345199998, 5288857.155013142], [-9320028.9106, 5288857.110074923], [-9320041.149899999, 5288856.956328428], [-9320041.271599997, 5288860.374223528], [-9320042.110799998, 5288909.76929532], [-9320025.870699998, 5288909.825692283], [-9320010.716300001, 5288910.205823785], [-9320010.148899997, 5288882.9755557785]]], [[[-9320168.294499995, 5289001.300576673], [-9320168.3842, 5289008.045992998], [-9320168.7715, 5289022.3641473595], [-9320168.873, 5289026.115442638], [-9320169.123400003, 5289045.519687285], [-9320130.503399996, 5289046.106773781], [-9320127.053700002, 5289045.979631486], [-9320126.785799999, 5289027.477240154], [-9320126.724300003, 5289023.225944862], [-9320126.513599996, 5289008.67632378], [-9320126.408199996, 5289001.407292502], [-9320168.294499995, 5289001.300576673]]], [[[-9320020.814699998, 5289106.347907349], [-9320017.566099998, 5289106.375906552], [-9319992.7508, 5289106.839039303], [-9319986.086299999, 5289106.646432678], [-9319985.911100002, 5289076.580468959], [-9319988.042600002, 5289077.651214301], [-9320016.787299996, 5289060.349001887], [-9320020.142199995, 5289061.473952092], [-9320020.201899998, 5289065.459404538], [-9320020.476599997, 5289083.782940288], [-9320020.814699998, 5289106.347907349]]], [[[-9320148.636000002, 5289171.381292094], [-9320148.6708, 5289175.430017097], [-9320149.728999998, 5289211.267406721], [-9320133.239299998, 5289211.409395585], [-9320132.760199998, 5289175.603492608], [-9320132.8261, 5289171.5762901185], [-9320132.9406, 5289167.6601877], [-9320132.2064, 5289130.1268047355], [-9320147.946499996, 5289129.991292569], [-9320148.683700003, 5289167.465887164], [-9320148.636000002, 5289171.381292094]]], [[[-9319844.643299997, 5289133.181009821], [-9319845.0531, 5289171.241196435], [-9319845.247800002, 5289174.5980122285], [-9319821.293700002, 5289169.423639456], [-9319814.2666, 5289167.905604223], [-9319814.828699997, 5289164.383782437], [-9319822.118299996, 5289128.793305253], [-9319828.461099999, 5289130.321404195], [-9319836.970699996, 5289131.9974704785], [-9319844.643299997, 5289133.181009821]]], [[[-9319981.5539, 5289131.672440556], [-9319982.7112, 5289169.511224158], [-9319982.6622, 5289173.426928024], [-9319965.508399999, 5289173.638067929], [-9319948.1018, 5289173.852396375], [-9319948.1515, 5289169.936692514], [-9319947.573199999, 5289131.714588833], [-9319964.7306, 5289131.733719961], [-9319981.5539, 5289131.672440556]]], [[[-9319915.5429, 5289174.253153687], [-9319898.142400002, 5289174.46738249], [-9319898.185700001, 5289170.551678621], [-9319897.528699996, 5289132.977143717], [-9319914.767099997, 5289132.745776632], [-9319915.506200003, 5289170.338645512], [-9319915.5429, 5289174.253153687]]], [[[-9319779.556600003, 5289206.285241873], [-9319773.961899996, 5289204.584065889], [-9319788.844499996, 5289166.344324684], [-9319790.094599998, 5289162.800482179], [-9319805.229699995, 5289165.953730779], [-9319804.3679, 5289169.536831968], [-9319794.410699999, 5289209.656107194], [-9319788.6543, 5289208.539227816], [-9319779.556600003, 5289206.285241873]]], [[[-9319657.165399997, 5289162.439780668], [-9319663.6343, 5289168.964492326], [-9319669.6783, 5289174.493089942], [-9319676.386499995, 5289179.766306917], [-9319639.831300002, 5289219.64235803], [-9319639.381799994, 5289176.83476017], [-9319657.165399997, 5289162.439780668]]], [[[-9319931.7816, 5289174.053273239], [-9319931.728799999, 5289177.793010577], [-9319932.129800001, 5289214.887773882], [-9319915.804499999, 5289214.778168447], [-9319915.490299994, 5289177.969774247], [-9319915.5429, 5289174.253153687], [-9319931.7816, 5289174.053273239]]], [[[-9319612.382399999, 5289301.752475575], [-9319612.183799997, 5289288.260842805], [-9319634.830299998, 5289287.850121315], [-9319655.653299995, 5289287.472480753], [-9319656.985700002, 5289287.454246391], [-9319671.976, 5289287.249483498], [-9319672.298499996, 5289300.736931333], [-9319655.6863, 5289301.048708987], [-9319612.382399999, 5289301.752475575]]]]}, "properties": {"Group": 64, "Chld_Rt": 0.143215605688933, "Med_Income": 42403.791666666664, "Bay_Ld_Est": 4.100092375259318}}, {"type": "Feature", "geometry": {"type": "MultiPolygon", "coordinates": [[[[-9312959.758000001, 5285270.593816581], [-9312959.578999996, 5285244.026436882], [-9313003.0143, 5285242.674408165], [-9313000.2717, 5285254.766042821], [-9312997.435899999, 5285264.195170388], [-9312995.725899996, 5285270.0862453235], [-9312959.758000001, 5285270.593816581]]], [[[-9313288.5826, 5285588.314434998], [-9313287.410099998, 5285545.286252062], [-9313307.9037, 5285545.318834672], [-9313308.978499996, 5285587.934005554], [-9313288.5826, 5285588.314434998]]], [[[-9313204.9202, 5285547.089555296], [-9313205.8222, 5285589.544005265], [-9313185.3459, 5285590.010524556], [-9313184.3461, 5285547.142663962], [-9313204.9202, 5285547.089555296]]], [[[-9313164.117899999, 5285590.419949531], [-9313142.875399994, 5285590.413173937], [-9313140.805799998, 5285547.91607758], [-9313163.611599999, 5285547.36815159], [-9313164.117899999, 5285590.419949531]]], [[[-9313072.374099996, 5285622.587461053], [-9313075.951799996, 5285657.062759297], [-9313076.369399996, 5285667.312134769], [-9313054.136600003, 5285667.581464472], [-9313052.3992, 5285623.06822902], [-9313072.374099996, 5285622.587461053]]], [[[-9312971.545499995, 5285668.402606223], [-9312970.395100001, 5285624.042120427], [-9312991.7076, 5285623.779068119], [-9312992.2795, 5285668.320203089], [-9312971.545499995, 5285668.402606223]]], [[[-9312974.098299997, 5285774.524295725], [-9312975.383100001, 5285817.549895601], [-9312954.159399997, 5285818.060555946], [-9312952.4526, 5285774.795319354], [-9312974.098299997, 5285774.524295725]]], [[[-9313108.906699996, 5285922.520244943], [-9313064.056899996, 5285924.099455982], [-9313063.306699995, 5285903.296895503], [-9313017.046199998, 5285905.076385028], [-9313016.1725, 5285882.611214318], [-9313041.123799996, 5285881.261177745], [-9313062.5974, 5285880.744439256], [-9313060.870299995, 5285840.276224368], [-9313080.269499995, 5285839.927281429], [-9313082.069399996, 5285880.109327218], [-9313107.2881, 5285879.502313942], [-9313108.072899995, 5285901.719776964], [-9313108.906699996, 5285922.520244943]]], [[[-9313132.869100003, 5285883.550231557], [-9313154.16, 5285882.371378306], [-9313176.549199998, 5285881.832419867], [-9313177.299799994, 5285902.634681081], [-9313133.708899999, 5285904.600499363], [-9313132.869100003, 5285883.550231557]]], [[[-9313242.291099994, 5285900.570018873], [-9313287.108399997, 5285897.658108832], [-9313287.958900003, 5285920.015069616], [-9313242.833399994, 5285919.628561982], [-9313242.291099994, 5285900.570018873]]], [[[-9313225.867899999, 5286027.805667819], [-9313181.4852, 5286028.0415182], [-9313180.645099996, 5286006.991049113], [-9313225.241499998, 5286005.250917663], [-9313225.867899999, 5286027.805667819]]], [[[-9313169.290100003, 5286140.685442531], [-9313144.478600001, 5286140.949790299], [-9313142.380799996, 5286091.862515492], [-9313166.770000001, 5286091.358331699], [-9313169.290100003, 5286140.685442531]]], [[[-9312924.653400002, 5285221.922376604], [-9312915.1777, 5285167.690074189], [-9312934.670200001, 5285162.730144813], [-9312938.967899999, 5285187.5030881455], [-9312941.468800003, 5285216.8362018615], [-9312934.957300002, 5285218.813178892], [-9312924.653400002, 5285221.922376604]]], [[[-9312889.7484, 5285231.389367501], [-9312873.0046, 5285236.1396524925], [-9312851.366799997, 5285198.57659059], [-9312871.8598, 5285186.697789618], [-9312889.7484, 5285231.389367501]]], [[[-9312885.713600002, 5285339.99178341], [-9312884.913699996, 5285298.034550235], [-9312906.3965, 5285297.783454894], [-9312907.862099996, 5285339.717571363], [-9312906.777599998, 5285339.67213506], [-9312887.383399999, 5285340.100093199], [-9312885.713600002, 5285339.99178341]]], [[[-9312920.831099998, 5285403.325402675], [-9312921.483899998, 5285443.455621615], [-9312901.5963, 5285444.067317812], [-9312901.339100001, 5285403.340149542], [-9312920.831099998, 5285403.325402675]]], [[[-9312772.706399998, 5285445.822394654], [-9312772.211899998, 5285405.436795718], [-9312796.856400002, 5285405.075497408], [-9312797.264999997, 5285445.380885319], [-9312798.520100001, 5285486.07318054], [-9312773.886999996, 5285486.767379522], [-9312772.706399998, 5285445.822394654]]], [[[-9312798.912999997, 5285554.536825025], [-9312799.963899996, 5285594.153996997], [-9312776.239699995, 5285594.649711099], [-9312776.026799994, 5285555.170043729], [-9312775.278499994, 5285512.293615163], [-9312798.838899996, 5285511.886780872], [-9312798.912999997, 5285554.536825025]]], [[[-9312923.430199996, 5285592.088338873], [-9312922.631299997, 5285552.545798086], [-9312940.4391, 5285552.006640506], [-9312951.940200001, 5285551.8670434365], [-9312952.071799997, 5285591.670245122], [-9312941.008899996, 5285592.140251851], [-9312923.430199996, 5285592.088338873]]], [[[-9312820.781699998, 5285593.926416892], [-9312820.137899995, 5285554.045196207], [-9312840.5367, 5285553.748863805], [-9312862.843399998, 5285553.219271761], [-9312882.573699996, 5285552.862855822], [-9312883.806, 5285592.890150207], [-9312862.985200003, 5285593.034729343], [-9312841.085799998, 5285593.300073391], [-9312820.781699998, 5285593.926416892]]], [[[-9312847.2428, 5285669.6433363585], [-9312825.432699997, 5285670.001147305], [-9312824.626000002, 5285626.048591838], [-9312846.689500002, 5285625.8513026005], [-9312847.2428, 5285669.6433363585]]], [[[-9312885.222399998, 5285926.153058057], [-9312840.013799999, 5285926.657241778], [-9312839.024299996, 5285906.276760759], [-9312884.389099998, 5285905.35259002], [-9312885.222399998, 5285926.153058057]]], [[[-9312848.5992, 5286422.769238985], [-9312830.161699995, 5286432.697875837], [-9312820.3236, 5286382.447878147], [-9312827.9393, 5286380.5158374645], [-9312839.2924, 5286378.1606210945], [-9312848.5992, 5286422.769238985]]], [[[-9312718.746099994, 5285381.980105958], [-9312714.634399999, 5285381.123990396], [-9312710.508299997, 5285379.852072912], [-9312705.294599997, 5285378.451219948], [-9312703.1854, 5285377.69205509], [-9312702.486399999, 5285340.9791261535], [-9312729.299699998, 5285340.708999382], [-9312729.566, 5285384.101263801], [-9312726.473, 5285383.792675579], [-9312722.9496, 5285383.082833024], [-9312718.746099994, 5285381.980105958]]], [[[-9312722.1215, 5285404.687594952], [-9312730.663099999, 5285405.97206724], [-9312738.245900001, 5285406.040221687], [-9312747.897199998, 5285405.703036511], [-9312747.984299999, 5285446.352883417], [-9312723.101599995, 5285447.0555518605], [-9312722.1215, 5285404.687594952]]], [[[-9312561.088200001, 5285473.540233661], [-9312567.021999996, 5285462.169997927], [-9312576.3622, 5285445.765997835], [-9312601.249599997, 5285469.055391487], [-9312601.5996, 5285488.619905333], [-9312553.150599996, 5285489.562011157], [-9312556.690299999, 5285481.191169213], [-9312561.088200001, 5285473.540233661]]], [[[-9312689.483899998, 5285671.769576363], [-9312688.011899998, 5285627.832863744], [-9312705.581300002, 5285627.74398395], [-9312706.464599999, 5285671.444846228], [-9312689.483899998, 5285671.769576363]]], [[[-9312638.8646, 5285672.319395573], [-9312638.0607, 5285628.450040282], [-9312655.126600001, 5285628.206517604], [-9312656.094999995, 5285671.98868699], [-9312638.8646, 5285672.319395573]]], [[[-9312605.896099998, 5285672.694942634], [-9312606.2056, 5285713.3282574965], [-9312590.962599998, 5285713.194738496], [-9312573.7323, 5285713.525247817], [-9312557.5837, 5285713.829750832], [-9312538.8452, 5285713.780029946], [-9312537.291300002, 5285673.342908266], [-9312535.080999998, 5285629.840530844], [-9312554.728899997, 5285629.618630279], [-9312556.437999997, 5285673.049863987], [-9312572.671699995, 5285672.826568432], [-9312590.326099996, 5285672.81899571], [-9312589.859399999, 5285629.1081692865], [-9312605.7602, 5285628.892845013], [-9312605.896099998, 5285672.694942634]]], [[[-9312739.7642, 5285670.97762943], [-9312740.8987, 5285711.258214969], [-9312724.417299999, 5285711.570988181], [-9312723.365999999, 5285671.288509451], [-9312739.7642, 5285670.97762943]]], [[[-9312773.566499995, 5286072.584460601], [-9312727.297299998, 5286074.029554938], [-9312726.5929, 5286051.643197382], [-9312772.620199999, 5286050.537081953], [-9312773.566499995, 5286072.584460601]]]]}, "properties": {"Group": 65, "Chld_Rt": 0.266374642058324, "Med_Income": 47101.74418604651, "Bay_Ld_Est": 12.069079136561452}}, {"type": "Feature", "geometry": {"type": "MultiPolygon", "coordinates": [[[[-9316096.659999996, 5293280.026310601], [-9316097.2738, 5293326.473453937], [-9316080.570199998, 5293326.724052609], [-9316080.246199997, 5293280.146777313], [-9316096.659999996, 5293280.026310601]]], [[[-9316214.6639, 5293324.712786502], [-9316215.017499998, 5293369.718814642], [-9316198.939799998, 5293369.828619707], [-9316198.416800002, 5293324.956609548], [-9316214.6639, 5293324.712786502]]], [[[-9315975.406199995, 5293436.62467917], [-9315992.1542, 5293436.510589502], [-9316008.8174, 5293436.39709769], [-9316009.025699995, 5293483.910711017], [-9315975.697399996, 5293484.207942012], [-9315975.406199995, 5293436.62467917]]], [[[-9316199.732200002, 5293544.363390429], [-9316199.406600002, 5293502.959600575], [-9316216.070199996, 5293502.7709789695], [-9316232.815700002, 5293502.581360938], [-9316232.894099997, 5293543.96143606], [-9316216.730000002, 5293544.15743116], [-9316199.732200002, 5293544.363390429]]], [[[-9316132.330199996, 5293545.17965472], [-9316132.168699998, 5293503.72026482], [-9316148.498499999, 5293503.5355292205], [-9316165.2464, 5293503.346110485], [-9316165.7395, 5293544.775010028], [-9316148.245899996, 5293544.986947792], [-9316132.330199996, 5293545.17965472]]], [[[-9316115.751699997, 5293545.380233332], [-9316132.330199996, 5293545.17965472], [-9316132.506799996, 5293588.988595829], [-9316116.011499997, 5293589.166256873], [-9316115.751699997, 5293545.380233332]]], [[[-9316041.427299999, 5293546.017840166], [-9316042.356399998, 5293589.899519707], [-9316025.1086, 5293590.008129092], [-9316024.6799, 5293546.149765707], [-9316041.427299999, 5293546.017840166]]], [[[-9316100.011799997, 5293652.626126045], [-9316099.590999998, 5293609.918621506], [-9316115.587499999, 5293609.822068747], [-9316116.342799999, 5293652.488720216], [-9316100.011799997, 5293652.626126045]]], [[[-9316200.4137, 5293651.781164896], [-9316200.848899996, 5293696.29856171], [-9316183.351200001, 5293696.455198383], [-9316182.916299997, 5293651.928335597], [-9316200.4137, 5293651.781164896]]], [[[-9316102.5756, 5293766.408819019], [-9316102.7634, 5293811.492881884], [-9316085.765600001, 5293811.658187394], [-9316085.330699995, 5293766.662805604], [-9316102.5756, 5293766.408819019]]], [[[-9316012.3687, 5293877.094758749], [-9316011.349099996, 5293832.251427853], [-9316027.9302, 5293832.09030728], [-9316028.783400001, 5293876.95665539], [-9316012.3687, 5293877.094758749]]], [[[-9315978.206100002, 5293877.381826375], [-9315961.708300002, 5293877.5205275705], [-9315944.876999998, 5293877.661919079], [-9315944.2741, 5293832.902586086], [-9315961.188699998, 5293832.738476272], [-9315994.933399996, 5293832.4108545035], [-9315995.287400002, 5293877.23834238], [-9315978.206100002, 5293877.381826375]]], [[[-9315349.855899995, 5292919.425242889], [-9315349.7113, 5292879.640947658], [-9315362.125999998, 5292879.5676114485], [-9315383.469800001, 5292919.11585575], [-9315370.434699997, 5292919.23582422], [-9315349.855899995, 5292919.425242889]]], [[[-9315332.9038, 5293224.515169964], [-9315339.9857, 5293224.4490079265], [-9315349.400699997, 5293224.360825113], [-9315349.059899997, 5293266.1869868785], [-9315332.646399997, 5293266.321204133], [-9315332.9038, 5293224.515169964]]], [[[-9315789.394999994, 5293326.39523527], [-9315789.5994, 5293373.744834444], [-9315772.602399994, 5293373.882638819], [-9315772.898299998, 5293326.5639285315], [-9315789.394999994, 5293326.39523527]]], [[[-9315416.606100002, 5293443.960993383], [-9315400.275499998, 5293444.063225695], [-9315383.028499998, 5293444.171237231], [-9315383.3317, 5293397.749498299], [-9315416.0775, 5293397.405336118], [-9315416.606100002, 5293443.960993383]]], [[[-9315825.264299996, 5293437.645706933], [-9315825.889699997, 5293485.542940595], [-9315807.559799999, 5293485.706153584], [-9315807.5168, 5293437.766372955], [-9315825.264299996, 5293437.645706933]]], [[[-9315807.553399999, 5293612.387542104], [-9315807.881599996, 5293654.319834727], [-9315791.467499997, 5293654.4140957305], [-9315790.972499998, 5293612.508805994], [-9315807.553399999, 5293612.387542104]]], [[[-9314542.490400001, 5293698.351279328], [-9314543.687400002, 5293772.420100379], [-9314379.581600001, 5293776.519358051], [-9314379.360599995, 5293701.632877386], [-9314542.490400001, 5293698.351279328]]], [[[-9315205.1274, 5293818.84763193], [-9315205.038499996, 5293775.055522511], [-9315222.286300002, 5293774.921305201], [-9315222.373999998, 5293818.7885444295], [-9315205.1274, 5293818.84763193]]], [[[-9315759.632599996, 5293834.692648492], [-9315776.8811, 5293834.525549436], [-9315793.294799997, 5293834.366720636], [-9315794.395999994, 5293878.924976801], [-9315777.7312, 5293879.06467441], [-9315760.4836, 5293879.209354103], [-9315759.632599996, 5293834.692648492]]], [[[-9315023.4674, 5293882.334814146], [-9315023.475199997, 5293926.541835083], [-9315007.559999999, 5293926.611584249], [-9315006.8027, 5293882.455779116], [-9315023.4674, 5293882.334814146]]], [[[-9315912.895600002, 5294102.440575941], [-9315895.6471, 5294102.557854201], [-9315888.313999997, 5294102.607675046], [-9315887.310299996, 5294049.124306987], [-9315995.883200001, 5294048.327671787], [-9315996.387899997, 5294101.871920883], [-9315979.972900001, 5294101.983718841], [-9315960.6412, 5294102.115445159], [-9315912.895600002, 5294102.440575941]]], [[[-9315811.503800001, 5294179.613657138], [-9315811.752499998, 5294243.028218189], [-9315795.7564, 5294243.304424955], [-9315795.1727, 5294179.729141841], [-9315811.503800001, 5294179.613657138]]]]}, "properties": {"Group": 66, "Chld_Rt": 0.087101180376972, "Med_Income": 19967.423076923078, "Bay_Ld_Est": 16.95052615726349}}, {"type": "Feature", "geometry": {"type": "MultiPolygon", "coordinates": [[[[-9315835.033999996, 5283119.857328116], [-9315850.094199996, 5283157.75372809], [-9315827.041300002, 5283169.009257011], [-9315811.814700002, 5283131.115447382], [-9315835.033999996, 5283119.857328116]]], [[[-9315945.2405, 5283218.072507415], [-9315907.082099998, 5283237.716401083], [-9315899.223899998, 5283219.105982255], [-9315892.471799996, 5283202.06052278], [-9315930.483799994, 5283183.751019806], [-9315938.336899998, 5283202.028338785], [-9315944.2831, 5283215.340255834], [-9315945.2405, 5283218.072507415]]], [[[-9316146.801199997, 5283307.743889713], [-9316151.699, 5283320.589787583], [-9316109.360199995, 5283338.566691318], [-9316106.563899994, 5283331.314431463], [-9316146.801199997, 5283307.743889713]]], [[[-9315748.096399995, 5283391.025011072], [-9315731.190000001, 5283351.404120026], [-9315746.8114, 5283343.5978569435], [-9315762.796299996, 5283382.992164442], [-9315748.096399995, 5283391.025011072]]], [[[-9316129.823200002, 5283400.161180979], [-9316125.376699997, 5283385.70309325], [-9316119.895500002, 5283369.8556135865], [-9316164.485300003, 5283351.988115079], [-9316170.602399997, 5283366.653654686], [-9316176.0497, 5283381.169533898], [-9316133.198699998, 5283398.660091444], [-9316129.823200002, 5283400.161180979]]], [[[-9315639.349900002, 5283449.816107564], [-9315629.410299996, 5283455.146794044], [-9315602.286799999, 5283409.872577618], [-9315633.4408, 5283407.168424342], [-9315639.349900002, 5283449.816107564]]], [[[-9315605.104899997, 5283613.214676467], [-9315586.351599999, 5283625.596549798], [-9315579.918199994, 5283614.851676387], [-9315570.667299999, 5283621.081024613], [-9315563.191199996, 5283608.614058013], [-9315575.051999997, 5283600.237150104], [-9315578.161199996, 5283598.076836325], [-9315607.859999994, 5283577.341072533], [-9315624.895599999, 5283599.058099643], [-9315605.104899997, 5283613.214676467]]], [[[-9315854.172899999, 5283824.726662708], [-9315850.9105, 5283817.565172993], [-9315848.612099994, 5283812.294269538], [-9315846.6465, 5283807.01499629], [-9315844.982099995, 5283800.479151796], [-9315842.6888, 5283792.127451797], [-9315840.5852, 5283784.686868125], [-9315839.5054, 5283778.219477041], [-9315837.630199999, 5283769.940415381], [-9315836.5072, 5283765.056218418], [-9315834.933399998, 5283755.520386355], [-9315833.4721, 5283747.147463134], [-9315831.898299998, 5283737.611930123], [-9315831.046800002, 5283730.30616089], [-9315830.297799995, 5283723.747100464], [-9315829.054700002, 5283714.119698735], [-9315828.0179, 5283706.069313303], [-9315827.9768, 5283701.157615693], [-9315827.278299998, 5283696.595657596], [-9315826.7273, 5283691.280813011], [-9315826.118199999, 5283686.966362891], [-9315824.914300002, 5283682.167458837], [-9315822.4672, 5283674.319344582], [-9315817.0046, 5283662.467560266], [-9315958.208299998, 5283708.097104901], [-9315994.780199997, 5283751.550294923], [-9315868.405999996, 5283854.092029275], [-9315856.921199998, 5283831.318206582], [-9315854.172899999, 5283824.726662708]]], [[[-9315718.309299996, 5283838.744940434], [-9315706.463099996, 5283847.704749105], [-9315663.965199998, 5283797.073027656], [-9315668.711299997, 5283793.78846541], [-9315676.304199997, 5283787.850864874], [-9315718.309299996, 5283838.744940434]]], [[[-9315596.462399999, 5283834.170925309], [-9315603.852399997, 5283843.2263892], [-9315582.210299997, 5283859.928195658], [-9315577.8298, 5283854.626702294], [-9315574.886799999, 5283856.783130511], [-9315540.216599999, 5283816.027514766], [-9315565.7935, 5283796.894770117], [-9315589.511700002, 5283826.0203004], [-9315596.462399999, 5283834.170925309]]], [[[-9315774.690499997, 5283926.77986351], [-9315763.486700002, 5283912.956881003], [-9315758.3107, 5283905.843716622], [-9315724.606500002, 5283863.815186928], [-9315734.811599996, 5283855.812827489], [-9315794.3045, 5283811.506110112], [-9315842.540700002, 5283873.279577252], [-9315774.690499997, 5283926.77986351]]], [[[-9315622.3232, 5283977.485125006], [-9315635.771999998, 5283995.629932774], [-9315641.4061, 5283991.240651325], [-9315653.6205, 5284006.668949294], [-9315661.183300002, 5284015.969929585], [-9315600.2065, 5284064.228113477], [-9315571.4032, 5284026.28884145], [-9315545.230499998, 5283994.342373014], [-9315588.239099998, 5283963.193730073], [-9315606.614099996, 5283988.457979814], [-9315622.3232, 5283977.485125006]]], [[[-9315895.309, 5284038.34748362], [-9315945.1469, 5283997.447881062], [-9315961.469900003, 5284017.268250582], [-9315937.091900002, 5284037.704301558], [-9315939.4873, 5284040.224917593], [-9315913.779800002, 5284060.777947353], [-9315895.309, 5284038.34748362]]], [[[-9315770.9504, 5284154.912404166], [-9315775.050899995, 5284149.146284001], [-9315794.038299996, 5284119.687248316], [-9315816.090299997, 5284102.724180043], [-9315869.616999995, 5284167.899501612], [-9315885.934899999, 5284187.890359345], [-9315848.364899999, 5284217.5835527275], [-9315850.288200002, 5284220.0169833], [-9315858.534499997, 5284213.562643005], [-9315877.702900002, 5284237.224970505], [-9315869.456499998, 5284243.679310917], [-9315853.205099994, 5284256.2488141395], [-9315817.2617, 5284211.361475434], [-9315801.5401, 5284192.274759051], [-9315790.331899997, 5284178.537066322], [-9315783.2358, 5284169.839410618], [-9315739.7288, 5284204.3334027715], [-9315770.9504, 5284154.912404166]]], [[[-9315675.6799, 5284400.893167301], [-9315655.156899996, 5284376.348317076], [-9315671.569300001, 5284363.08979566], [-9315680.697299998, 5284355.716167411], [-9315700.9558, 5284379.6846941], [-9315675.6799, 5284400.893167301]]], [[[-9315387.508599997, 5283470.346509503], [-9315364.161699997, 5283439.380421193], [-9315374.291899996, 5283431.713555158], [-9315386.4518, 5283421.997275951], [-9315410.8404, 5283451.354861394], [-9315398.377099996, 5283462.2446112605], [-9315390.043800002, 5283468.533743261], [-9315387.508599997, 5283470.346509503]]], [[[-9315181.8281, 5283521.926201403], [-9315248.401699997, 5283467.869935839], [-9315264.122499997, 5283487.184918783], [-9315191.996799998, 5283544.972536437], [-9315177.094499996, 5283525.70936587], [-9315181.8281, 5283521.926201403]]], [[[-9314889.2855, 5283629.154625818], [-9314874.276299998, 5283611.461694561], [-9314856.372499999, 5283588.2664948795], [-9314768.458300002, 5283657.93001431], [-9314736.5242, 5283619.851057639], [-9314850.3739, 5283532.288851685], [-9314928.3789, 5283472.29369126], [-9314944.869699996, 5283469.212696113], [-9314950.1156, 5283475.824564906], [-9315047.8887, 5283437.301813193], [-9315077.870599998, 5283477.176691431], [-9314889.2855, 5283629.154625818]]], [[[-9315235.732799996, 5283612.237099838], [-9315277.664299997, 5283578.03746258], [-9315276.365699997, 5283576.072046379], [-9315282.2264, 5283571.406063653], [-9315266.0238, 5283552.064674617], [-9315260.311299996, 5283556.911007244], [-9315243.9247, 5283536.877712232], [-9315255.574599998, 5283527.6386123635], [-9315271.641599996, 5283547.298851819], [-9315296.8602, 5283527.177175496], [-9315346.097699998, 5283587.630586837], [-9315316.4015, 5283611.778951102], [-9315267.0887, 5283650.412309363], [-9315235.732799996, 5283612.237099838]]], [[[-9315426.641199997, 5283648.041155414], [-9315413.736799996, 5283631.631498725], [-9315412.194800003, 5283629.921960217], [-9315404.6429, 5283621.037182629], [-9315443.3983, 5283589.66485489], [-9315451.045899998, 5283599.046640934], [-9315452.5068, 5283600.841372352], [-9315465.827200001, 5283617.240566367], [-9315426.641199997, 5283648.041155414]]], [[[-9315558.8236, 5283676.169376792], [-9315543.670099994, 5283686.0452825995], [-9315534.5004, 5283692.189139286], [-9315518.4494, 5283673.194697984], [-9315528.590399995, 5283665.943731582], [-9315543.729000002, 5283655.485425003], [-9315553.310699996, 5283649.16440701], [-9315566.851599999, 5283670.970215356], [-9315558.8236, 5283676.169376792]]], [[[-9315515.480299998, 5283677.599721628], [-9315506.506300002, 5283684.9043945195], [-9315475.813899998, 5283709.162365562], [-9315459.0638, 5283688.853162603], [-9315499.003, 5283658.199742167], [-9315514.1026, 5283675.802797998], [-9315515.480299998, 5283677.599721628]]], [[[-9315275.637, 5283804.070906924], [-9315243.192699999, 5283765.672995499], [-9315282.0239, 5283733.965970541], [-9315313.473899996, 5283772.555191538], [-9315275.637, 5283804.070906924]]], [[[-9315276.180099998, 5283940.781502301], [-9315258.224999996, 5283918.919990166], [-9315241.564499997, 5283898.857494779], [-9315268.657999998, 5283877.105687977], [-9315285.476599997, 5283896.831097878], [-9315310.445499996, 5283876.258541086], [-9315293.7007, 5283856.57149325], [-9315346.405799998, 5283812.434065718], [-9315381.154599996, 5283854.359266139], [-9315328.713399999, 5283897.735737575], [-9315276.180099998, 5283940.781502301]]], [[[-9315518.433400001, 5283866.622369825], [-9315470.6231, 5283902.138569867], [-9315453.510399997, 5283880.67263273], [-9315501.231099999, 5283844.908726033], [-9315518.433400001, 5283866.622369825]]]]}, "properties": {"Group": 67, "Chld_Rt": 0.198811065908806, "Med_Income": 15715.153846153846, "Bay_Ld_Est": 9.537081339712918}}, {"type": "Feature", "geometry": {"type": "MultiPolygon", "coordinates": [[[[-9313335.211499998, 5288865.398734603], [-9313352.3749, 5288865.690583903], [-9313352.447700001, 5288909.253651691], [-9313335.118999999, 5288909.047792808], [-9313335.211499998, 5288865.398734603]]], [[[-9313304.038999999, 5288962.385572475], [-9313295.206700003, 5288962.202132858], [-9313277.045199994, 5288962.0104230335], [-9313277.476800002, 5288918.688485374], [-9313304.801999997, 5288918.974655132], [-9313304.038999999, 5288962.385572475]]], [[[-9313375.9365, 5288963.248167072], [-9313376.693499997, 5288919.504248536], [-9313394.106799996, 5288919.791713645], [-9313393.265199995, 5288963.453926322], [-9313375.9365, 5288963.248167072]]], [[[-9313237.667299999, 5289031.982022896], [-9313237.563999997, 5288986.5863484265], [-9313253.141199999, 5288986.655499492], [-9313253.329300001, 5289032.132879809], [-9313237.667299999, 5289031.982022896]]], [[[-9313276.892099997, 5289031.566718004], [-9313276.801399997, 5288986.920644954], [-9313295.715, 5288987.266200931], [-9313309.794799995, 5288987.443861355], [-9313309.1349, 5289032.01938838], [-9313294.8067, 5289031.929213014], [-9313276.892099997, 5289031.566718004]]], [[[-9313344.335699996, 5289103.725348422], [-9313343.5249, 5289149.220369374], [-9313325.5282, 5289148.942569429], [-9313326.835999995, 5289103.272478735], [-9313344.335699996, 5289103.725348422]]], [[[-9313236.592400001, 5289145.452931838], [-9313252.9264, 5289145.925630161], [-9313252.765799996, 5289190.493490246], [-9313236.434600001, 5289190.187392172], [-9313236.592400001, 5289145.452931838]]], [[[-9313200.7263, 5289216.282353589], [-9313200.253600001, 5289257.19068978], [-9313185.505899994, 5289256.94098866], [-9313185.8148, 5289216.201943055], [-9313200.7263, 5289216.282353589]]], [[[-9313327.359799998, 5289217.633589318], [-9313326.674599996, 5289260.711216474], [-9313310.845599998, 5289260.563249128], [-9313311.115999997, 5289217.575996656], [-9313327.359799998, 5289217.633589318]]], [[[-9313360.582099997, 5289261.052388313], [-9313361.185399998, 5289218.059256986], [-9313378.0164, 5289218.356686282], [-9313392.008899998, 5289218.285940953], [-9313392.317499999, 5289261.013528206], [-9313377.657299997, 5289261.012432149], [-9313360.582099997, 5289261.052388313]]], [[[-9313217.451799996, 5289303.714014437], [-9313217.498100001, 5289257.314942493], [-9313221.911599996, 5289257.2401118595], [-9313233.406099996, 5289257.21181373], [-9313252.653399996, 5289257.551789876], [-9313252.5254, 5289304.035656579], [-9313233.612399999, 5289303.77320136], [-9313217.451799996, 5289303.714014437]]], [[[-9313293.7662, 5289373.308888903], [-9313276.439600002, 5289373.269530584], [-9313276.506800001, 5289328.119260731], [-9313294.750799999, 5289328.226375144], [-9313293.7662, 5289373.308888903]]], [[[-9313326.408799997, 5289328.522409495], [-9313325.6811, 5289374.0170397395], [-9313309.8507, 5289373.785772248], [-9313310.581299994, 5289328.457642643], [-9313326.408799997, 5289328.522409495]]], [[[-9313394.062299998, 5289329.456945365], [-9313393.422399996, 5289375.200081092], [-9313377.174099997, 5289374.892687637], [-9313377.729300002, 5289329.067547113], [-9313394.062299998, 5289329.456945365]]], [[[-9313185.582000002, 5289438.368990906], [-9313216.490999997, 5289438.677978641], [-9313216.4064, 5289463.170214358], [-9313185.991300002, 5289462.5196561515], [-9313185.582000002, 5289438.368990906]]], [[[-9312842.757799996, 5288903.394246158], [-9312843.920999998, 5288858.8941519875], [-9312861.1689, 5288859.268803192], [-9312860.504199997, 5288903.677127753], [-9312842.757799996, 5288903.394246158]]], [[[-9312879.496599998, 5288903.772285176], [-9312880.161499998, 5288859.363860976], [-9312896.408899996, 5288859.67215109], [-9312895.909199994, 5288903.994385602], [-9312879.496599998, 5288903.772285176]]], [[[-9313058.284299998, 5288871.675537271], [-9313059.3414, 5288865.243692765], [-9313060.275800003, 5288861.396244108], [-9313079.520999994, 5288861.6534182485], [-9313078.855799995, 5288905.978642067], [-9313054.776700001, 5288905.553472725], [-9313054.5989, 5288899.97555383], [-9313055.5558, 5288892.545901395], [-9313056.432400001, 5288885.284244222], [-9313057.554499995, 5288877.768501826], [-9313058.284299998, 5288871.675537271]]], [[[-9313149.835399995, 5288906.77517447], [-9313134.008499995, 5288906.710009067], [-9313133.757399997, 5288862.400528552], [-9313149.668899996, 5288862.547499431], [-9313149.835399995, 5288906.77517447]]], [[[-9312850.2164, 5289073.528655402], [-9312851.324499996, 5289025.779850779], [-9312871.7357, 5289026.017694549], [-9312870.630500002, 5289073.932900136], [-9312850.2164, 5289073.528655402]]], [[[-9312946.161399996, 5289141.792907622], [-9312928.668699997, 5289141.755741426], [-9312929.3557, 5289098.678616433], [-9312946.934499998, 5289098.880888266], [-9312946.161399996, 5289141.792907622]]], [[[-9313168.034200002, 5289189.3477149075], [-9313152.040299997, 5289189.285538737], [-9313152.5217, 5289143.9623976415], [-9313168.519699998, 5289144.274374538], [-9313168.034200002, 5289189.3477149075]]], [[[-9312906.451500002, 5289300.651239794], [-9312888.3742, 5289300.540538302], [-9312889.023400001, 5289255.214105148], [-9312907.4394, 5289255.652227979], [-9312906.451500002, 5289300.651239794]]], [[[-9312984.502000002, 5289325.319937684], [-9313003.081799997, 5289325.588471017], [-9313002.276399996, 5289371.500996854], [-9312983.442399995, 5289370.9867480155], [-9312964.029799994, 5289370.73236374], [-9312943.620599996, 5289370.661319482], [-9312927.125299996, 5289370.523814461], [-9312928.1838, 5289324.7738036355], [-9312944.681799995, 5289325.077709639], [-9312964.757599998, 5289325.154433472], [-9312984.502000002, 5289325.319937684]]], [[[-9313152.456200002, 5289326.890284769], [-9313151.5399, 5289371.138601376], [-9313135.8775, 5289370.987445509], [-9313137.043399999, 5289326.734943975], [-9313152.456200002, 5289326.890284769]]], [[[-9313184.8636, 5289327.173963603], [-9313184.3682, 5289371.665205748], [-9313167.954799999, 5289371.44360345], [-9313168.8681, 5289327.028686564], [-9313184.8636, 5289327.173963603]]], [[[-9313026.029199999, 5289372.265046466], [-9313025.811099999, 5289413.502801769], [-9313001.485299997, 5289413.331617995], [-9313002.276399996, 5289371.500996854], [-9313026.029199999, 5289372.265046466]]], [[[-9312864.7523, 5289519.273163287], [-9312830.680099998, 5289519.099787381], [-9312830.8184, 5289436.392306355], [-9312865.029099997, 5289436.387722857], [-9312864.7523, 5289519.273163287]]], [[[-9312678.681999998, 5288810.460122227], [-9312631.796000002, 5288810.918970285], [-9312631.4032, 5288792.600520098], [-9312678.290700002, 5288792.22497214], [-9312678.681999998, 5288810.460122227]]], [[[-9312670.139199996, 5288911.2266487], [-9312690.213, 5288911.220769872], [-9312689.538799997, 5288955.129694085], [-9312669.6259, 5288954.799682152], [-9312670.139199996, 5288911.2266487]]], [[[-9312797.4431, 5288913.073300569], [-9312796.511299996, 5288956.486808387], [-9312776.266799996, 5288956.246075052], [-9312777.531899996, 5288912.826887687], [-9312797.4431, 5288913.073300569]]], [[[-9312647.9984, 5289025.551672222], [-9312630.671200002, 5289025.427818111], [-9312631.174599996, 5288981.27148218], [-9312648.585199999, 5288981.393941322], [-9312647.9984, 5289025.551672222]]], [[[-9312795.9541, 5288982.6517132865], [-9312795.338299999, 5289025.060639947], [-9312776.595399998, 5289024.961098291], [-9312777.458299998, 5288982.381286836], [-9312795.9541, 5288982.6517132865]]], [[[-9312597.1214, 5289070.892246414], [-9312597.845399998, 5289024.982521174], [-9312614.340099994, 5289025.120524352], [-9312613.863100002, 5289070.859265159], [-9312597.1214, 5289070.892246414]]], [[[-9312814.895199995, 5289073.292904118], [-9312794.736499997, 5289073.217276359], [-9312795.338299999, 5289025.060639947], [-9312815.749699999, 5289025.298682979], [-9312814.895199995, 5289073.292904118]]], [[[-9312557.8695, 5289094.378795593], [-9312557.715299996, 5289139.529356244], [-9312542.305899996, 5289139.539619287], [-9312542.170399994, 5289093.899819892], [-9312557.8695, 5289094.378795593]]], [[[-9312810.377199998, 5289185.4065028345], [-9312792.383300003, 5289185.294107437], [-9312775.137499996, 5289185.085857122], [-9312776.354700001, 5289138.834258543], [-9312754.358300002, 5289138.456418734], [-9312754.564900002, 5289096.470266393], [-9312811.888, 5289097.417057992], [-9312811.263899999, 5289139.326885127], [-9312810.377199998, 5289185.4065028345]]], [[[-9312346.4554, 5289168.862559286], [-9312345.7303, 5289170.373818902], [-9312344.593100002, 5289172.1416548705], [-9312343.126999997, 5289174.164672205], [-9312341.3086, 5289175.027565897], [-9312339.073900001, 5289175.897035885], [-9312336.826800002, 5289176.0171036525], [-9312295.6054, 5289176.608275495], [-9312294.692800002, 5289156.464989372], [-9312292.799699994, 5289147.666264012], [-9312326.886100002, 5289128.449941338], [-9312341.0104, 5289151.708811189], [-9312346.082900003, 5289161.3717255555], [-9312346.718999997, 5289164.609868553], [-9312346.836199997, 5289166.690478565], [-9312346.4554, 5289168.862559286]]], [[[-9312309.4988, 5289241.770599613], [-9312290.264, 5289242.1686666375], [-9312290.642399997, 5289199.096819296], [-9312309.7951, 5289198.783547034], [-9312309.4988, 5289241.770599613]]], [[[-9312075.120300002, 5289201.953535467], [-9312074.932099996, 5289246.521596763], [-9312053.942999998, 5289246.614562111], [-9312054.299299994, 5289202.127010975], [-9312075.120300002, 5289201.953535467]]], [[[-9312831.0597, 5289369.150159276], [-9312831.877300002, 5289323.903934975], [-9312850.372399997, 5289324.091061359], [-9312849.138599996, 5289369.344160908], [-9312831.0597, 5289369.150159276]]], [[[-9312812.229999995, 5289368.885511928], [-9312811.031400003, 5289411.306009598], [-9312792.701199995, 5289411.032892736], [-9312793.815199995, 5289368.5303902775], [-9312812.229999995, 5289368.885511928]]]]}, "properties": {"Group": 68, "Chld_Rt": 0.046817766566421, "Med_Income": 21919.083333333332, "Bay_Ld_Est": 10.309319489244563}}, {"type": "Feature", "geometry": {"type": "MultiPolygon", "coordinates": [[[[-9316751.630699998, 5281959.207802786], [-9316751.840099998, 5281999.3213748215], [-9316736.197, 5281999.634446067], [-9316733.114599999, 5281999.623684869], [-9316732.322199997, 5281959.231915847], [-9316735.484499997, 5281959.196842312], [-9316737.815199997, 5281959.170836074], [-9316751.630699998, 5281959.207802786]]], [[[-9316956.045700002, 5282102.8549940465], [-9316939.6527, 5282103.0921390485], [-9316922.5915, 5282103.085961321], [-9316905.2028, 5282103.66537234], [-9316889.392400002, 5282103.897136735], [-9316888.9224, 5282062.703555318], [-9316892.002099998, 5282062.61278259], [-9316905.479599994, 5282062.215215972], [-9316922.123799996, 5282062.14207966], [-9316939.354400001, 5282062.479662537], [-9316955.8268, 5282061.825620622], [-9316956.045700002, 5282102.8549940465]]], [[[-9316754.2769, 5282063.9665019], [-9316754.584400002, 5282105.660778175], [-9316738.609099997, 5282106.060237976], [-9316690.760399997, 5282106.674921806], [-9316690.713299999, 5282083.87073938], [-9316738.727499997, 5282083.1713609025], [-9316738.5449, 5282063.697770775], [-9316754.2769, 5282063.9665019]]], [[[-9316736.848800002, 5282131.378157898], [-9316737.473600002, 5282144.772167956], [-9316737.439799994, 5282149.017462252], [-9316691.992399998, 5282149.359528987], [-9316692.039799998, 5282145.530733071], [-9316691.661599996, 5282131.801431858], [-9316736.848800002, 5282131.378157898]]], [[[-9316970.250700003, 5282126.608155413], [-9316986.810199996, 5282126.3692168705], [-9316987.2719, 5282166.647599896], [-9316987.315999996, 5282206.763470095], [-9316970.6769, 5282207.419405258], [-9316970.965799995, 5282167.300246898], [-9316954.5703, 5282167.287692173], [-9316953.771899994, 5282126.596397812], [-9316970.250700003, 5282126.608155413]]], [[[-9316903.761199996, 5282127.398904494], [-9316919.324499996, 5282127.4193308465], [-9316920.289899996, 5282168.192330662], [-9316904.3944, 5282168.258392487], [-9316903.761199996, 5282127.398904494]]], [[[-9316871.443099998, 5282168.900577203], [-9316855.631699998, 5282169.048942308], [-9316839.157600002, 5282169.536484556], [-9316838.7799, 5282129.257204681], [-9316855.165799996, 5282128.271259345], [-9316870.977199996, 5282128.122894252], [-9316887.953599999, 5282127.96356868], [-9316888.1709, 5282168.826743402], [-9316871.443099998, 5282168.900577203]]], [[[-9316820.251100002, 5282274.499464229], [-9316832.481099995, 5282274.15281399], [-9316832.958600001, 5282316.078562539], [-9316814.402299998, 5282316.41903507], [-9316813.3392, 5282274.641950548], [-9316820.251100002, 5282274.499464229]]], [[[-9316928.192899996, 5282434.094397082], [-9316946.501199996, 5282433.533319826], [-9316948.1806, 5282488.283839306], [-9316765.584599996, 5282586.712799938], [-9316698.096299998, 5282623.385097125], [-9316696.7535, 5282497.799933171], [-9316695.973899996, 5282441.209944761], [-9316695.109099997, 5282402.182443574], [-9316698.521899998, 5282402.233858219], [-9316698.5622, 5282397.655762885], [-9316697.9444, 5282385.010351398], [-9316698.246799998, 5282372.855870156], [-9316738.830399996, 5282372.724145044], [-9316738.800399996, 5282366.316844388], [-9316738.413299998, 5282342.766347975], [-9316760.462599995, 5282342.1435931185], [-9316761.353499996, 5282383.9169931235], [-9316761.632199997, 5282395.8994944645], [-9316761.840699995, 5282400.391998367], [-9316762.3691, 5282439.175977429], [-9316781.007700002, 5282438.605035735], [-9316798.9805, 5282438.054321121], [-9316818.3632, 5282437.46046204], [-9316835.5068, 5282436.905562526], [-9316854.307499995, 5282436.359032815], [-9316870.534999996, 5282435.861725662], [-9316909.6419, 5282434.662947392], [-9316909.282799998, 5282396.4286866505], [-9316908.5527, 5282380.704972932], [-9316907.822099997, 5282338.347578441], [-9316925.795299998, 5282337.92908719], [-9316926.9458, 5282380.698894854], [-9316927.589000002, 5282396.007106511], [-9316928.192899996, 5282434.094397082]]], [[[-9316765.473799996, 5282716.973716939], [-9316747.9156, 5282726.210818214], [-9316734.8925, 5282704.275891278], [-9316721.763699997, 5282679.928361942], [-9316741.306799995, 5282669.3409288395], [-9316749.507600002, 5282665.185708105], [-9316759.4452, 5282659.848747498], [-9316775.266699998, 5282651.793386575], [-9316793.820999999, 5282642.297419021], [-9316818.413, 5282690.841520925], [-9316802.589899996, 5282698.730481938], [-9316786.268299999, 5282706.707525477], [-9316775.1664, 5282712.138547209], [-9316765.473799996, 5282716.973716939]]], [[[-9316800.823499994, 5282723.384207834], [-9316825.914200002, 5282771.840828129], [-9316816.393499997, 5282777.257103282], [-9316807.448299998, 5282781.918997884], [-9316782.517899996, 5282732.794983088], [-9316800.823499994, 5282723.384207834]]], [[[-9316873.865099998, 5282852.711105533], [-9316894.795899998, 5282839.197120628], [-9316908.894999996, 5282878.1851772005], [-9316888.297099996, 5282891.696272924], [-9316873.865099998, 5282852.711105533]]], [[[-9316703.454499999, 5282857.804744069], [-9316739.8966, 5282856.381275367], [-9316743.617900003, 5282871.578492776], [-9316704.287099998, 5282875.609362418], [-9316703.454499999, 5282857.804744069]]], [[[-9316644.763299994, 5283009.111624557], [-9316643.3783, 5283005.636650674], [-9316682.602399997, 5282979.647632716], [-9316691.195199996, 5283018.97297773], [-9316687.156299995, 5283019.757051397], [-9316650.694599995, 5283026.834738785], [-9316644.763299994, 5283009.111624557]]], [[[-9316742.586199999, 5283107.895445732], [-9316738.310099998, 5283086.79331042], [-9316779.4361, 5283078.833303125], [-9316783.7147, 5283100.185138236], [-9316742.586199999, 5283107.895445732]]], [[[-9316546.8837, 5282002.430764088], [-9316531.487100001, 5282002.499615863], [-9316530.923700001, 5281965.636025992], [-9316545.987299995, 5281965.572156266], [-9316546.8837, 5282002.430764088]]], [[[-9316624.930199997, 5282000.904267798], [-9316625.208899999, 5282019.128162661], [-9316625.577299993, 5282037.766961895], [-9316605.940799998, 5282038.150479145], [-9316605.711099995, 5282001.364807339], [-9316624.930199997, 5282000.904267798]]], [[[-9316566.435700001, 5282001.96534214], [-9316586.822199998, 5282001.653566232], [-9316587.049400002, 5282038.272937632], [-9316566.997999996, 5282038.746031944], [-9316547.609699998, 5282039.042363542], [-9316546.8837, 5282002.430764088], [-9316566.435700001, 5282001.96534214]]], [[[-9316622.827899998, 5282146.429692024], [-9316622.595800001, 5282136.6947896285], [-9316622.535300002, 5282127.2902960675], [-9316622.2161, 5282117.306790104], [-9316622.3282, 5282108.315805834], [-9316622.350199996, 5282102.744791364], [-9316660.0222, 5282102.238018477], [-9316660.313300002, 5282126.712280017], [-9316664.4739, 5282126.648509928], [-9316664.523200002, 5282135.304302811], [-9316664.848699996, 5282145.703709432], [-9316622.827899998, 5282146.429692024]]], [[[-9316550.131799998, 5282209.4682187], [-9316560.948200002, 5282209.219614997], [-9316565.110199997, 5282209.239343867], [-9316566.514199996, 5282252.083977501], [-9316550.948300002, 5282251.989219121], [-9316536.799599998, 5282252.038939874], [-9316535.230499998, 5282209.279897663], [-9316542.469999997, 5282209.1690971255], [-9316550.131799998, 5282209.4682187]]], [[[-9316666.548799999, 5282251.38629283], [-9316625.353399998, 5282251.683620888], [-9316625.2769, 5282235.786733252], [-9316666.131699996, 5282234.995186986], [-9316666.548799999, 5282251.38629283]]], [[[-9316625.156699998, 5282304.125256672], [-9316625.108099995, 5282290.05896868], [-9316624.481900001, 5282276.334647969], [-9316666.582699995, 5282275.357670211], [-9316666.555899998, 5282289.924353996], [-9316666.6764, 5282303.240346959], [-9316666.813299999, 5282317.63813995], [-9316625.284800002, 5282317.940450064], [-9316625.156699998, 5282304.125256672]]], [[[-9316593.6572, 5282318.008106144], [-9316578.7596, 5282318.069385226], [-9316564.610699998, 5282318.119305269], [-9316564.558299998, 5282276.585244514], [-9316578.457399998, 5282276.53921047], [-9316593.110599995, 5282276.814418294], [-9316593.6572, 5282318.008106144]]], [[[-9316549.4646, 5282318.267570735], [-9316535.4041, 5282318.648995612], [-9316535.0152, 5282276.870516049], [-9316548.663299998, 5282276.745068308], [-9316549.4646, 5282318.267570735]]], [[[-9316505.309399996, 5282277.407679448], [-9316520.199400002, 5282276.847200098], [-9316520.590699999, 5282318.7922790535], [-9316506.108999996, 5282318.847081472], [-9316505.309399996, 5282277.407679448]]], [[[-9316610.720299998, 5282383.337482343], [-9316626.113799999, 5282383.018831132], [-9316626.090599995, 5282397.835315562], [-9316625.977999995, 5282412.236796315], [-9316625.938299999, 5282425.971780029], [-9316611.121, 5282425.86546331], [-9316610.720299998, 5282383.337482343]]], [[[-9316668.321399996, 5282454.2899899045], [-9316668.538, 5282468.437088347], [-9316626.181700002, 5282469.085052387], [-9316626.121399997, 5282454.269663174], [-9316625.909000002, 5282440.372264686], [-9316625.938299999, 5282425.971780029], [-9316667.965400001, 5282425.578497859], [-9316668.183199996, 5282439.80879605], [-9316668.321399996, 5282454.2899899045]]], [[[-9316537.383799998, 5282469.943457759], [-9316522.319399994, 5282470.007327509], [-9316521.7399, 5282426.649536641], [-9316536.6378, 5282426.588157919], [-9316537.383799998, 5282469.943457759]]], [[[-9316635.459799996, 5282493.414941344], [-9316668.667699995, 5282493.239872477], [-9316668.7754, 5282505.7238669405], [-9316668.711599994, 5282520.388500212], [-9316635.543199996, 5282520.632520511], [-9316635.498199997, 5282505.96459908], [-9316635.459799996, 5282493.414941344]]], [[[-9316628.044899996, 5282563.698167704], [-9316627.939799998, 5282551.380572817], [-9316668.970100002, 5282551.085835359], [-9316669.2392, 5282563.234439453], [-9316669.3979, 5282579.0473339], [-9316627.785, 5282579.35093942], [-9316628.044899996, 5282563.698167704]]], [[[-9316518.809500001, 5282605.239810347], [-9316532.788500002, 5282604.942980413], [-9316533.090500003, 5282646.47456065], [-9316546.741700001, 5282646.515513014], [-9316561.2265, 5282646.627110706], [-9316573.709999999, 5282646.477848792], [-9316586.192600003, 5282646.328487229], [-9316600.005199999, 5282646.034048668], [-9316613.651399998, 5282645.74220076], [-9316628.463999998, 5282645.5154182995], [-9316628.591899998, 5282632.112136482], [-9316628.381799998, 5282618.38073767], [-9316628.086099999, 5282604.48443346], [-9316669.119199999, 5282604.356195759], [-9316669.161699994, 5282618.0066861], [-9316669.2923, 5282631.988781178], [-9316669.4158, 5282640.06098127], [-9316628.686699998, 5282660.0790173905], [-9316625.378399994, 5282661.461433863], [-9316586.807699999, 5282681.113190727], [-9316574.375199996, 5282687.296400777], [-9316561.942699999, 5282693.47981012], [-9316519.731799994, 5282714.602066482], [-9316477.351699997, 5282735.560314402], [-9316464.719299998, 5282742.287663152], [-9316452.0869, 5282749.015011946], [-9316412.1998, 5282768.536141037], [-9316412.136299998, 5282764.375240458], [-9316304.006499998, 5282718.242044755], [-9316304.104400001, 5282706.591045372], [-9316344.404, 5282719.793153172], [-9316344.559800003, 5282723.120857171], [-9316369.451899998, 5282723.406726643], [-9316369.2126, 5282707.328885541], [-9316369.2336, 5282692.345499212], [-9316368.998499995, 5282676.949799419], [-9316369.041000001, 5282663.381113546], [-9316368.924699996, 5282650.314418174], [-9316383.238000002, 5282650.095806254], [-9316397.302900001, 5282649.964280404], [-9316410.279499998, 5282649.433095288], [-9316423.265, 5282649.484509943], [-9316437.4093, 5282649.101889273], [-9316451.886399997, 5282648.714286562], [-9316464.191599999, 5282647.818814682], [-9316476.496799996, 5282646.923243168], [-9316488.980599994, 5282646.81573075], [-9316490.811299996, 5282646.787831329], [-9316504.293699998, 5282646.664874577], [-9316511.451499997, 5282646.63866905], [-9316511.063999997, 5282604.941884361], [-9316518.809500001, 5282605.239810347]]], [[[-9316672.6644, 5282754.465962013], [-9316629.734399999, 5282755.78869374], [-9316629.607599996, 5282742.055998288], [-9316672.204799999, 5282740.738348246], [-9316672.6644, 5282754.465962013]]], [[[-9316652.557499997, 5282936.405208887], [-9316677.762699997, 5282935.353599648], [-9316678.067599997, 5282949.833105133], [-9316653.506400002, 5282965.775138811], [-9316652.557499997, 5282936.405208887]]], [[[-9316506.776100002, 5282003.043953271], [-9316509.189200003, 5282003.006986558], [-9316509.2495, 5282039.628849013], [-9316489.277600002, 5282039.850748973], [-9316488.802699996, 5282003.318563182], [-9316506.776100002, 5282003.043953271]]], [[[-9316303.744599998, 5282109.937459178], [-9316284.0171, 5282109.822174829], [-9316283.9697, 5282068.538816891], [-9316303.527000003, 5282068.406792888], [-9316303.744599998, 5282109.937459178]]], [[[-9316486.0275, 5282148.521251269], [-9316467.804099998, 5282148.799647556], [-9316467.407799998, 5282106.522571097], [-9316485.048799999, 5282106.253042834], [-9316486.0275, 5282148.521251269]]], [[[-9316361.041799998, 5282150.347068595], [-9316341.320599996, 5282150.648182969], [-9316323.264900003, 5282151.006989353], [-9316322.047299998, 5282109.408366759], [-9316341.1117, 5282109.700015253], [-9316360.1672, 5282109.408964592], [-9316361.041799998, 5282150.347068595]]], [[[-9316252.82, 5282252.630108564], [-9316251.6167, 5282211.946284583], [-9316246.954399994, 5282211.851028002], [-9316246.338000001, 5282176.901730548], [-9316265.141299997, 5282176.44836508], [-9316265.094600001, 5282211.574325591], [-9316267.428399997, 5282211.788254316], [-9316267.968499998, 5282252.648741376], [-9316252.82, 5282252.630108564]]], [[[-9316477.6263, 5282252.360480642], [-9316476.464599999, 5282209.012760767], [-9316486.785499994, 5282209.021429503], [-9316491.2815, 5282209.119177095], [-9316506.3443, 5282208.972206963], [-9316507.170799999, 5282252.158807716], [-9316492.939999996, 5282252.293123471], [-9316477.6263, 5282252.360480642]]], [[[-9316311.219399996, 5282277.958194716], [-9316325.954499999, 5282278.149405349], [-9316326.3628, 5282321.259583929], [-9316316.625599997, 5282321.324948277], [-9316311.879799997, 5282321.230887389], [-9316311.219399996, 5282277.958194716]]], [[[-9316282.838299997, 5282321.674089549], [-9316267.2786, 5282321.994833206], [-9316267.1266, 5282279.297067768], [-9316282.7657, 5282278.725428648], [-9316282.838299997, 5282321.674089549]]], [[[-9316297.7854, 5282472.104766076], [-9316283.2214, 5282472.243964243], [-9316275.816599997, 5282472.440156956], [-9316275.578900002, 5282429.576385023], [-9316268.5849, 5282429.433500133], [-9316268.5263, 5282387.399737304], [-9316283.260200001, 5282387.507747921], [-9316297.569199994, 5282387.039635524], [-9316297.542399997, 5282428.908293557], [-9316297.7854, 5282472.104766076]]], [[[-9316341.4586, 5282443.220695795], [-9316382.823900001, 5282443.088671753], [-9316383.116799999, 5282456.818275199], [-9316383.090799997, 5282471.468559638], [-9316341.064699996, 5282471.943846198], [-9316341.252199996, 5282456.958170855], [-9316341.4586, 5282443.220695795]]], [[[-9316342.496899998, 5282582.129024421], [-9316326.9343, 5282582.2833680045], [-9316326.440300003, 5282539.006979926], [-9316341.918299997, 5282538.77063196], [-9316363.134499997, 5282538.196999927], [-9316383.778199999, 5282538.298035686], [-9316384.086399997, 5282553.026439436], [-9316384.296, 5282566.757638302], [-9316342.2772, 5282567.732125255], [-9316342.496899998, 5282582.129024421]]], [[[-9316480.224900002, 5282536.824746932], [-9316495.3701, 5282536.593281375], [-9316495.7126, 5282580.787759673], [-9316480.399599995, 5282580.938416558], [-9316480.224900002, 5282536.824746932]]], [[[-9316458.207399998, 5282860.879958587], [-9316458.771800002, 5282876.021277554], [-9316458.822599996, 5282890.254769196], [-9316459.470299996, 5282905.394793182], [-9316461.053, 5282963.038802487], [-9316429.181100002, 5282906.024024959], [-9316418.798300002, 5282891.115964791], [-9316408.092999997, 5282876.878786443], [-9316396.793499997, 5282861.901376608], [-9316386.362099996, 5282849.24161232], [-9316391.651199996, 5282846.746805582], [-9316457.002399996, 5282814.69972898], [-9316470.464000002, 5282807.751675459], [-9316470.5331, 5282844.959249337], [-9316458.0593, 5282845.732462066], [-9316458.207399998, 5282860.879958587]]], [[[-9316227.772499995, 5283066.093226213], [-9316240.436599998, 5283159.631957916], [-9316193.968099996, 5283163.753700893], [-9316174.42, 5283164.634525923], [-9316094.381300002, 5283205.395501797], [-9316093.745199999, 5283186.809296148], [-9316088.678700002, 5283038.745903249], [-9316086.785000002, 5282996.404529447], [-9316183.457699997, 5282949.397475448], [-9316187.796099996, 5283037.401549162], [-9316223.1684, 5283037.1115943445], [-9316227.772499995, 5283066.093226213]]]]}, "properties": {"Group": 69, "Chld_Rt": 0.130624101083702, "Med_Income": 30198.109375, "Bay_Ld_Est": 9.537081339712918}}, {"type": "Feature", "geometry": {"type": "MultiPolygon", "coordinates": [[[[-9316460.065, 5281358.97018543], [-9316417.5523, 5281359.952742382], [-9316417.136900002, 5281343.64614313], [-9316459.823400002, 5281343.160693647], [-9316460.065, 5281358.97018543]]], [[[-9316577.179499997, 5281381.898905996], [-9316576.0658, 5281341.71680025], [-9316591.208900003, 5281341.485334907], [-9316591.822300002, 5281381.591614077], [-9316592.483899998, 5281424.860191568], [-9316578.419599995, 5281424.908716597], [-9316577.179499997, 5281381.898905996]]], [[[-9316531.298900003, 5281342.234732617], [-9316532.082200002, 5281382.588320021], [-9316518.1883, 5281382.883854346], [-9316517.4052, 5281342.530466209], [-9316531.298900003, 5281342.234732617]]], [[[-9316460.495899996, 5281376.275085078], [-9316460.776700001, 5281383.761290378], [-9316474.5924, 5281383.799851328], [-9316475.4893, 5281426.149243399], [-9316461.595199995, 5281426.444777732], [-9316461.174500002, 5281409.805676602], [-9316460.838400003, 5281393.248281065], [-9316418.248799998, 5281394.647934039], [-9316417.896000002, 5281377.009138141], [-9316460.495899996, 5281376.275085078]]], [[[-9316559.964699995, 5281491.607509743], [-9316541.2458, 5281492.060077845], [-9316540.549599996, 5281451.954492756], [-9316559.515400002, 5281451.331539051], [-9316559.964699995, 5281491.607509743]]], [[[-9316578.6003, 5281491.156037674], [-9316596.8212, 5281490.794242267], [-9316596.972199997, 5281532.534733395], [-9316578.7354, 5281532.802567642], [-9316578.6003, 5281491.156037674]]], [[[-9316477.187199997, 5281493.70494672], [-9316492.494699994, 5281493.304590348], [-9316506.217200002, 5281492.678846673], [-9316507.2756, 5281534.693349836], [-9316492.794900002, 5281534.7481522355], [-9316477.568199994, 5281534.980813309], [-9316477.187199997, 5281493.70494672]]], [[[-9316600.398999996, 5281588.700312335], [-9316581.261399997, 5281588.993056771], [-9316581.218900003, 5281591.657051042], [-9316581.875599999, 5281618.280553293], [-9316562.740500001, 5281618.739697739], [-9316544.016300002, 5281618.859465894], [-9316525.213999998, 5281619.313329371], [-9316524.930300001, 5281589.854251511], [-9316542.901599998, 5281589.496342041], [-9316562.619200002, 5281589.028429231], [-9316562.5709, 5281558.650365716], [-9316580.7113, 5281558.456165946], [-9316600.0997, 5281558.243034453], [-9316600.398999996, 5281588.700312335]]], [[[-9316589.411599994, 5281909.7247139085], [-9316597.404799996, 5281909.935454077], [-9316597.845000003, 5281938.727344784], [-9316577.7902, 5281938.950540055], [-9316577.4331, 5281910.157652934], [-9316589.411599994, 5281909.7247139085]]], [[[-9316333.094, 5281170.070161769], [-9316318.5373, 5281170.542060062], [-9316317.803899994, 5281127.941581832], [-9316332.1149, 5281127.722970178], [-9316347.010699997, 5281127.662089706], [-9316347.103399996, 5281144.638769858], [-9316347.358700002, 5281161.3633593], [-9316347.3244, 5281170.019345019], [-9316333.094, 5281170.070161769]]], [[[-9316352.099299997, 5281362.866236507], [-9316351.4191, 5281345.565422303], [-9316393.934099998, 5281344.749763529], [-9316394.280399997, 5281361.97265869], [-9316394.695799997, 5281378.278859619], [-9316352.6772, 5281378.920446097], [-9316352.099299997, 5281362.866236507]]], [[[-9316044.7478, 5281433.636843941], [-9316025.6092, 5281433.845192676], [-9316006.643299999, 5281434.466950687], [-9316006.082799999, 5281392.1955770245], [-9316024.973, 5281392.0742146475], [-9316043.947600001, 5281392.034956207], [-9316044.7478, 5281433.636843941]]], [[[-9316311.245900001, 5281538.020154026], [-9316297.018899996, 5281538.320570791], [-9316281.538700001, 5281538.306920019], [-9316280.591399996, 5281498.0387198515], [-9316295.983299999, 5281497.720666689], [-9316310.126999998, 5281497.42154527], [-9316318.9482, 5281497.370130662], [-9316319.816199997, 5281537.88952505], [-9316311.245900001, 5281538.020154026]]], [[[-9316086.5455, 5281500.415150827], [-9316104.850799996, 5281500.136156831], [-9316106.472000001, 5281540.976892618], [-9316087.250000002, 5281541.186735961], [-9316086.5455, 5281500.415150827]]], [[[-9316422.748299995, 5281591.165921937], [-9316422.2723, 5281576.358314726], [-9316422.0334, 5281560.714821716], [-9316444.166399997, 5281560.376740765], [-9316444.206799995, 5281590.2556043295], [-9316422.748299995, 5281591.165921937]]], [[[-9316334.589500003, 5281562.466306243], [-9316335.302599998, 5281592.834206509], [-9316315.582700001, 5281593.135221116], [-9316314.787499998, 5281562.851816179], [-9316334.589500003, 5281562.466306243]]], [[[-9316159.1883, 5281676.169920505], [-9316159.5814, 5281704.209717817], [-9316116.678299995, 5281705.115153111], [-9316115.301, 5281677.176690411], [-9316159.1883, 5281676.169920505]]], [[[-9316022.9732, 5281736.175460139], [-9316022.088599999, 5281694.490263038], [-9316036.731999999, 5281694.183967455], [-9316051.448400002, 5281693.210676823], [-9316052.295799999, 5281715.0135627175], [-9316053.090899998, 5281735.466914908], [-9316037.615399996, 5281735.785864889], [-9316022.9732, 5281736.175460139]]], [[[-9316160.783399995, 5281786.1784677515], [-9316160.757499998, 5281788.092665905], [-9316161.267600002, 5281821.544153311], [-9316120.8332, 5281822.160630564], [-9316119.8638, 5281786.483069472], [-9316160.783399995, 5281786.1784677515]]], [[[-9316277.239699999, 5281785.650272217], [-9316294.291199997, 5281784.973711642], [-9316296.510799998, 5281837.708969806], [-9316279.290199999, 5281838.221222851], [-9316277.239699999, 5281785.650272217]]], [[[-9316044.0948, 5281909.807913926], [-9316043.991099996, 5281952.175158847], [-9316030.261399996, 5281952.384404415], [-9316029.782700002, 5281910.026127145], [-9316044.0948, 5281909.807913926]]], [[[-9316283.595199998, 5282043.990623013], [-9316264.790799998, 5282044.360788422], [-9316264.491999995, 5282008.40851167], [-9316283.8749, 5282007.779579256], [-9316283.595199998, 5282043.990623013]]], [[[-9316200.456600001, 5282050.003245054], [-9316200.350399999, 5282010.302383434], [-9316208.671499997, 5282010.175341479], [-9316226.7218, 5282009.484033944], [-9316227.265099999, 5282045.099724253], [-9316218.372899996, 5282045.984534139], [-9316208.581899999, 5282047.964894135], [-9316200.456600001, 5282050.003245054]]], [[[-9315756.159799999, 5281507.191815335], [-9315737.5228, 5281507.558393516], [-9315736.977499995, 5281466.202018112], [-9315755.283999998, 5281466.006821961], [-9315756.159799999, 5281507.191815335]]], [[[-9315919.9767, 5281503.617702974], [-9315937.4525, 5281503.518261538], [-9315938.3176, 5281543.954356472], [-9315920.178599998, 5281544.230460916], [-9315919.9767, 5281503.617702974]]], [[[-9316012.4164, 5281567.628492537], [-9316012.8085, 5281598.833673869], [-9315993.5057, 5281599.210714345], [-9315975.202699998, 5281599.656008723], [-9315974.310299998, 5281568.3752000565], [-9315992.532499999, 5281568.097800316], [-9316012.4164, 5281567.628492537]]], [[[-9315782.1219, 5281769.637807062], [-9315782.813599998, 5281809.661596928], [-9315768.5887, 5281810.127616652], [-9315767.4796, 5281770.02680449], [-9315782.1219, 5281769.637807062]]], [[[-9315696.4579, 5281811.97306272], [-9315710.768399997, 5281811.67234698], [-9315712.169999996, 5281854.59867289], [-9315697.608299995, 5281854.820074611], [-9315683.385799998, 5281855.452394743], [-9315682.5657, 5281812.433901129], [-9315696.4579, 5281811.97306272]]], [[[-9315741.031700002, 5281919.081179047], [-9315728.137899999, 5281919.526971742], [-9315726.601599997, 5281878.683135186], [-9315740.3274, 5281878.224787767], [-9315754.306700002, 5281878.01225407], [-9315755.4182, 5281918.279868186], [-9315749.348900001, 5281918.705134888], [-9315741.031700002, 5281919.081179047]]], [[[-9315714.245699998, 5281919.987810192], [-9315728.137899999, 5281919.526971742], [-9315728.116100002, 5281961.892722372], [-9315714.3902, 5281962.351069806], [-9315714.245699998, 5281919.987810192]]], [[[-9315657.153300002, 5282003.899269495], [-9315657.553100001, 5282012.239100717], [-9315616.201100001, 5282013.117035384], [-9315615.781699998, 5281990.983337203], [-9315656.456600001, 5281989.36656639], [-9315657.153300002, 5282003.899269495]]], [[[-9315977.543699997, 5282086.860261025], [-9315978.923699996, 5282128.289892165], [-9315964.280899994, 5282128.679387906], [-9315963.063799994, 5282086.997466345], [-9315977.543699997, 5282086.860261025]]], [[[-9315978.923699996, 5282128.289892165], [-9315992.652399998, 5282127.997645819], [-9316006.131399998, 5282127.709086177], [-9316021.525699994, 5282127.474731105], [-9316022.406499999, 5282168.9121355405], [-9316007.514, 5282169.305417635], [-9315993.703299996, 5282169.682258996], [-9315979.2269, 5282170.069164083], [-9315978.923699996, 5282128.289892165]]]]}, "properties": {"Group": 70, "Chld_Rt": 0.200697346784528, "Med_Income": 30149.666666666668, "Bay_Ld_Est": 8.846422146245581}}, {"type": "Feature", "geometry": {"type": "MultiPolygon", "coordinates": [[[[-9316926.058899999, 5284995.408017135], [-9316898.603199998, 5284948.472632206], [-9316921.894899998, 5284933.496792722], [-9316966.408499999, 5284905.223865375], [-9316983.8498, 5284873.1152594555], [-9316980.8066, 5284867.663603002], [-9317048.4117, 5284849.048776588], [-9317045.5991, 5284871.471681636], [-9317059.7089, 5284877.536827565], [-9317185.950100001, 5284747.893866152], [-9317193.545500001, 5284750.839352626], [-9317184.083599998, 5284767.303826008], [-9317181.189899996, 5284770.237056666], [-9317181.4647, 5284786.219268021], [-9317106.547399998, 5284848.498459507], [-9317169.314299997, 5284946.559924007], [-9317160.1112, 5284952.116901306], [-9316996.212899998, 5285053.377646401], [-9316961.847099999, 5285043.453105393], [-9316986.532299997, 5285012.899194278], [-9317050.343199994, 5284972.52666179], [-9317024.760899998, 5284953.196909873], [-9316983.196699997, 5284980.897998676], [-9316916.383599997, 5285017.368789823], [-9316926.058899999, 5284995.408017135]]], [[[-9316769.233199999, 5284998.708724254], [-9316720.253799997, 5284919.122685243], [-9316688.9115, 5284938.520092894], [-9316664.141699998, 5284897.761752869], [-9316700.244499996, 5284875.796597988], [-9316741.8515, 5284850.209494239], [-9316796.059, 5284938.757138766], [-9316774.090499997, 5284952.4751106175], [-9316793.032999998, 5284983.899982113], [-9316769.233199999, 5284998.708724254]]], [[[-9316684.450899996, 5285010.630767687], [-9316730.529100003, 5284982.585020094], [-9316748.847, 5285011.556033852], [-9316702.6543, 5285040.101680887], [-9316684.450899996, 5285010.630767687]]], [[[-9316864.448399996, 5285031.53873401], [-9316902.5105, 5285046.434264006], [-9316893.4505, 5285065.622028912], [-9316859.997700002, 5285138.557837837], [-9316786.963399997, 5285182.915517092], [-9316753.295499997, 5285128.277876767], [-9316794.7502, 5285102.939671213], [-9316791.6805, 5285097.909196256], [-9316754.934, 5285037.687778406], [-9316791.3301, 5285015.380852586], [-9316828.882599996, 5284991.734154532], [-9316861.455299996, 5285044.463265688], [-9316864.448399996, 5285031.53873401]]], [[[-9316522.6407, 5285060.752573933], [-9316580.680599995, 5285024.633314952], [-9316637.661499998, 5284989.456859929], [-9316676.774300002, 5285053.917999465], [-9316563.419799997, 5285125.255665873], [-9316522.6407, 5285060.752573933]]], [[[-9316763.251199998, 5285197.394848377], [-9316651.5535, 5285267.170052123], [-9316608.4783, 5285197.561547764], [-9316577.594299994, 5285148.879448923], [-9316692.617699996, 5285077.665535329], [-9316722.282600002, 5285127.065843742], [-9316763.251199998, 5285197.394848377]]], [[[-9316508.293899994, 5285230.172850548], [-9316512.048000002, 5285236.989590217], [-9316459.335699998, 5285269.80914369], [-9316455.161199996, 5285262.836465693], [-9316508.293899994, 5285230.172850548]]], [[[-9316564.576999998, 5285321.432051707], [-9316546.955, 5285332.540031073], [-9316512.3511, 5285353.740249664], [-9316497.6022, 5285330.463711775], [-9316494.9955, 5285326.199176353], [-9316485.3791, 5285311.536603824], [-9316519.466700003, 5285289.683538072], [-9316537.916699998, 5285278.388034688], [-9316549.902999997, 5285297.820521351], [-9316564.576999998, 5285321.432051707]]], [[[-9316545.334300002, 5285406.3677417], [-9316540.912100002, 5285399.484640233], [-9316579.719499996, 5285375.342520066], [-9316584.631399997, 5285383.049254005], [-9316598.2516, 5285375.041106022], [-9316602.5243, 5285382.594293157], [-9316607.8147, 5285390.871073348], [-9316622.606200002, 5285415.81221508], [-9316636.271400003, 5285439.0333540905], [-9316645.357099997, 5285452.460180185], [-9316592.327999996, 5285485.955604146], [-9316583.2875, 5285471.0282836305], [-9316569.9679, 5285448.298075324], [-9316555.2556, 5285423.188141092], [-9316550.214899996, 5285414.904884024], [-9316545.334300002, 5285406.3677417]]], [[[-9315950.368100002, 5284745.093855484], [-9315975.027799996, 5284784.939977677], [-9315952.245599996, 5284799.424884427], [-9315926.822199998, 5284759.01499322], [-9315950.368100002, 5284745.093855484]]], [[[-9316096.347000001, 5284896.199482048], [-9316081.768599996, 5284873.002366231], [-9316137.444799997, 5284838.407619297], [-9316151.483299999, 5284860.49025024], [-9316096.347000001, 5284896.199482048]]], [[[-9316189.198799996, 5285043.907567917], [-9316185.563999997, 5285038.503539135], [-9316217.785799999, 5285018.614899952], [-9316216.237199996, 5285016.655659311], [-9316239.939199999, 5285002.31313711], [-9316244.710600002, 5285009.8533687405], [-9316189.198799996, 5285043.907567917]]], [[[-9316327.123899996, 5285143.169920431], [-9316272.291999996, 5285177.79088108], [-9316266.978899999, 5285168.598700419], [-9316255.959499998, 5285151.140203412], [-9316310.951399997, 5285116.265457868], [-9316321.816999996, 5285134.227539986], [-9316327.123899996, 5285143.169920431]]], [[[-9316404.8945, 5285182.167213217], [-9316399.531800002, 5285174.3086276], [-9316452.6725, 5285141.978612721], [-9316457.2843, 5285149.772730419], [-9316404.8945, 5285182.167213217]]], [[[-9316293.339299995, 5285235.9680706905], [-9316319.317799998, 5285278.447022173], [-9316266.6045, 5285311.2655802835], [-9316239.056399995, 5285265.994786518], [-9316192.871899998, 5285191.883107033], [-9316244.643999996, 5285158.089764107], [-9316268.6107, 5285196.788732189], [-9316275.809799997, 5285208.098383871], [-9316289.090299996, 5285229.330286268], [-9316293.339299995, 5285235.9680706905]]], [[[-9316202.0607, 5285258.606206983], [-9316243.563200003, 5285325.425463939], [-9316181.2051, 5285364.599226424], [-9316128.0679, 5285397.979961309], [-9316099.412799995, 5285351.736967186], [-9316084.2194, 5285327.305091871], [-9316071.711599996, 5285306.969060165], [-9316054.767199999, 5285279.167127691], [-9316077.546299996, 5285264.515017997], [-9316108.399299998, 5285245.185759918], [-9316111.073199997, 5285243.510495789], [-9316130.166199997, 5285231.283449129], [-9316143.268399995, 5285222.539752225], [-9316169.2484, 5285206.057238046], [-9316183.8487, 5285230.0872589275], [-9316193.300199999, 5285244.837813545], [-9316197.647399997, 5285252.055907241], [-9316202.0607, 5285258.606206983]]], [[[-9316030.116300002, 5285295.532564613], [-9316104.566999994, 5285413.733504274], [-9315985.9215, 5285486.949921869], [-9315913.872599995, 5285368.186502043], [-9316030.116300002, 5285295.532564613]]], [[[-9316143.887099996, 5285420.813795375], [-9316259.5704, 5285349.086815299], [-9316331.4791, 5285465.435931536], [-9316215.992199995, 5285537.307696458], [-9316143.887099996, 5285420.813795375]]], [[[-9316435.913999997, 5285462.74990866], [-9316377.844699997, 5285500.072843341], [-9316359.693200001, 5285471.332388011], [-9316420.097999997, 5285437.406315963], [-9316435.913999997, 5285462.74990866]]], [[[-9316499.8157, 5285601.52862869], [-9316494.064999996, 5285605.075450698], [-9316457.4966, 5285626.189384612], [-9316442.240499996, 5285602.03380869], [-9316500.966300001, 5285566.988664879], [-9316512.2216, 5285585.023790114], [-9316506.355599996, 5285590.026666387], [-9316504.219599998, 5285597.217360717], [-9316499.8157, 5285601.52862869]]]]}, "properties": {"Group": 71, "Chld_Rt": 0.073129679199751, "Med_Income": 19561.0, "Bay_Ld_Est": 1.773130420304173}}, {"type": "Feature", "geometry": {"type": "MultiPolygon", "coordinates": [[[[-9318151.621899998, 5288859.355989316], [-9318154.750400001, 5288859.263322934], [-9318155.237399999, 5288899.775773051], [-9318137.0854, 5288900.176629923], [-9318136.600499999, 5288859.8015851015], [-9318151.621899998, 5288859.355989316]]], [[[-9318180.1125, 5288965.907792262], [-9318158.256100003, 5288966.3533881], [-9318157.488299998, 5288924.216982268], [-9318179.3875, 5288923.807855162], [-9318180.1125, 5288965.907792262]]], [[[-9318096.552499998, 5288967.611458977], [-9318115.961400002, 5288967.21578343], [-9318116.952199996, 5289008.098503949], [-9318097.050899997, 5289008.4605007535], [-9318096.552499998, 5288967.611458977]]], [[[-9318264.365899999, 5289031.062533077], [-9318264.695200002, 5289055.3451158125], [-9318264.9815, 5289076.43937688], [-9318242.461100003, 5289076.969468578], [-9318242.3001, 5289031.501652237], [-9318264.365899999, 5289031.062533077]]], [[[-9318094.167299999, 5289126.414468895], [-9318076.5999, 5289126.798087904], [-9318072.520399999, 5289126.887167212], [-9318071.5582, 5289080.991987629], [-9318075.559699997, 5289080.897826601], [-9318074.515799994, 5289034.839037622], [-9318097.414200002, 5289034.383676935], [-9318116.898100002, 5289033.9962715935], [-9318117.647000002, 5289079.907491766], [-9318113.775099995, 5289079.9985639155], [-9318098.205899999, 5289080.3650446], [-9318093.2971, 5289080.480628499], [-9318094.167299999, 5289126.414468895]]], [[[-9317964.1038, 5289037.033637064], [-9318013.062699998, 5289036.06063986], [-9318032.797399998, 5289035.668352102], [-9318033.594399994, 5289081.8849728955], [-9318026.6781, 5289082.047687138], [-9318013.566799998, 5289082.356076953], [-9318010.864299998, 5289082.419747728], [-9317964.986699998, 5289083.498763316], [-9317964.558099998, 5289060.933099153], [-9317964.1038, 5289037.033637064]]], [[[-9318163.678600002, 5289240.190786692], [-9318162.4597, 5289192.698851215], [-9318161.395099998, 5289151.222661285], [-9318183.713400003, 5289150.767798748], [-9318184.4283, 5289192.29928959], [-9318185.244000003, 5289239.683114239], [-9318163.678600002, 5289240.190786692]]], [[[-9318120.286500001, 5289193.465790323], [-9318100.5786, 5289193.824000799], [-9318078.079799997, 5289194.233128004], [-9318057.377700001, 5289194.609273922], [-9318056.398499997, 5289153.361661071], [-9318077.214, 5289152.937786977], [-9318099.364499997, 5289152.486411895], [-9318119.264500001, 5289152.081071084], [-9318140.5805, 5289151.646834297], [-9318141.4108, 5289193.081673094], [-9318142.365199996, 5289240.692580323], [-9318121.464700002, 5289241.184509443], [-9318120.286500001, 5289193.465790323]]], [[[-9318014.513499996, 5289154.214490956], [-9318035.579900002, 5289153.785634801], [-9318036.4049, 5289194.990601184], [-9318015.375299998, 5289195.372825227], [-9318014.956199996, 5289175.350503344], [-9318014.513499996, 5289154.214490956]]], [[[-9318186.162099997, 5289312.353115448], [-9318185.863299998, 5289265.729053121], [-9318205.181399995, 5289265.302389048], [-9318206.359199997, 5289311.897256442], [-9318186.162099997, 5289312.353115448]]], [[[-9318103.272499997, 5289314.223781441], [-9318081.205899997, 5289314.721589446], [-9318080.526399996, 5289268.054780909], [-9318102.510799998, 5289267.569527732], [-9318103.272499997, 5289314.223781441]]], [[[-9318226.464799996, 5289311.443390274], [-9318247.8222, 5289310.961126318], [-9318248.570199998, 5289356.8844129], [-9318227.088599995, 5289357.35372349], [-9318207.519099995, 5289357.781184746], [-9318206.359199997, 5289311.897256442], [-9318226.464799996, 5289311.443390274]]], [[[-9318186.456199998, 5289358.241228694], [-9318166.142899996, 5289358.684831826], [-9318164.855099998, 5289312.834084062], [-9318186.162099997, 5289312.353115448], [-9318186.456199998, 5289358.241228694]]], [[[-9318019.675599996, 5289361.882222025], [-9317969.542299997, 5289362.976184021], [-9317969.088699996, 5289337.911112279], [-9318019.1, 5289336.469900317], [-9318019.675599996, 5289361.882222025]]], [[[-9317970.639499996, 5289388.031092848], [-9318019.935899997, 5289387.027007274], [-9318020.534299994, 5289411.429365546], [-9317971.1294, 5289411.515555291], [-9317970.639499996, 5289388.031092848]]], [[[-9318021.033899996, 5289431.79246439], [-9318022.1694, 5289478.097182236], [-9317972.538000003, 5289479.047660836], [-9317971.570599997, 5289432.667813398], [-9318021.033899996, 5289431.79246439]]], [[[-9317767.176900001, 5288759.552400095], [-9317768.290599998, 5288800.269809194], [-9317751.970099997, 5288800.509247175], [-9317750.355700001, 5288759.807681022], [-9317767.176900001, 5288759.552400095]]], [[[-9317884.039500002, 5288798.571622988], [-9317883.713499997, 5288773.529678918], [-9317883.660399996, 5288769.449867093], [-9317926.633899998, 5288768.291935886], [-9317926.726799998, 5288772.703553136], [-9317927.258199994, 5288797.93710737], [-9317884.039500002, 5288798.571622988]]], [[[-9317961.1238, 5288875.153815023], [-9317960.655, 5288849.42324862], [-9318008.737800002, 5288849.095927015], [-9318009.016899996, 5288863.585064054], [-9318009.233399998, 5288874.825795927], [-9318009.775799997, 5288902.987111897], [-9317961.6505, 5288904.048989013], [-9317961.1238, 5288875.153815023]]], [[[-9317877.8736, 5288849.679326692], [-9317927.6011, 5288848.74210085], [-9317928.096200002, 5288874.472368313], [-9317878.186699994, 5288875.580678264], [-9317878.059899997, 5288865.088152732], [-9317877.8736, 5288849.679326692]]], [[[-9317779.292799998, 5288972.965982388], [-9317780.550699996, 5289014.450536493], [-9317763.648099996, 5289014.778555609], [-9317762.640699998, 5288973.261717735], [-9317779.292799998, 5288972.965982388]]], [[[-9317730.9249, 5289015.4133702675], [-9317729.4138, 5288973.851793428], [-9317746.067300001, 5288973.556058103], [-9317747.493699994, 5289015.091927467], [-9317730.9249, 5289015.4133702675]]], [[[-9317725.085699998, 5289131.643544587], [-9317725.501699999, 5289088.762314706], [-9317725.524299998, 5289086.427519885], [-9317708.826099996, 5289086.737503952], [-9317708.824999997, 5289084.234713912], [-9317708.805199997, 5289041.9447570285], [-9317725.958999999, 5289041.628894135], [-9317742.446600001, 5289041.3254863955], [-9317742.5463, 5289083.608169445], [-9317742.5522, 5289086.111258422], [-9317742.5577, 5289088.445156463], [-9317742.659200002, 5289131.479435368], [-9317725.085699998, 5289131.643544587]]], [[[-9317932.878700001, 5289129.699243925], [-9317885.576399997, 5289130.142149494], [-9317885.209299998, 5289104.777959084], [-9317884.906500002, 5289083.853685594], [-9317931.871000001, 5289083.320305758], [-9317932.3179, 5289103.885770916], [-9317932.878700001, 5289129.699243925]]], [[[-9317806.727599999, 5289087.251653029], [-9317806.715400001, 5289084.919249605], [-9317824.371899998, 5289084.591230462], [-9317831.342, 5289084.461896063], [-9317831.4226, 5289086.792107386], [-9317832.9385, 5289130.6348757185], [-9317824.275799997, 5289130.715983734], [-9317806.9573, 5289130.878100132], [-9317806.727599999, 5289087.251653029]]], [[[-9318011.901999995, 5289128.210503292], [-9317965.855599998, 5289129.215385794], [-9317965.354, 5289102.8190111965], [-9318011.292600002, 5289101.319210416], [-9318011.901999995, 5289128.210503292]]], [[[-9317871.149199998, 5289246.113665266], [-9317870.828399997, 5289199.635181262], [-9317890.5146, 5289199.4842246855], [-9317890.859399999, 5289222.051286222], [-9317934.511299998, 5289221.134386941], [-9317934.959299998, 5289245.866654457], [-9317891.225699998, 5289246.0359450355], [-9317871.149199998, 5289246.113665266]]], [[[-9317758.299399998, 5289246.549197412], [-9317757.931499997, 5289204.461706367], [-9317757.906200001, 5289201.573802461], [-9317775.313099997, 5289201.411486776], [-9317791.674499996, 5289201.258935933], [-9317791.669999996, 5289204.160889272], [-9317791.6056, 5289246.42085941], [-9317775.542099996, 5289246.482736657], [-9317758.299399998, 5289246.549197412]]], [[[-9317841.397300001, 5289433.625964359], [-9317857.851099994, 5289433.626362917], [-9317858.632799996, 5289477.109637066], [-9317842.118899997, 5289475.791681261], [-9317841.448999995, 5289436.651074868], [-9317839.863899998, 5289475.69911447], [-9317824.857700001, 5289475.67031813], [-9317808.035099998, 5289475.551844593], [-9317791.543599997, 5289475.435862089], [-9317774.964699997, 5289475.319082453], [-9317757.220199997, 5289475.194132234], [-9317757.3747, 5289436.755200059], [-9317757.387400001, 5289433.623174385], [-9317775.1307, 5289433.6236725915], [-9317791.3554, 5289433.624370093], [-9317807.804699996, 5289433.624868301], [-9317824.7059, 5289433.625466137], [-9317824.693200001, 5289430.087402101], [-9317824.5421, 5289388.256182571], [-9317840.6213, 5289388.293747361], [-9317841.3378, 5289430.155556762], [-9317841.397300001, 5289433.625964359]]], [[[-9317742.078999998, 5289436.774032259], [-9317742.141999999, 5289475.0879145805], [-9317725.406700002, 5289474.969939251], [-9317708.237000002, 5289474.848974692], [-9317708.279899994, 5289436.815582697], [-9317708.283499999, 5289433.621181561], [-9317725.566099996, 5289433.621879047], [-9317742.073900001, 5289433.622476897], [-9317742.078999998, 5289436.774032259]]], [[[-9317785.789199997, 5289547.400216597], [-9317785.3553, 5289508.658173359], [-9317804.7354, 5289508.783621797], [-9317804.9468, 5289547.566816915], [-9317785.789199997, 5289547.400216597]]], [[[-9317683.988999996, 5288760.814655689], [-9317671.164999997, 5288761.009055822], [-9317668.500099998, 5288761.049510172], [-9317665.003199998, 5288761.102519321], [-9317653.7618, 5288761.27300553], [-9317650.014800001, 5288761.329900701], [-9317648.181800002, 5288761.357700617], [-9317646.9808, 5288715.48146578], [-9317652.7259, 5288715.404642364], [-9317667.2991, 5288715.210042972], [-9317670.379899997, 5288715.16869186], [-9317689.280699996, 5288714.916200879], [-9317689.983799996, 5288760.723683212], [-9317683.988999996, 5288760.814655689]]], [[[-9317594.325999994, 5288869.69177906], [-9317594.612800002, 5288828.639473439], [-9317609.518199997, 5288828.391167386], [-9317610.595299995, 5288869.428128243], [-9317594.325999994, 5288869.69177906]]], [[[-9317569.773499997, 5288905.28234879], [-9317549.871999998, 5288905.623719829], [-9317550.056599995, 5288860.214100002], [-9317570.082900003, 5288859.96958031], [-9317569.773499997, 5288905.28234879]]], [[[-9317660.972799998, 5288933.921146432], [-9317662.589199994, 5288975.038022947], [-9317664.227199998, 5289016.707013135], [-9317648.237500003, 5289017.016997176], [-9317647.3547, 5288975.3085490465], [-9317646.4839, 5288934.158990185], [-9317660.972799998, 5288933.921146432]]], [[[-9317630.335999997, 5289017.364247077], [-9317614.098000001, 5289017.679013909], [-9317613.129999997, 5288975.915763027], [-9317629.200599998, 5288975.630589663], [-9317630.335999997, 5289017.364247077]]], [[[-9317642.440099996, 5289043.165861051], [-9317642.691699997, 5289085.463191436], [-9317642.706499996, 5289087.964985064], [-9317658.153599998, 5289087.678317061], [-9317658.156900002, 5289090.014407221], [-9317658.213199995, 5289132.268395168], [-9317642.9708, 5289132.410682937], [-9317625.818800002, 5289132.570906149], [-9317625.9602, 5289090.612852844], [-9317625.967999997, 5289088.27576626], [-9317608.312299997, 5289088.603386846], [-9317608.3115, 5289086.1015932085], [-9317608.299599996, 5289043.793900113], [-9317626.118899995, 5289043.4660802595], [-9317642.440099996, 5289043.165861051]]], [[[-9317675.8503, 5289087.349799712], [-9317692.961499998, 5289087.032043618], [-9317692.969, 5289089.367237012], [-9317693.105699997, 5289131.942368837], [-9317675.953199998, 5289132.1026916895], [-9317675.855600001, 5289089.685491313], [-9317675.8503, 5289087.349799712]]], [[[-9317608.312299997, 5289088.603386846], [-9317608.312899997, 5289090.940772343], [-9317608.324699994, 5289132.734218232], [-9317592.252799999, 5289132.884178393], [-9317592.827300001, 5289091.228636049], [-9317592.859599998, 5289088.890054841], [-9317608.312299997, 5289088.603386846]]], [[[-9317568.132499997, 5289088.396332227], [-9317568.0906, 5289091.916858477], [-9317567.600100001, 5289133.057255319], [-9317549.613199998, 5289133.179116641], [-9317549.371699994, 5289092.258927037], [-9317549.350899998, 5289088.719568595], [-9317568.132499997, 5289088.396332227]]], [[[-9317515.7887, 5289203.368840546], [-9317500.753899999, 5289203.461008747], [-9317500.7463, 5289199.775077644], [-9317500.6629, 5289159.227444774], [-9317515.1595, 5289159.101498168], [-9317532.7305, 5289158.9490469815], [-9317549.222299999, 5289158.8058624305], [-9317549.763799997, 5289199.423941702], [-9317549.813799994, 5289203.1601916505], [-9317533.278999997, 5289203.261526866], [-9317523.745099995, 5289203.320016307], [-9317515.7887, 5289203.368840546]]], [[[-9317566.5801, 5289272.685311824], [-9317566.4407, 5289315.829899759], [-9317566.430299997, 5289319.000984536], [-9317549.979699994, 5289318.959733032], [-9317549.969499994, 5289315.758158016], [-9317549.831299996, 5289272.7716011945], [-9317566.5801, 5289272.685311824]]], [[[-9317483.970200002, 5289318.794228809], [-9317500.713299999, 5289318.836177799], [-9317516.9908, 5289318.877030746], [-9317516.971199997, 5289322.135202035], [-9317516.727499995, 5289362.577818044], [-9317500.647, 5289362.579511946], [-9317483.987999996, 5289362.581305497], [-9317483.971500002, 5289322.114875197], [-9317483.970200002, 5289318.794228809]]], [[[-9317625.346100003, 5289433.617195907], [-9317641.682799999, 5289433.618092687], [-9317641.6821, 5289436.89708929], [-9317641.673699994, 5289474.379564409], [-9317625.178099995, 5289474.263282989], [-9317625.332500001, 5289436.917017566], [-9317625.346100003, 5289433.617195907]]], [[[-9317692.471099997, 5289433.620484082], [-9317692.479899999, 5289436.8349131085], [-9317692.583999999, 5289474.738572107], [-9317675.755300002, 5289474.619998926], [-9317658.081899999, 5289474.495347635], [-9317658.0936, 5289436.876961743], [-9317658.0946, 5289433.618989452], [-9317675.521399999, 5289433.619786582], [-9317692.471099997, 5289433.620484082]]], [[[-9317483.896899998, 5289432.265461747], [-9317483.906900002, 5289435.571959356], [-9317484.031799998, 5289477.093794094], [-9317467.704399996, 5289477.027632256], [-9317467.730999999, 5289435.513569539], [-9317467.733099999, 5289432.228594458], [-9317483.896899998, 5289432.265461747]]]]}, "properties": {"Group": 72, "Chld_Rt": 0.040293921094935, "Med_Income": 27458.733333333334, "Bay_Ld_Est": 4.929758737195566}}, {"type": "Feature", "geometry": {"type": "MultiPolygon", "coordinates": [[[[-9317295.991299998, 5286519.675384296], [-9317279.330900002, 5286493.112861436], [-9317326.2802, 5286464.167522012], [-9317359.2904, 5286517.134038108], [-9317312.342299998, 5286545.897434067], [-9317295.991299998, 5286519.675384296]]], [[[-9317616.438099999, 5286576.651261313], [-9317633.109299999, 5286588.069334546], [-9317604.666599998, 5286605.784127803], [-9317598.805999996, 5286596.190582674], [-9317594.794699999, 5286589.837366282], [-9317616.438099999, 5286576.651261313]]], [[[-9317395.3165, 5286681.076734831], [-9317348.056999998, 5286709.630389893], [-9317338.801599998, 5286694.7806757195], [-9317325.7411, 5286673.839302822], [-9317373.123199997, 5286645.01631864], [-9317374.032199997, 5286646.490608463], [-9317382.771599999, 5286660.763997919], [-9317386.164700001, 5286666.253924085], [-9317392.334399996, 5286676.2663609665], [-9317395.3165, 5286681.076734831]]], [[[-9317208.401199996, 5286679.329627615], [-9317261.478200002, 5286679.860216516], [-9317261.791899998, 5286707.262817422], [-9317208.5071, 5286706.67862158], [-9317208.401199996, 5286679.329627615]]], [[[-9317419.274199998, 5286720.002531522], [-9317428.528099997, 5286735.086502238], [-9317407.9314, 5286747.3956673555], [-9317381.479899997, 5286763.199844397], [-9317372.326499999, 5286748.610890398], [-9317419.274199998, 5286720.002531522]]], [[[-9317451.664699998, 5286772.52316405], [-9317457.3195, 5286781.777233201], [-9317469.1444, 5286800.991926889], [-9317457.434199998, 5286808.0597704295], [-9317422.5134, 5286828.978626603], [-9317413.9774, 5286815.331180812], [-9317448.795600003, 5286794.1773711], [-9317432.443600003, 5286768.0069304155], [-9317444.3523, 5286760.622427631], [-9317445.598299999, 5286762.641455571], [-9317450.8798, 5286771.244768524], [-9317451.664699998, 5286772.52316405]]], [[[-9317290.180299995, 5286876.356087564], [-9317290.123299997, 5286870.11048221], [-9317290.097600002, 5286859.7015718], [-9317345.365399998, 5286859.701771101], [-9317345.219199998, 5286851.477691666], [-9317398.509799996, 5286851.4106332], [-9317402.2119, 5286857.371364476], [-9317402.013799997, 5286869.860382985], [-9317366.625299998, 5286869.932224235], [-9317345.496199997, 5286869.981347318], [-9317330.1957, 5286870.022100536], [-9317330.146, 5286876.631196712], [-9317290.180299995, 5286876.356087564]]], [[[-9317517.666099995, 5286881.50314953], [-9317523.221499998, 5286890.158077372], [-9317529.805400003, 5286900.460073091], [-9317484.011199998, 5286927.855105925], [-9317471.771299997, 5286908.428971895], [-9317517.666099995, 5286881.50314953]]], [[[-9317346.037199998, 5286956.792185485], [-9317402.383299995, 5286956.647107993], [-9317402.392799996, 5286957.790788898], [-9317402.400300002, 5286970.61978391], [-9317402.493799996, 5286985.869261473], [-9317402.5008, 5286987.865471951], [-9317402.526999999, 5286995.289533566], [-9317402.559699995, 5287004.761718736], [-9317346.455999998, 5287005.093822643], [-9317346.451599998, 5287003.71459006], [-9317346.4252, 5286995.3613748215], [-9317346.302599998, 5286988.121250741], [-9317346.281099996, 5286986.851125202], [-9317346.277400002, 5286986.125139907], [-9317346.197799996, 5286970.274527401], [-9317290.619600002, 5286969.959860693], [-9317290.425499998, 5286954.293086264], [-9317307.599399997, 5286954.266482091], [-9317321.962999996, 5286954.244660678], [-9317334.973500002, 5286954.238582562], [-9317346.0066, 5286954.217558285], [-9317346.037199998, 5286956.792185485]]], [[[-9317608.911899995, 5286983.205056841], [-9317594.168699997, 5286992.176146685], [-9317584.8094, 5286977.221307871], [-9317572.983199999, 5286958.110437647], [-9317587.620799996, 5286949.320993827], [-9317599.448899997, 5286968.171501659], [-9317608.911899995, 5286983.205056841]]], [[[-9317547.671600001, 5287029.9753103675], [-9317535.327699998, 5287010.522271697], [-9317568.366200002, 5286990.81146171], [-9317554.896100001, 5286968.851851305], [-9317569.010499999, 5286960.448516793], [-9317582.480699996, 5286982.382120725], [-9317595.026699997, 5287002.669354545], [-9317547.671600001, 5287029.9753103675]]], [[[-9317266.121799996, 5287030.224213916], [-9317210.307700003, 5287029.751018157], [-9317210.1159, 5287017.571284199], [-9317210.1531, 5287012.653495944], [-9317265.938900001, 5287013.074280455], [-9317266.010999998, 5287017.316402171], [-9317266.121799996, 5287030.224213916]]], [[[-9317346.888599997, 5287044.858408144], [-9317291.409099996, 5287044.727081137], [-9317291.268799996, 5287035.722411875], [-9317291.0807, 5287019.248842367], [-9317290.996899998, 5287012.324381276], [-9317346.566599999, 5287012.691060648], [-9317346.661799995, 5287019.225426695], [-9317346.629100002, 5287023.570876295], [-9317346.745499996, 5287035.750012462], [-9317346.887099996, 5287044.598743351], [-9317346.888599997, 5287044.858408144]]], [[[-9317101.261299996, 5286313.008504503], [-9317091.595300002, 5286297.505547947], [-9317112.686299996, 5286284.614383558], [-9317121.8574, 5286300.674433238], [-9317101.261299996, 5286313.008504503]]], [[[-9317080.519399997, 5286344.59632212], [-9317046.336899998, 5286364.347377292], [-9317043.1099, 5286350.66227207], [-9317042.4841, 5286348.02945568], [-9317034.838899996, 5286315.862723307], [-9317058.516099997, 5286309.016484216], [-9317073.321999997, 5286332.96292665], [-9317080.519399997, 5286344.59632212]]], [[[-9317073.598399999, 5286461.583629185], [-9317079.487599999, 5286481.065555544], [-9317054.714099996, 5286481.45066836], [-9317012.670699999, 5286480.89825814], [-9317012.508399997, 5286461.0693815], [-9317012.3341, 5286442.853694447], [-9317012.156800002, 5286425.02840143], [-9317062.4275, 5286424.862299735], [-9317068.318399997, 5286444.1099693235], [-9317073.598399999, 5286461.583629185]]], [[[-9317013.054499999, 5286512.698514644], [-9317055.411299998, 5286513.09687976], [-9317055.620699998, 5286526.70735551], [-9317013.160400001, 5286526.203869039], [-9317013.054499999, 5286512.698514644]]], [[[-9317260.785199996, 5286633.745614104], [-9317208.266499998, 5286642.014231724], [-9317208.2463, 5286638.3186427], [-9317208.178800002, 5286626.036780289], [-9317208.222899998, 5286620.208473081], [-9317208.177, 5286598.714691117], [-9317239.817499997, 5286598.667261951], [-9317256.263399998, 5286626.0872983225], [-9317260.785199996, 5286633.745614104]]], [[[-9317126.273899995, 5286652.844323339], [-9317070.2835, 5286652.212897639], [-9317070.2741, 5286651.379798344], [-9317070.243800001, 5286648.713501937], [-9317070.242299998, 5286648.575698291], [-9317069.9714, 5286624.654359585], [-9317125.858099999, 5286625.206769873], [-9317126.273899995, 5286652.844323339]]], [[[-9316946.051099995, 5286647.0311614685], [-9316946.456400001, 5286662.230515748], [-9316957.905499998, 5286662.187072225], [-9316989.546800002, 5286662.062520839], [-9316989.8566, 5286689.881421921], [-9316958.3179, 5286690.189014034], [-9316947.284399996, 5286690.313665058], [-9316880.043100001, 5286691.000889806], [-9316879.634599997, 5286662.530734421], [-9316879.324599996, 5286634.789952551], [-9316878.907599999, 5286607.412761659], [-9316949.786699995, 5286607.299370078], [-9316953.949799996, 5286607.304850344], [-9316953.886299998, 5286601.944059293], [-9316988.750999998, 5286602.208108213], [-9316989.348500002, 5286646.994792472], [-9316946.051099995, 5286647.0311614685]]], [[[-9317015.132499997, 5286705.711405302], [-9317014.935599998, 5286690.461532475], [-9317014.710799998, 5286678.906451821], [-9317070.5977, 5286679.485366671], [-9317070.703899994, 5286688.958047743], [-9317070.7219, 5286690.571436617], [-9317070.9839, 5286706.107877286], [-9317015.132499997, 5286705.711405302]]], [[[-9317039.611099998, 5286868.218297255], [-9317017.232599996, 5286868.309369249], [-9317017.030000001, 5286853.813777802], [-9317016.8224, 5286839.994650112], [-9317072.612100001, 5286839.766173018], [-9317072.820399998, 5286853.507281706], [-9317072.918300001, 5286868.10600171], [-9317055.8484, 5286868.159210072], [-9317039.611099998, 5286868.218297255]]], [[[-9316991.9033, 5286859.478475333], [-9316992.171499997, 5286879.048689689], [-9316992.348299999, 5286896.953103992], [-9316965.807699999, 5286896.8821595125], [-9316965.837299999, 5286879.213595752], [-9316965.9852, 5286859.698582576], [-9316947.873599995, 5286859.873552388], [-9316947.7347, 5286850.712946055], [-9316947.662199998, 5286846.54894351], [-9316991.796599995, 5286846.076445318], [-9316991.9033, 5286859.478475333]]], [[[-9317063.399499994, 5286915.653850438], [-9317074.432, 5286915.68523739], [-9317095.248200001, 5286915.738545391], [-9317095.674000002, 5286942.023775635], [-9317096.090799998, 5286967.759485574], [-9317074.6606, 5286968.042964606], [-9317074.6455, 5286964.674496482], [-9317054.908099998, 5286964.953093082], [-9317052.1954, 5286964.991454928], [-9317051.9901, 5286942.1319859065], [-9317051.977599999, 5286940.738305414], [-9317051.7519, 5286915.6030334635], [-9317054.448700001, 5286915.612200453], [-9317063.399499994, 5286915.653850438]]], [[[-9317064.9999, 5287130.686497405], [-9317020.732199999, 5287130.7644167775], [-9317020.569800003, 5287115.023208475], [-9317020.329999996, 5287091.705387574], [-9317055.820999997, 5287091.947914104], [-9317075.285, 5287091.938946406], [-9317075.293099998, 5287104.63791105], [-9317075.394899996, 5287118.690799687], [-9317075.512800002, 5287130.635979349], [-9317064.9999, 5287130.686497405]]], [[[-9316942.057200002, 5287174.254289729], [-9316887.411100002, 5287174.386613172], [-9316886.5812, 5287119.1085950155], [-9316941.119699998, 5287119.39187478], [-9316941.0754, 5287116.816649413], [-9316996.101899998, 5287116.061170265], [-9316996.712, 5287145.471051261], [-9316997.1209, 5287160.202795467], [-9316997.432100002, 5287174.10114129], [-9316950.071899997, 5287174.236952179], [-9316942.057200002, 5287174.254289729]]], [[[-9316888.2966, 5287208.613049068], [-9316887.874699999, 5287181.884609589], [-9316942.936600002, 5287181.833493684], [-9316949.494300002, 5287181.805195594], [-9316997.374099994, 5287181.751389383], [-9316997.802000001, 5287207.725146769], [-9316998.089199996, 5287222.056234622], [-9316943.037399996, 5287222.304341087], [-9316943.049299998, 5287208.169247375], [-9316888.2966, 5287208.613049068]]], [[[-9316744.053699998, 5286356.435277243], [-9316743.213999994, 5286234.056600319], [-9316807.798999997, 5286215.323679641], [-9316807.973899996, 5286348.199244089], [-9316744.053699998, 5286356.435277243]]], [[[-9316743.832399994, 5286399.263108863], [-9316851.680399997, 5286368.675287858], [-9316854.0279, 5286525.700781134], [-9316745.3797, 5286524.381532992], [-9316743.832399994, 5286399.263108863]]], [[[-9316854.418099998, 5286556.590319086], [-9316854.839199997, 5286583.3950707605], [-9316855.1419, 5286598.385377268], [-9316805.188899998, 5286597.694067281], [-9316791.972499998, 5286597.489703378], [-9316792.180299995, 5286638.656426047], [-9316746.386000002, 5286638.542835183], [-9316746.180899996, 5286610.7249316145], [-9316746.006499996, 5286592.586962517], [-9316745.966399996, 5286584.155830592], [-9316745.652300002, 5286557.01359449], [-9316745.5534, 5286542.623426812], [-9316792.1786, 5286542.925438982], [-9316800.9207, 5286542.991899599], [-9316854.206299996, 5286543.344130879], [-9316854.418099998, 5286556.590319086]]], [[[-9316857.7546, 5286761.635777789], [-9316858.0528, 5286777.22492947], [-9316858.335299995, 5286794.869478319], [-9316858.467100002, 5286804.940903726], [-9316858.6253, 5286811.5254878625], [-9316858.682000002, 5286817.770993284], [-9316858.829000002, 5286825.838934859], [-9316859.1082, 5286843.899984259], [-9316859.619, 5286872.631801239], [-9316859.733200002, 5286885.018986662], [-9316860.038999997, 5286899.593394575], [-9316825.587199997, 5286899.6443111915], [-9316804.354099996, 5286899.6653354615], [-9316790.0946, 5286899.687256515], [-9316748.773299996, 5286899.737774562], [-9316748.567599999, 5286872.022993965], [-9316748.261, 5286843.86510987], [-9316748.048199996, 5286817.061448872], [-9316747.988399997, 5286811.232244048], [-9316747.932899997, 5286804.830501366], [-9316747.756800001, 5286786.92638727], [-9316747.624499997, 5286776.933180269], [-9316747.4112, 5286750.207539629], [-9316747.211900001, 5286721.634652954], [-9316746.902799996, 5286693.8155519115], [-9316802.377599997, 5286693.846540301], [-9316814.450799994, 5286693.8599918485], [-9316856.707400002, 5286693.868461338], [-9316857.117099999, 5286722.182679081], [-9316857.532599995, 5286749.742315263], [-9316857.7546, 5286761.635777789]]], [[[-9316463.055099996, 5286778.564205715], [-9316468.446899999, 5286773.130377015], [-9316471.8534, 5286768.401110678], [-9316474.831100002, 5286763.013714781], [-9316478.2408, 5286754.120246969], [-9316480.129800001, 5286748.420675518], [-9316482.064999998, 5286736.47420404], [-9316482.263399994, 5286729.474814335], [-9316699.704399996, 5286725.286001561], [-9316701.6441, 5286998.747778415], [-9316647.490299996, 5286998.041621685], [-9316619.941000002, 5286997.6821164815], [-9316592.273499997, 5286997.321017], [-9316563.202199997, 5286996.941683216], [-9316563.396400003, 5286922.526099068], [-9316563.489899997, 5286886.729127302], [-9316499.2814, 5286817.5089371465], [-9316458.724999996, 5286816.120737052], [-9316458.093900003, 5286780.408662444], [-9316463.055099996, 5286778.564205715]]], [[[-9316860.786799999, 5287061.742100908], [-9316804.892199999, 5287061.890466566], [-9316750.871299995, 5287062.026676009], [-9316750.4491, 5287035.376756768], [-9316750.0328, 5287007.972355395], [-9316804.158099996, 5287007.758824448], [-9316859.948899997, 5287007.53154301], [-9316860.373199997, 5287033.92129867], [-9316860.786799999, 5287061.742100908]]], [[[-9316805.6118, 5287117.921868995], [-9316861.510599999, 5287117.279083971], [-9316862.336499998, 5287173.0514218], [-9316752.630999997, 5287172.921390104], [-9316751.794899998, 5287118.554191683], [-9316805.6118, 5287117.921868995]]], [[[-9316830.3329, 5287220.716160769], [-9316836.369799996, 5287220.709983017], [-9316836.342699997, 5287224.27494415], [-9316836.540699996, 5287239.34357599], [-9316836.772499999, 5287263.676543634], [-9316754.548399996, 5287263.078298148], [-9316753.9225, 5287235.853744247], [-9316752.876199994, 5287181.744912704], [-9316863.4141, 5287181.933334112], [-9316863.747499999, 5287206.605180231], [-9316830.333899999, 5287206.846212179], [-9316830.3329, 5287220.716160769]]], [[[-9316696.306500003, 5287234.874371363], [-9316695.880599996, 5287207.3990212865], [-9316695.454999998, 5287179.923472513], [-9316695.0293, 5287152.448223229], [-9316694.642299999, 5287127.470679106], [-9316693.799800001, 5287073.09481382], [-9316693.982100002, 5287050.302401387], [-9316665.6003, 5287021.525443054], [-9316701.838800002, 5287021.813704857], [-9316704.6022, 5287184.7305600755], [-9316705.082399998, 5287267.666673691], [-9316709.053299999, 5287480.805200321], [-9316691.1343, 5287480.792346614], [-9316699.988299994, 5287472.499311568], [-9316699.2787, 5287426.705625178], [-9316698.118800001, 5287351.850200313], [-9316697.5876, 5287317.563677028], [-9316697.120300002, 5287287.478025815], [-9316697.119199999, 5287287.327866589], [-9316696.732199999, 5287262.35002095], [-9316696.306500003, 5287234.874371363]]]]}, "properties": {"Group": 73, "Chld_Rt": 0.031634636783996, "Med_Income": 29870.84, "Bay_Ld_Est": 0.697769241205895}}, {"type": "Feature", "geometry": {"type": "MultiPolygon", "coordinates": [[[[-9316870.666899996, 5291045.135822335], [-9316851.593000002, 5291045.379744588], [-9316850.721999997, 5290991.013480031], [-9316854.719599998, 5290990.976513044], [-9316869.6298, 5290990.838908218], [-9316870.666899996, 5291045.135822335]]], [[[-9317003.871099994, 5291121.0603140555], [-9316984.551100003, 5291121.236878704], [-9316983.235899996, 5291068.9754368905], [-9317002.976899998, 5291068.749848645], [-9317003.871099994, 5291121.0603140555]]], [[[-9316968.881500002, 5291121.37996383], [-9316946.938299999, 5291121.580342779], [-9316945.836299995, 5291069.402898697], [-9316968.2428, 5291069.146720535], [-9316968.881500002, 5291121.37996383]]], [[[-9316890.8749, 5291122.092200915], [-9316890.111599997, 5291070.0392089775], [-9316910.602300001, 5291069.805250856], [-9316911.4919, 5291121.904077863], [-9316890.8749, 5291122.092200915]]], [[[-9317023.3962, 5291171.683552803], [-9317004.7392, 5291171.850751172], [-9317003.871099994, 5291121.0603140555], [-9317022.898099998, 5291120.886340085], [-9317023.3962, 5291171.683552803]]], [[[-9316875.100099996, 5291251.525854528], [-9316875.8616, 5291310.631476658], [-9316857.037299998, 5291310.800169673], [-9316856.1441, 5291251.760510168], [-9316855.340599997, 5291198.658487763], [-9316874.416699996, 5291198.482421313], [-9316875.100099996, 5291251.525854528]]], [[[-9316931.429300003, 5291250.828065382], [-9316950.1153, 5291250.5965982545], [-9316971.620099999, 5291250.330157], [-9316972.739000002, 5291309.763499859], [-9316951.498, 5291309.953914708], [-9316933.337899998, 5291310.116629214], [-9316931.429300003, 5291250.828065382]]], [[[-9316915.596599996, 5291310.275557355], [-9316893.938599994, 5291310.469559291], [-9316892.649199998, 5291251.30843686], [-9316914.084499996, 5291251.042892364], [-9316915.596599996, 5291310.275557355]]], [[[-9317066.627399998, 5291406.287486444], [-9317083.1582, 5291405.936648811], [-9317084.087699994, 5291458.760082129], [-9317067.5948, 5291459.049042405], [-9317066.627399998, 5291406.287486444]]], [[[-9316993.674999999, 5291486.089148862], [-9317012.117499998, 5291485.76740653], [-9317012.449899996, 5291530.974846002], [-9316994.045400001, 5291531.286624192], [-9316993.674999999, 5291486.089148862]]], [[[-9316882.3917, 5291528.5961048845], [-9316862.0993, 5291529.389948577], [-9316862.154399998, 5291533.520088045], [-9316844.0769, 5291533.826186673], [-9316843.548199996, 5291488.706431594], [-9316861.552100003, 5291488.392660581], [-9316881.712999996, 5291488.041324724], [-9316882.3917, 5291528.5961048845]]], [[[-9317026.7969, 5291673.079749749], [-9317044.080599999, 5291673.046469484], [-9317060.661899999, 5291673.014584209], [-9317060.912499996, 5291717.302737744], [-9317044.333, 5291717.337014428], [-9317027.0022, 5291717.3730846355], [-9317026.7969, 5291673.079749749]]], [[[-9316993.514999997, 5291717.442534768], [-9316978.020699995, 5291717.474619325], [-9316977.6421, 5291673.174209889], [-9316992.710999995, 5291673.145313849], [-9316993.514999997, 5291717.442534768]]], [[[-9316918.8695, 5291717.59687944], [-9316918.174599998, 5291673.288299399], [-9316926.036399996, 5291673.273253531], [-9316943.861399997, 5291673.2391761355], [-9316944.195899995, 5291717.544468023], [-9316918.8695, 5291717.59687944]]], [[[-9316861.417399997, 5291788.08327621], [-9316877.0465, 5291788.078294133], [-9316877.103899997, 5291831.954433971], [-9316861.603899999, 5291831.992497025], [-9316852.361000001, 5291832.015016016], [-9316844.360699998, 5291832.034545739], [-9316828.2816, 5291832.074003777], [-9316828.110099997, 5291804.497220983], [-9316828.0079, 5291788.093838218], [-9316843.8634, 5291788.088856139], [-9316851.9791, 5291788.086265462], [-9316861.417399997, 5291788.08327621]]], [[[-9316774.989700003, 5291113.17478929], [-9316774.580599999, 5291071.357564957], [-9316816.561599996, 5291070.878688163], [-9316817.576000001, 5291112.445712795], [-9316774.989700003, 5291113.17478929]]], [[[-9316831.730700001, 5291122.631759376], [-9316834.148999998, 5291122.609838263], [-9316853.602499997, 5291122.432277199], [-9316872.5095, 5291122.259897481], [-9316873.459099997, 5291173.025922482], [-9316854.716900002, 5291173.193519417], [-9316832.81, 5291173.389514159], [-9316831.730700001, 5291122.631759376]]], [[[-9316819.066099996, 5291173.512372067], [-9316775.5834, 5291173.900874106], [-9316775.3896, 5291154.075413223], [-9316818.573399996, 5291153.325312352], [-9316819.066099996, 5291173.512372067]]], [[[-9316738.1055, 5291194.699732686], [-9316696.243399998, 5291194.994372465], [-9316695.953199996, 5291174.048542741], [-9316737.894499999, 5291173.7912685], [-9316738.1055, 5291194.699732686]]], [[[-9316820.789899996, 5291221.953564569], [-9316821.189499997, 5291243.190348134], [-9316776.031999996, 5291243.541086071], [-9316775.790799996, 5291199.391649603], [-9316820.3575, 5291198.980927513], [-9316820.789899996, 5291221.953564569]]], [[[-9316649.942000002, 5291273.131610928], [-9316649.778899996, 5291253.22135363], [-9316680.5794, 5291253.536519576], [-9316680.128199996, 5291276.580500876], [-9316697.3636, 5291275.862185563], [-9316697.694600001, 5291299.764379185], [-9316650.1228, 5291295.206081114], [-9316649.942000002, 5291273.131610928]]], [[[-9316778.470599998, 5291397.173380584], [-9316777.746399999, 5291352.943627872], [-9316822.9062, 5291352.450203317], [-9316824.021499997, 5291396.3370897155], [-9316778.470599998, 5291397.173380584]]], [[[-9316649.691699998, 5291320.372127466], [-9316740.195999997, 5291329.306280288], [-9316741.1396, 5291436.517812908], [-9316741.424799997, 5291468.923413172], [-9316651.631999996, 5291469.229113225], [-9316651.219499994, 5291437.5752082355], [-9316649.691699998, 5291320.372127466]]], [[[-9316779.6261, 5291534.916762699], [-9316779.0567, 5291489.829988922], [-9316824.859899996, 5291489.031960317], [-9316825.497900002, 5291534.140555542], [-9316779.6261, 5291534.916762699]]], [[[-9316826.428299999, 5291554.496015295], [-9316826.528299998, 5291600.9378158925], [-9316780.4603, 5291600.975679661], [-9316779.8827, 5291555.240237534], [-9316826.428299999, 5291554.496015295]]], [[[-9316665.147600003, 5291619.273444067], [-9316665.143100003, 5291611.445907615], [-9316665.129699998, 5291588.031951527], [-9316665.1203, 5291571.543776599], [-9316742.1759, 5291570.976218695], [-9316742.378600001, 5291586.970271486], [-9316742.787200002, 5291619.208178884], [-9316743.227599997, 5291653.945394622], [-9316665.1677, 5291654.401055172], [-9316665.147600003, 5291619.273444067]]], [[[-9316807.693699997, 5291713.129652226], [-9316802.513499998, 5291709.627751839], [-9316796.805899994, 5291707.006981217], [-9316789.3174, 5291705.778501197], [-9316782.0711, 5291706.209052105], [-9316781.2553, 5291630.806547932], [-9316891.386400001, 5291630.715276334], [-9316891.668899998, 5291673.339016917], [-9316876.269699996, 5291673.368411158], [-9316876.052999998, 5291717.685062164], [-9316810.7329, 5291717.819378904], [-9316807.693699997, 5291713.129652226]]], [[[-9316700.533099996, 5291729.723548584], [-9316700.471399995, 5291721.724129885], [-9316700.275699995, 5291696.399047939], [-9316720.515099997, 5291695.946874833], [-9316720.296300001, 5291678.870714072], [-9316743.207700001, 5291678.690362974], [-9316744.103799997, 5291729.58305409], [-9316700.533099996, 5291729.723548584]]], [[[-9316792.840799997, 5291872.665662058], [-9316799.0012, 5291870.525462085], [-9316804.230899995, 5291867.51897885], [-9316809.5691, 5291863.275346655], [-9316828.649599997, 5291863.229112992], [-9316828.916999998, 5291883.888285224], [-9316829.1572, 5291902.448509343], [-9316783.6462, 5291902.420609724], [-9316783.607499998, 5291884.510945023], [-9316783.5849, 5291874.177821579], [-9316792.840799997, 5291872.665662058]]], [[[-9316575.467799999, 5291100.831007178], [-9316622.513599994, 5291100.688121335], [-9316622.6847, 5291121.349573177], [-9316575.827099998, 5291121.36760829], [-9316575.467799999, 5291100.831007178]]], [[[-9316648.977000002, 5291155.337471874], [-9316695.6901, 5291155.054290857], [-9316695.953199996, 5291174.048542741], [-9316649.132600002, 5291174.335809049], [-9316648.977000002, 5291155.337471874]]], [[[-9316549.447899995, 5291246.092505314], [-9316550.281, 5291286.755488539], [-9316529.440399995, 5291284.653352579], [-9316528.9871, 5291245.9195277365], [-9316549.447899995, 5291246.092505314]]], [[[-9316586.871800002, 5291260.515606824], [-9316606.415900001, 5291260.04719232], [-9316623.830799999, 5291259.629694588], [-9316623.948400002, 5291273.793230232], [-9316606.570299998, 5291274.130915141], [-9316587.060499996, 5291274.509851631], [-9316586.871800002, 5291260.515606824]]], [[[-9316624.957799997, 5291321.101801909], [-9316625.3208, 5291360.0884194095], [-9316606.955, 5291360.143919711], [-9316588.127799999, 5291360.201014275], [-9316587.666699998, 5291316.529055742], [-9316606.979800003, 5291318.8973341165], [-9316624.957799997, 5291321.101801909]]], [[[-9316342.788199995, 5291397.73456136], [-9316386.739, 5291397.098350562], [-9316386.929199995, 5291418.7607057225], [-9316387.106199997, 5291438.915286442], [-9316343.349100001, 5291439.464410614], [-9316343.0771, 5291419.230315986], [-9316342.788199995, 5291397.73456136]]], [[[-9316505.919299996, 5291481.572799198], [-9316506.111500002, 5291502.647968524], [-9316462.441, 5291503.003090765], [-9316462.118200002, 5291481.890854791], [-9316505.919299996, 5291481.572799198]]], [[[-9316447.831899999, 5291613.114304697], [-9316447.608600002, 5291573.142823162], [-9316463.852500001, 5291573.023552303], [-9316464.1991, 5291612.98885607], [-9316464.568300001, 5291655.569252015], [-9316448.069800003, 5291655.665107142], [-9316447.831899999, 5291613.114304697]]], [[[-9316358.452199996, 5291657.675174959], [-9316341.2915, 5291657.860508132], [-9316340.922699999, 5291615.005599801], [-9316357.952, 5291614.653765694], [-9316358.452199996, 5291657.675174959]]], [[[-9316416.148299996, 5291832.467687377], [-9316415.621900002, 5291790.815645491], [-9316434.447799997, 5291790.615864273], [-9316435.058299994, 5291832.311449488], [-9316416.148299996, 5291832.467687377]]], [[[-9316586.366599996, 5291872.570803338], [-9316569.705199998, 5291872.73939676], [-9316569.263200002, 5291831.202040966], [-9316585.924300002, 5291831.064037475], [-9316586.366599996, 5291872.570803338]]], [[[-9316602.1705, 5291939.604131845], [-9316585.515700001, 5291939.844267896], [-9316584.842800003, 5291896.896185435], [-9316601.667, 5291896.640505334], [-9316602.1705, 5291939.604131845]]]]}, "properties": {"Group": 74, "Chld_Rt": 0.012063293097787, "Med_Income": 33743.846153846156, "Bay_Ld_Est": 2.567819451604752}}, {"type": "Feature", "geometry": {"type": "MultiPolygon", "coordinates": [[[[-9320892.106599998, 5282105.182801449], [-9320913.498599997, 5282140.206628263], [-9320895.782399999, 5282150.988655456], [-9320874.1472, 5282116.222100793], [-9320892.106599998, 5282105.182801449]]], [[[-9320955.034899997, 5282205.523341117], [-9320971.840600003, 5282205.077647974], [-9320973.321999999, 5282254.163081807], [-9320956.849, 5282254.603195094], [-9320938.876699995, 5282254.984918873], [-9320937.646599997, 5282205.97869943], [-9320955.034899997, 5282205.523341117]]], [[[-9320978.5022, 5282380.598755865], [-9320986.489300001, 5282380.3828342855], [-9320995.230699996, 5282380.4871581895], [-9321011.527899997, 5282379.467334803], [-9321014.310400002, 5282426.70065236], [-9320998.006299997, 5282427.304475507], [-9320981.035000002, 5282427.8363580145], [-9320978.5022, 5282380.598755865]]], [[[-9320819.972599996, 5282432.758513085], [-9320802.830799999, 5282433.043186806], [-9320801.301499998, 5282386.0385446055], [-9320818.6902, 5282385.583485165], [-9320819.972599996, 5282432.758513085]]], [[[-9321160.553899996, 5282549.453719159], [-9321158.9306, 5282498.209157899], [-9321175.563099997, 5282497.484271147], [-9321177.770900002, 5282548.798481313], [-9321160.553899996, 5282549.453719159]]], [[[-9320787.595999999, 5282508.128099546], [-9320805.4897, 5282507.99766975], [-9320807.061799997, 5282557.582514709], [-9320788.840600003, 5282558.051424292], [-9320787.595999999, 5282508.128099546]]], [[[-9320990.5276, 5282578.342375278], [-9321007.748800002, 5282577.806407448], [-9321024.056000002, 5282577.3688847115], [-9321024.806699999, 5282627.550481074], [-9321008.581299998, 5282627.903508415], [-9320991.5264, 5282628.436487044], [-9320990.5276, 5282578.342375278]]], [[[-9321107.658699997, 5282674.453000188], [-9321091.852, 5282674.965452847], [-9321090.946899999, 5282625.535245909], [-9321106.172399996, 5282625.115658509], [-9321107.658699997, 5282674.453000188]]], [[[-9320816.378299996, 5282727.7386107035], [-9320815.292299999, 5282707.445764203], [-9320856.726600002, 5282706.341744082], [-9320857.150899999, 5282726.895350567], [-9320816.378299996, 5282727.7386107035]]], [[[-9321027.531799998, 5282751.451528637], [-9321043.390499998, 5282751.264104273], [-9321044.738500003, 5282800.111915448], [-9321012.201099997, 5282800.652765777], [-9321010.973300003, 5282751.810135904], [-9321009.902099999, 5282702.382217779], [-9321026.127799997, 5282702.0291904155], [-9321027.531799998, 5282751.451528637]]], [[[-9320792.026499996, 5282750.035433468], [-9320749.925000003, 5282751.067014752], [-9320749.3357, 5282730.599298264], [-9320791.3471, 5282729.153011954], [-9320792.026499996, 5282750.035433468]]], [[[-9320711.284100002, 5282835.28322942], [-9320752.549699998, 5282834.0158978915], [-9320753.311399994, 5282849.819329772], [-9320753.835599994, 5282866.37604642], [-9320712.156599998, 5282867.816653355], [-9320711.709999999, 5282850.925741391], [-9320711.284100002, 5282835.28322942]]], [[[-9320821.449399998, 5282882.818176336], [-9320861.792899994, 5282881.149491552], [-9320862.307799995, 5282897.123708358], [-9320821.885099998, 5282899.043288757], [-9320821.449399998, 5282882.818176336]]], [[[-9320643.8854, 5282887.012456947], [-9320643.354299996, 5282870.03993891], [-9320687.033400001, 5282868.732850663], [-9320687.473099995, 5282885.207563159], [-9320688.000199996, 5282901.930680425], [-9320644.409599999, 5282903.569273705], [-9320643.8854, 5282887.012456947]]], [[[-9320630.923600001, 5282396.3561481675], [-9320589.5822, 5282397.957176236], [-9320588.907399999, 5282377.325058035], [-9320630.255500002, 5282376.140329177], [-9320630.923600001, 5282396.3561481675]]], [[[-9320512.8064, 5282451.253735881], [-9320513.2882, 5282460.235455941], [-9320513.333199997, 5282467.976050425], [-9320457.734400002, 5282468.147731504], [-9320457.4031, 5282453.1701271115], [-9320512.8064, 5282451.253735881]]], [[[-9320633.053399997, 5282479.643189466], [-9320633.5675, 5282500.610899467], [-9320592.8872, 5282501.951367014], [-9320592.456399996, 5282480.982062727], [-9320633.053399997, 5282479.643189466]]], [[[-9320638.0654, 5282671.512101916], [-9320598.301099999, 5282672.920524645], [-9320597.547099998, 5282652.538899051], [-9320637.488799997, 5282651.793585859], [-9320638.0654, 5282671.512101916]]], [[[-9320639.6895, 5282734.332440738], [-9320600.241299996, 5282734.736683491], [-9320599.492799997, 5282714.687857215], [-9320639.2695, 5282714.028434359], [-9320639.6895, 5282734.332440738]]], [[[-9320642.1202, 5282820.697308821], [-9320602.926699994, 5282821.430465934], [-9320601.6108, 5282787.239717549], [-9320641.370599996, 5282795.5706857955], [-9320642.1202, 5282820.697308821]]], [[[-9320468.994, 5282826.396364814], [-9320522.735200003, 5282824.507374264], [-9320523.083100002, 5282840.484280685], [-9320523.511499995, 5282856.293093236], [-9320469.8493, 5282857.931287903], [-9320469.512399996, 5282842.620081554], [-9320468.994, 5282826.396364814]]], [[[-9320527.0011, 5282984.886448435], [-9320474.061699998, 5282986.6387320105], [-9320473.085800001, 5282967.925188535], [-9320526.497600002, 5282966.207878912], [-9320527.0011, 5282984.886448435]]], [[[-9320607.878799995, 5282979.593527752], [-9320648.233899996, 5282978.5914399745], [-9320648.845599996, 5282995.396662479], [-9320608.239399996, 5282996.319535823], [-9320607.878799995, 5282979.593527752]]], [[[-9320528.735599997, 5283049.251036036], [-9320475.787199998, 5283050.624983457], [-9320475.451799996, 5283035.396974932], [-9320475.0916, 5283018.67076708], [-9320474.398499997, 5283001.950139328], [-9320527.421999998, 5283000.506642672], [-9320527.859500002, 5283016.740624585], [-9320528.323399998, 5283033.956567103], [-9320528.735599997, 5283049.251036036]]], [[[-9320585.402299998, 5283064.875117047], [-9320529.195599994, 5283066.317019525], [-9320528.735599997, 5283049.251036036], [-9320584.9599, 5283048.233603516], [-9320585.402299998, 5283064.875117047]]], [[[-9320451.7086, 5283084.488119728], [-9320452.068699997, 5283101.2142287865], [-9320396.491100002, 5283102.883810622], [-9320396.051900001, 5283086.408497523], [-9320451.7086, 5283084.488119728]]], [[[-9320653.481700001, 5283129.426834101], [-9320612.460199999, 5283130.439782867], [-9320611.923699997, 5283113.133763763], [-9320652.7745, 5283111.873805383], [-9320653.481700001, 5283129.426834101]]], [[[-9320587.351699999, 5283132.271181454], [-9320531.004899995, 5283133.457804193], [-9320530.5452, 5283116.402381751], [-9320586.8886, 5283114.381167394], [-9320587.351699999, 5283132.271181454]]], [[[-9320252.211000001, 5282194.137091856], [-9320269.9122, 5282183.247551913], [-9320285.9903, 5282173.356512163], [-9320307.435199996, 5282208.0193423135], [-9320290.865399998, 5282217.699143913], [-9320273.488199996, 5282228.890794954], [-9320252.211000001, 5282194.137091856]]], [[[-9320089.196699996, 5282295.864040131], [-9320107.7061, 5282284.461349353], [-9320128.827200001, 5282319.514076827], [-9320111.362199998, 5282330.457125012], [-9320093.560300002, 5282341.156153014], [-9320072.2874, 5282306.280785537], [-9320089.196699996, 5282295.864040131]]], [[[-9320076.257500002, 5282351.846711652], [-9320058.950799998, 5282362.287769871], [-9320037.085599996, 5282327.966404532], [-9320054.555300001, 5282317.204503306], [-9320076.257500002, 5282351.846711652]]], [[[-9319965.955399996, 5282419.670098348], [-9319964.608099999, 5282420.530994707], [-9319953.244200002, 5282427.96031114], [-9319931.195799999, 5282393.197435773], [-9319942.644700002, 5282386.144662044], [-9319955.0104, 5282378.52722405], [-9319973.152199997, 5282367.351414596], [-9319993.739299996, 5282402.362594104], [-9319979.739299998, 5282410.934889865], [-9319975.974799996, 5282413.267879138], [-9319965.955399996, 5282419.670098348]]], [[[-9319863.164099997, 5282483.1368943965], [-9319851.441099996, 5282490.3812778955], [-9319830.0765, 5282454.444034546], [-9319842.2732, 5282447.006148849], [-9319853.636000002, 5282440.077029047], [-9319865.701699996, 5282432.719254612], [-9319878.173999997, 5282425.113275036], [-9319899.3156, 5282460.795935371], [-9319890.846699998, 5282466.029567658], [-9319887.213999996, 5282468.274474579], [-9319877.0901, 5282474.530819958], [-9319875.197, 5282475.70080207], [-9319870.3789, 5282478.678068793], [-9319863.164099997, 5282483.1368943965]]], [[[-9320115.128099998, 5282452.589121693], [-9320132.099499999, 5282441.986943598], [-9320154.056500003, 5282476.894697992], [-9320118.757500002, 5282499.093669175], [-9320097.919400001, 5282463.94428529], [-9320115.128099998, 5282452.589121693]]], [[[-9320242.431900002, 5282500.095258384], [-9320224.800400002, 5282511.041596235], [-9320203.137099998, 5282476.088902937], [-9320220.875700003, 5282464.910402354], [-9320242.431900002, 5282500.095258384]]], [[[-9320302.279, 5282682.391582238], [-9320261.5084, 5282683.232351327], [-9320260.817700002, 5282662.435721633], [-9320301.627499998, 5282661.594454335], [-9320302.279, 5282682.391582238]]], [[[-9320262.1991, 5282704.028283881], [-9320302.930400003, 5282703.188810093], [-9320303.553600002, 5282723.084587919], [-9320262.5366, 5282714.190350662], [-9320262.1991, 5282704.028283881]]], [[[-9320333.6848, 5282813.569503235], [-9320388.418899998, 5282811.33176985], [-9320388.948099999, 5282828.2211866835], [-9320334.287499998, 5282829.875024928], [-9320333.6848, 5282813.569503235]]], [[[-9320392.611799998, 5282943.951506607], [-9320337.781199995, 5282945.4417347675], [-9320337.263099996, 5282929.217817462], [-9320336.995800002, 5282913.073114801], [-9320336.3876, 5282896.434492805], [-9320390.874, 5282894.2841442805], [-9320446.369999994, 5282892.78255714], [-9320446.805099996, 5282909.007868964], [-9320446.830799995, 5282915.583664921], [-9320391.757700002, 5282917.494277669], [-9320392.164399996, 5282926.977293933], [-9320392.611799998, 5282943.951506607]]], [[[-9320230.742900003, 5283041.610975689], [-9320272.176, 5283040.342946484], [-9320272.609399999, 5283056.485159695], [-9320231.425899994, 5283057.74920329], [-9320230.742900003, 5283041.610975689]]], [[[-9320341.531699998, 5283071.494456842], [-9320395.779100003, 5283069.930593961], [-9320396.051900001, 5283086.408497523], [-9320342.137199994, 5283087.96678052], [-9320341.531699998, 5283071.494456842]]], [[[-9320416.950399997, 5283152.075794486], [-9320417.877899995, 5283193.017219541], [-9320399.240799999, 5283193.575606815], [-9320397.973599996, 5283152.223462214], [-9320379.835999995, 5283152.773579285], [-9320381.269499997, 5283194.122834327], [-9320362.380099995, 5283194.518707391], [-9320361.370899996, 5283153.661877369], [-9320343.980899995, 5283154.116139954], [-9320343.132599998, 5283138.063801564], [-9320397.3763, 5283136.250338303], [-9320453.201199993, 5283134.410569881], [-9320453.6376, 5283150.7192841], [-9320435.414000003, 5283151.104196675], [-9320416.950399997, 5283152.075794486]]]]}, "properties": {"Group": 75, "Chld_Rt": 0.135004525517034, "Med_Income": 25844.5, "Bay_Ld_Est": 9.591059711967693}}, {"type": "Feature", "geometry": {"type": "MultiPolygon", "coordinates": [[[[-9317878.125799997, 5290520.153551469], [-9317878.941899998, 5290564.146228898], [-9317861.050999997, 5290564.425723059], [-9317860.78, 5290520.382527417], [-9317878.125799997, 5290520.153551469]]], [[[-9317794.2349, 5290565.468868951], [-9317777.3984, 5290565.731822632], [-9317776.842300002, 5290521.48984235], [-9317779.028900001, 5290521.46094635], [-9317793.4968, 5290521.2701330595], [-9317802.015299996, 5290521.157837195], [-9317802.378099997, 5290565.3418261595], [-9317794.2349, 5290565.468868951]]], [[[-9317955.667500002, 5290588.459928458], [-9317955.6934, 5290609.86360102], [-9317914.819299996, 5290610.427671045], [-9317914.774799999, 5290588.912798665], [-9317955.667500002, 5290588.459928458]]], [[[-9317828.116399996, 5290589.8721461585], [-9317828.672, 5290632.099379382], [-9317812.6919, 5290632.318690133], [-9317811.893399999, 5290590.051500697], [-9317828.116399996, 5290589.8721461585]]], [[[-9317837.882999998, 5290673.832890776], [-9317837.346699996, 5290631.980507184], [-9317845.844500002, 5290631.863926723], [-9317862.915699996, 5290631.629669766], [-9317863.469399998, 5290673.510351506], [-9317846.229900002, 5290673.727769068], [-9317837.882999998, 5290673.832890776]]], [[[-9317848.7976, 5290698.913532371], [-9317882.389199996, 5290698.421403403], [-9317882.834299998, 5290739.728850201], [-9317866.242799994, 5290739.984829004], [-9317849.133, 5290740.248878779], [-9317848.7976, 5290698.913532371]]], [[[-9317916.333799997, 5290878.338146235], [-9317957.892, 5290877.435295211], [-9317958.344500002, 5290896.033667619], [-9317916.5184, 5290896.55738299], [-9317899.926900001, 5290896.764936105], [-9317899.806199994, 5290846.984276005], [-9317916.0146, 5290846.846172978], [-9317915.982499998, 5290843.677077292], [-9317957.0731, 5290843.778910842], [-9317957.483900001, 5290860.667834378], [-9317916.155699996, 5290860.761895884], [-9317916.333799997, 5290878.338146235]]], [[[-9317747.611899998, 5290848.280411716], [-9317765.753499994, 5290848.12606715], [-9317766.3723, 5290898.435823302], [-9317747.947099999, 5290898.6661943], [-9317747.611899998, 5290848.280411716]]], [[[-9317901.246199999, 5290979.92827011], [-9317898.753100002, 5290929.795673264], [-9317916.326899998, 5290929.556832745], [-9317916.779499995, 5290954.465398521], [-9317917.238999998, 5290979.753399391], [-9317909.409199996, 5290979.839091023], [-9317901.246199999, 5290979.92827011]]], [[[-9317843.056899998, 5291034.132218295], [-9317842.689599996, 5290980.568466368], [-9317850.103299996, 5290980.487457871], [-9317849.7772, 5290930.461576994], [-9317866.769099997, 5290930.230608132], [-9317867.3448, 5290980.298936267], [-9317858.765399998, 5290980.392698868], [-9317859.382399999, 5291033.953860112], [-9317843.056899998, 5291034.132218295]]], [[[-9317769.490299998, 5291163.848047732], [-9317768.874699999, 5291110.3907075105], [-9317777.54, 5291110.180663349], [-9317794.448599996, 5291109.770240203], [-9317794.8988, 5291163.367277727], [-9317778.073400002, 5291163.685632174], [-9317769.490299998, 5291163.848047732]]], [[[-9317862.7561, 5291297.681075447], [-9317847.767999997, 5291297.968541069], [-9317846.7275, 5291238.775633586], [-9317845.8188, 5291187.071481704], [-9317861.3096, 5291186.778834745], [-9317861.9842, 5291238.500822443], [-9317862.7561, 5291297.681075447]]], [[[-9317963.509399997, 5291236.671205962], [-9317959.3558, 5291236.746036694], [-9317960.289999997, 5291295.809410179], [-9317947.710699998, 5291296.050941087], [-9317930.882199997, 5291296.373779434], [-9317914.143099997, 5291296.695123162], [-9317912.975099998, 5291237.582028546], [-9317929.988299996, 5291237.275431766], [-9317946.764199998, 5291236.9731195755], [-9317945.934499998, 5291185.180187229], [-9317962.7562, 5291184.862330986], [-9317963.509399997, 5291236.671205962]]], [[[-9317795.1378, 5291239.704989494], [-9317812.004299996, 5291239.401083039], [-9317812.859899996, 5291298.63803208], [-9317795.954999994, 5291298.962165751], [-9317795.1378, 5291239.704989494]]], [[[-9317696.410200002, 5290523.314675043], [-9317696.837099997, 5290567.054163765], [-9317675.597899998, 5290567.353685839], [-9317675.122399999, 5290523.543949921], [-9317696.410200002, 5290523.314675043]]], [[[-9317591.208099997, 5290524.446601412], [-9317591.5558, 5290568.538222911], [-9317573.4793, 5290568.792906343], [-9317572.7359, 5290524.645286367], [-9317591.208099997, 5290524.446601412]]], [[[-9317593.629999999, 5290701.65157892], [-9317594.008700002, 5290742.705239103], [-9317577.094600001, 5290742.9112975625], [-9317577.576999998, 5290785.909062915], [-9317561.4145, 5290786.051450514], [-9317544.091199996, 5290786.203802251], [-9317543.2327, 5290743.323713419], [-9317560.635699999, 5290743.111776104], [-9317559.889499996, 5290701.960168384], [-9317576.633499999, 5290701.807119172], [-9317593.629999999, 5290701.65157892]]], [[[-9317511.031699998, 5290743.71590205], [-9317511.9289, 5290786.486883534], [-9317495.1886, 5290786.633954282], [-9317494.541800002, 5290743.916679522], [-9317511.031699998, 5290743.71590205]]], [[[-9317595.754999997, 5290850.567780386], [-9317578.7154, 5290850.801140615], [-9317577.985199999, 5290810.267904186], [-9317594.993299998, 5290810.123922319], [-9317595.754999997, 5290850.567780386]]], [[[-9317475.772999996, 5290811.133489268], [-9317494.854300002, 5290810.971970505], [-9317495.4326, 5290851.94133751], [-9317476.694299998, 5290852.19781455], [-9317475.772999996, 5290811.133489268]]], [[[-9317725.1601, 5290981.852246687], [-9317718.413200002, 5290981.925881711], [-9317707.917799998, 5290982.040568997], [-9317700.255099999, 5290982.1240685275], [-9317692.091999995, 5290982.213247619], [-9317677.305299995, 5290982.37456711], [-9317676.695200002, 5290932.812616679], [-9317699.934699994, 5290932.497052246], [-9317718.093, 5290932.250638981], [-9317733.8343, 5290932.0368084535], [-9317749.326700002, 5290931.826365741], [-9317750.148699997, 5290981.579428422], [-9317741.236200001, 5290981.676778101], [-9317734.655699996, 5290981.748519936], [-9317725.1601, 5290981.852246687]]], [[[-9317463.965, 5290935.5754744345], [-9317479.624, 5290935.355266865], [-9317479.858800001, 5290984.8100032], [-9317471.112999996, 5290984.910342128], [-9317464.782499997, 5290984.982980744], [-9317463.965, 5290935.5754744345]]], [[[-9317447.556199998, 5290935.806144368], [-9317447.8737, 5290985.177281546], [-9317438.8778, 5290985.280510096], [-9317426.4703, 5290985.422798054], [-9317425.984500002, 5290936.109253619], [-9317447.556199998, 5290935.806144368]]], [[[-9317290.9681, 5290938.05833977], [-9317307.794700002, 5290937.89333354], [-9317308.023599999, 5290986.855542337], [-9317304.189900002, 5290986.88882257], [-9317291.196300002, 5290987.001815976], [-9317290.9681, 5290938.05833977]]], [[[-9317598.220599998, 5290983.450395751], [-9317605.134100001, 5290983.370782234], [-9317604.831099998, 5291036.727678643], [-9317589.254899995, 5291036.918193095], [-9317588.891500002, 5290983.55741065], [-9317598.220599998, 5290983.450395751]]], [[[-9317727.067299997, 5291111.404858202], [-9317710.078500003, 5291111.8167759525], [-9317709.5512, 5291058.833033683], [-9317726.543099998, 5291058.64770058], [-9317727.067299997, 5291111.404858202]]]]}, "properties": {"Group": 76, "Chld_Rt": 0.026109660506241, "Med_Income": 23604.333333333332, "Bay_Ld_Est": 3.7139997940686}}, {"type": "Feature", "geometry": {"type": "MultiPolygon", "coordinates": [[[[-9313357.469699996, 5283484.31546116], [-9313402.735600002, 5283483.147570585], [-9313402.7834, 5283486.893867827], [-9313403.098299997, 5283507.788158786], [-9313358.073099997, 5283508.697879908], [-9313358.596800001, 5283528.41880036], [-9313358.6971, 5283533.662500697], [-9313312.025499998, 5283535.129214277], [-9313311.922399998, 5283529.802513089], [-9313311.5419, 5283509.4101128215], [-9313311.304599997, 5283505.004192988], [-9313310.965999998, 5283488.191889363], [-9313357.5, 5283487.562657303], [-9313357.469699996, 5283484.31546116]]], [[[-9313199.087799998, 5283594.551143664], [-9313197.903599998, 5283572.60444441], [-9313244.578199996, 5283571.221229825], [-9313244.490399996, 5283573.473213167], [-9313245.0911, 5283593.024944411], [-9313199.087799998, 5283594.551143664]]], [[[-9313501.864999998, 5283671.657438506], [-9313544.785300002, 5283670.071056061], [-9313545.622899998, 5283691.613713193], [-9313502.435599998, 5283692.709663237], [-9313501.864999998, 5283671.657438506]]], [[[-9313254.475299997, 5283720.795538221], [-9313272.122099996, 5283720.511362423], [-9313272.885299997, 5283766.12765687], [-9313255.2384, 5283766.411832676], [-9313254.475299997, 5283720.795538221]]], [[[-9313362.689099997, 5283792.886017884], [-9313408.4847, 5283792.532292726], [-9313409.138599994, 5283808.834339287], [-9313363.065499997, 5283810.780325871], [-9313362.689099997, 5283792.886017884]]], [[[-9313364.115400001, 5283871.712524918], [-9313364.215499997, 5283876.956425921], [-9313345.825699998, 5283877.433506524], [-9313344.637399996, 5283831.5817567315], [-9313363.4518, 5283831.339629373], [-9313363.911499998, 5283849.231048301], [-9313364.173900003, 5283868.628738875], [-9313364.115400001, 5283871.712524918]]], [[[-9313180.074399998, 5283615.2890001945], [-9313118.5783, 5283616.773549588], [-9313102.6785, 5283616.996645496], [-9313102.146199998, 5283601.77331345], [-9313101.8593, 5283595.95309074], [-9313118.160400001, 5283595.299745536], [-9313179.5046, 5283594.236776703], [-9313180.074399998, 5283615.2890001945]]], [[[-9313182.1383, 5283762.389429736], [-9313131.418699997, 5283764.829933966], [-9313130.821099998, 5283745.360902064], [-9313181.469, 5283743.256187663], [-9313182.1383, 5283762.389429736]]], [[[-9313131.944799995, 5283784.634656306], [-9313182.9665, 5283783.682786902], [-9313183.372799996, 5283804.824490973], [-9313132.7989, 5283806.676815109], [-9313131.944799995, 5283784.634656306]]], [[[-9313059.945399994, 5283850.2037427025], [-9313010.919799997, 5283851.08516603], [-9313009.925600002, 5283829.797487297], [-9313059.246099995, 5283827.823003395], [-9313059.945399994, 5283850.2037427025]]], [[[-9312625.399099998, 5283925.525683523], [-9312679.3214, 5283924.142368926], [-9312679.863999998, 5283944.446493887], [-9312625.952999996, 5283946.162708753], [-9312571.439499998, 5283947.316849303], [-9312571.235599998, 5283927.167366963], [-9312625.399099998, 5283925.525683523]]], [[[-9313088.285299998, 5284000.886887235], [-9313139.995799998, 5283998.162107066], [-9313140.396299997, 5284019.137812886], [-9313088.983499998, 5284020.852632883], [-9313088.285299998, 5284000.886887235]]], [[[-9312507.174699996, 5284108.149229152], [-9312549.684000002, 5284106.665177401], [-9312549.991299998, 5284127.394473001], [-9312507.883399999, 5284128.448076016], [-9312507.174699996, 5284108.149229152]]], [[[-9312165.197200002, 5284388.279820684], [-9312102.1391, 5284389.710365567], [-9312099.238799997, 5284305.527031143], [-9312120.206000002, 5284304.85086781], [-9312122.1838, 5284366.356822551], [-9312164.3891, 5284365.248915023], [-9312165.197200002, 5284388.279820684]]]]}, "properties": {"Group": 77, "Chld_Rt": 0.136734937939899, "Med_Income": 36510.9375, "Bay_Ld_Est": 5.318169816767996}}, {"type": "Feature", "geometry": {"type": "MultiPolygon", "coordinates": [[[[-9312298.765299998, 5290008.12785963], [-9312298.769799998, 5289984.05191525], [-9312342.247599997, 5289983.582803719], [-9312342.3627, 5290007.324650586], [-9312342.448799994, 5290025.068087603], [-9312298.762, 5290025.651188872], [-9312298.765299998, 5290008.12785963]]], [[[-9312150.6321, 5290424.195294991], [-9312150.854299998, 5290467.852078008], [-9312110.626900002, 5290468.274358272], [-9312110.5201, 5290447.256399897], [-9312110.406199997, 5290424.858408492], [-9312150.6321, 5290424.195294991]]], [[[-9311339.506099995, 5290411.865469233], [-9311362.3382, 5290411.710128294], [-9311364.807800002, 5290524.69281532], [-9311342.150599997, 5290524.968622729], [-9311319.5841, 5290525.243035166], [-9311297.5117, 5290525.511469111], [-9311295.0718, 5290412.16768159], [-9311317.5261, 5290412.01483169], [-9311339.506099995, 5290411.865469233]]], [[[-9312283.950599996, 5290812.62243111], [-9312261.879099999, 5290812.979446345], [-9312261.0582, 5290769.031898052], [-9312283.349699996, 5290768.643695063], [-9312283.950599996, 5290812.62243111]]]]}, "properties": {"Group": 78, "Chld_Rt": 0.139633465021435, "Med_Income": 23873.25, "Bay_Ld_Est": 7.354552266955638}}, {"type": "Feature", "geometry": {"type": "MultiPolygon", "coordinates": [[[[-9314774.756899998, 5286625.826537552], [-9314628.7751, 5286672.220035148], [-9314593.977199996, 5286577.889999501], [-9314607.351999998, 5286569.885730132], [-9314728.590599999, 5286497.327779446], [-9314774.756899998, 5286625.826537552]]], [[[-9315100.815399999, 5286880.196854384], [-9315101.481200002, 5286927.851219914], [-9315090.9499, 5286928.052495003], [-9315090.0778, 5286880.354685919], [-9315100.815399999, 5286880.196854384]]], [[[-9314766.9332, 5286883.908386665], [-9314787.762499997, 5286883.894436915], [-9314788.065599995, 5286924.418483392], [-9314788.1434, 5286934.815437384], [-9314767.696599998, 5286934.704038594], [-9314766.9332, 5286883.908386665]]], [[[-9314978.311099999, 5286980.339876053], [-9314955.921899999, 5286980.893581835], [-9314954.819199996, 5286929.908311032], [-9314977.851799998, 5286929.301396914], [-9314978.311099999, 5286980.339876053]]], [[[-9314913.584699996, 5286930.994698259], [-9314934.1076, 5286930.454045492], [-9314934.610700002, 5286981.4205837855], [-9314914.219299996, 5286981.924967201], [-9314913.584699996, 5286930.994698259]]], [[[-9314623.2756, 5286954.104067038], [-9314644.4705, 5286953.644621786], [-9314644.865599997, 5286985.346544088], [-9314643.269200003, 5286985.355013579], [-9314623.115199998, 5286985.42705412], [-9314623.2756, 5286954.104067038]]], [[[-9314892.246399999, 5287052.570333346], [-9314891.4596, 5287002.651817712], [-9314912.188699998, 5287002.2562424], [-9314913.141299998, 5287052.160310053], [-9314892.246399999, 5287052.570333346]]], [[[-9314788.9751, 5287104.973203498], [-9314788.6803, 5287054.5652485825], [-9314809.3722, 5287054.361382807], [-9314809.796699999, 5287104.899867616], [-9314788.9751, 5287104.973203498]]], [[[-9314691.927099999, 5287162.542469247], [-9314707.840899998, 5287162.292967815], [-9314708.739499995, 5287198.398535827], [-9314692.5681, 5287198.4984758925], [-9314691.927099999, 5287162.542469247]]], [[[-9314979.705400001, 5287223.503024144], [-9314956.723799998, 5287223.61830895], [-9314956.413199997, 5287208.040411369], [-9314979.546999998, 5287207.519686713], [-9314979.705400001, 5287223.503024144]]], [[[-9314982.282299997, 5287420.627812905], [-9314981.3684, 5287364.279239603], [-9315090.343500001, 5287364.841913248], [-9315087.5939, 5287370.415640619], [-9315001.200799998, 5287460.483682461], [-9314976.122, 5287449.803942622], [-9314952.447999997, 5287410.503971466], [-9314942.128499998, 5287393.436834777], [-9314941.682699997, 5287364.084241833], [-9314976.788700001, 5287364.256820332], [-9314977.388300002, 5287420.849913063], [-9314982.282299997, 5287420.627812905]]], [[[-9314580.850600002, 5287654.24262799], [-9314580.949399997, 5287696.21039969], [-9314564.633099997, 5287696.6056762915], [-9314546.2356, 5287697.051470973], [-9314546.136999998, 5287655.154643754], [-9314529.489800002, 5287655.641092019], [-9314529.103100002, 5287612.168939068], [-9314546.083299998, 5287611.674220602], [-9314558.657399999, 5287611.536317212], [-9314575.0339, 5287654.454564786], [-9314580.850600002, 5287654.24262799]]], [[[-9314678.161299998, 5287695.979032862], [-9314702.397300001, 5287674.630011703], [-9314708.051800001, 5287678.52010327], [-9314715.862699999, 5287681.952742159], [-9314698.881799998, 5287710.974932119], [-9314678.161299998, 5287695.979032862]]], [[[-9314776.236399999, 5287739.528410535], [-9314789.671599995, 5287726.4690374965], [-9314802.836099999, 5287713.686567432], [-9314816.541900001, 5287700.3503914215], [-9314829.977099996, 5287687.291018775], [-9314822.947299998, 5287706.236595005], [-9314815.859499998, 5287725.499130152], [-9314808.887900002, 5287744.128047223], [-9314802.932799999, 5287760.177254096], [-9314798.769499999, 5287760.235643835], [-9314776.236399999, 5287739.528410535]]], [[[-9314544.678699998, 5286986.29104239], [-9314537.931999996, 5286986.324920385], [-9314531.444000002, 5286986.534565322], [-9314531.079900002, 5286937.615054205], [-9314537.168699998, 5286937.617345945], [-9314543.662199995, 5286937.460012602], [-9314551.892600002, 5286937.260730346], [-9314558.977599995, 5286937.089048671], [-9314559.140099999, 5286950.247556708], [-9314559.306800002, 5286963.740360863], [-9314559.584599996, 5286986.216710107], [-9314544.678699998, 5286986.29104239]]], [[[-9314320.0366, 5287562.998408237], [-9314314.609199995, 5287563.55181533], [-9314310.278999997, 5287560.158236104], [-9314306.920599999, 5287593.475257118], [-9314290.693699995, 5287594.117743442], [-9314289.8228, 5287551.240550016], [-9314304.075599996, 5287548.043363565], [-9314336.826600002, 5287514.451931933], [-9314340.827699998, 5287518.020182028], [-9314345.515099995, 5287522.404692638], [-9314320.0366, 5287562.998408237]]], [[[-9314441.3905, 5287522.58245249], [-9314473.315199997, 5287566.50667447], [-9314447.572499994, 5287568.221897712], [-9314426.328000002, 5287530.027541452], [-9314441.3905, 5287522.58245249]]], [[[-9314593.137599995, 5287546.06179949], [-9314547.979699995, 5287586.805475795], [-9314535.258199995, 5287570.537558698], [-9314579.934799997, 5287530.555241118], [-9314593.137599995, 5287546.06179949]]], [[[-9314500.125899995, 5287550.647386078], [-9314509.682999998, 5287549.7495194385], [-9314509.9425, 5287587.976857512], [-9314494.036599997, 5287588.112170231], [-9314496.1645, 5287552.159440953], [-9314500.125899995, 5287550.647386078]]], [[[-9314324.335599998, 5287569.647165126], [-9314320.0366, 5287562.998408237], [-9314338.409299996, 5287562.642689232], [-9314338.500100002, 5287574.624341638], [-9314338.637199994, 5287592.707721099], [-9314324.1545, 5287593.141459156], [-9314324.335599998, 5287569.647165126]]], [[[-9314429.6776, 5287658.058486819], [-9314446.3269, 5287657.655338582], [-9314462.557899997, 5287657.178954075], [-9314479.538, 5287656.6845345115], [-9314480.143899994, 5287698.902206403], [-9314463.0844, 5287699.565218869], [-9314446.930600002, 5287699.789710466], [-9314430.612300001, 5287700.101487735], [-9314429.6776, 5287658.058486819]]], [[[-9314364.575199999, 5287772.920964181], [-9314361.823300002, 5287728.172602934], [-9314379.473600002, 5287727.828641533], [-9314380.638999999, 5287772.5322638815], [-9314381.588799996, 5287818.657070173], [-9314365.147599997, 5287819.055037112], [-9314364.575199999, 5287772.920964181]]], [[[-9314331.632199997, 5287819.533115578], [-9314330.946399996, 5287773.9849328445], [-9314347.011100002, 5287773.512733242], [-9314348.373099998, 5287819.461074991], [-9314331.632199997, 5287819.533115578]]], [[[-9314457.489899999, 5287889.344729717], [-9314456.8, 5287848.961944338], [-9314473.451999998, 5287848.677369066], [-9314474.225199996, 5287889.058859107], [-9314457.489899999, 5287889.344729717]]], [[[-9314054.455100002, 5287224.749036743], [-9314054.392599998, 5287232.496933461], [-9314054.709199999, 5287242.151364046], [-9314054.937099999, 5287258.471688277], [-9314039.2934, 5287259.099527196], [-9314022.977900002, 5287259.49400653], [-9314021.708199997, 5287217.294383983], [-9314038.3568, 5287216.892033018], [-9314053.9942, 5287216.014194479], [-9314054.455100002, 5287224.749036743]]], [[[-9314032.9187, 5287284.825279303], [-9314045.238699997, 5287284.527451879], [-9314046.207, 5287331.482550615], [-9314041.705900002, 5287331.341458726], [-9314033.882999996, 5287331.613778024], [-9314032.9187, 5287284.825279303]]], [[[-9314058.837999996, 5287330.260949996], [-9314058.868300002, 5287321.181049672], [-9314108.322799997, 5287320.318555794], [-9314108.920100002, 5287338.129313498], [-9314059.396299994, 5287339.576601358], [-9314058.837999996, 5287330.260949996]]], [[[-9314203.607299997, 5287482.107410788], [-9314182.719000002, 5287482.862491585], [-9314185.347899994, 5287474.469317159], [-9314188.768999998, 5287464.390911669], [-9314206.201599997, 5287413.7416118765], [-9314227.4617, 5287421.473666779], [-9314214.6762, 5287454.18526448], [-9314203.607299997, 5287482.107410788]]], [[[-9314079.009599999, 5287441.139943702], [-9314079.636999995, 5287463.61540443], [-9314080.250700003, 5287485.590268311], [-9314063.764199996, 5287485.82223296], [-9314064.3716, 5287441.86762315], [-9314079.009599999, 5287441.139943702]]], [[[-9314273.3363, 5287551.472913233], [-9314256.4375, 5287551.881840627], [-9314254.9747, 5287505.187395227], [-9314271.702799994, 5287504.616152392], [-9314273.3363, 5287551.472913233]]], [[[-9314140.041199999, 5287568.775504102], [-9314156.5532, 5287568.499498028], [-9314173.397199998, 5287568.217912057], [-9314173.816699997, 5287596.945261227], [-9314157.2528, 5287597.429218428], [-9314140.855399998, 5287597.908990705], [-9314140.041199999, 5287568.775504102]]], [[[-9314195.119499998, 5287706.30046501], [-9314178.721999997, 5287706.780436622], [-9314177.977099998, 5287665.648753751], [-9314194.4659, 5287665.499889831], [-9314195.119499998, 5287706.30046501]]], [[[-9314145.232999995, 5287734.162433476], [-9314159.218399994, 5287733.824350915], [-9314170.54, 5287733.550536919], [-9314171.286399998, 5287778.088356511], [-9314161.2965, 5287778.422353792], [-9314153.133399999, 5287778.665777228], [-9314146.4805, 5287778.863963572], [-9314145.232999995, 5287734.162433476]]], [[[-9314248.036200002, 5287776.157708726], [-9314264.098899994, 5287775.602508001], [-9314264.461299999, 5287821.574962999], [-9314248.971300002, 5287821.699913061], [-9314248.036200002, 5287776.157708726]]], [[[-9314232.402999997, 5287822.017469551], [-9314214.007199999, 5287822.545767194], [-9314213.240799999, 5287777.082777585], [-9314231.471900001, 5287776.641765647], [-9314232.402999997, 5287822.017469551]]]]}, "properties": {"Group": 79, "Chld_Rt": 0.058678063245156, "Med_Income": 32438.731707317074, "Bay_Ld_Est": 9.537081339712918}}]}